path,bytes,sha256
.nojekyll,0,e3b0c44298fc1c149afbf4c8996fb92427ae41e4649b934ca495991b7852b855
404.html,706,1a4db5e7e7f79f44d1810f2afa9e83d319ed522eeb74f0546de42b0ef145c37c
CITATION.cff,993,5b080664b15c94eb79b47b411b32847057624b7c697df41c012c4e2af773fe97
explorer/app.css,16055,1d79b1e41021bad3801e2184c4379f783625d7a66fd0475909e36d2b06c437db
explorer/app.js,35282,10e8946413a616540748aeea572ec089f4eb0bac7cd1558da285497b72dc0b01
explorer/data/buildings.js,263075,2c4ad9d20ced181870197dbe6eb4d6e1950e0022f3aba0beb7e1a6aa72e7540a
explorer/data/links.js,134299,77976af5b8f48f169e535cfdbc281999691ecd6cd68cdb357681a80b69ff2ec2
explorer/data/pages.js,45769,6e9c8cb94fcbd6bfc5479309e9a58fd32ad4f24721777854100eeadfe0fe095b
explorer/data/photos.js,454160,b9a18c07eaa0ce3f164bd9140dd05fa75777490cb58b1abc5be4637879a8de02
explorer/data/sections.js,30620,927baaffa535a77c3c158a1ceca7287d8d524760f6c305f460110dbe481f6e69
explorer/data/simplification.js,27284,0b2cceb00182281b5e32616870584bbe10e0d8ea42abec3c45624129274f25c9
explorer/data/sources.js,17718,001f42c4649b5f89278a772647a1081bf45de9b92e7538424960c2cae7e7fe65
explorer/data/statements.js,1989254,dd8b55d5542f918762b267ffe47e68fadc6421cf12aceddb4574a9bad68e5519
explorer/data/stats.js,373499,da29d3fd750c45adf5565ff7b0cc91b39ac4af76fbbff2ba86e82b61baf3613c
explorer/data/topicgraph.js,157170,0cfb7d038c9256190503c3d62512a11c8e004704f67daf8cf9ee515b012b2afd
explorer/data/units.js,2346156,091b0bebb698ffd53200e40aa725dc00837df5bf52de3434c788a34dad7adc7c
explorer/data/vocab.js,35986,3efd8fe63e3c9f3288f7e030990308c25b2936824c08667566bc6a68680da60c
explorer/index.html,3602,c3551e13642ae474acffe148aff5aa1e557407aab08b5aa76fd5be35d2b11caf
explorer/network.js,11706,120689999e3a993771ebaf2df89e96dde114bce6d36debda161368c8ad55e06d
explorer/photosview.js,9941,703aad29c6c88d7ad572792bff54930a8beba977af4274cdaab01e03f978f7cd
explorer/simplifyview.js,7471,d52ed1c9275f08a0a087f1964229ea20cbf1db7e35c68990dca7c3d5c7374eec
explorer/stats.js,10009,8ca87996317c221ca9ec108a8416ecbde851fccfcdf14c28f96bb55727eafe00
explorer/vendor/a11y.js,1648,fe4d40cd5650a7def92b1ddab30027e3d208a4fe841320e92da972e0346776fd
explorer/vendor/d3.v7.min.js,279706,f2094bbf6141b359722c4fe454eb6c4b0f0e42cc10cc7af921fc158fceb86539
explorer/vendor/fonts/Mulish-normal-latin-ext.woff2,26820,e1ccc8579a0437969464ba8bb1bb5e423306fa16746521d1f05040243b9a7a58
explorer/vendor/fonts/Mulish-normal-latin.woff2,29968,8d1d33d6beea5a722b8f336d79c61c07405949457e37b5e65454c72dc10aba1a
explorer/vendor/fonts/Piazzolla-italic-latin-ext.woff2,40308,8d2558e84ebea4bacd32b39940579953cee3efe113c7b501882ade82fa888369
explorer/vendor/fonts/Piazzolla-italic-latin.woff2,54608,a649826fa43a25cf2dc44afa70df78fea1db1322ee10697e583443fb74f09f81
explorer/vendor/fonts/Piazzolla-normal-latin-ext.woff2,38304,f2618a9735072658cd423a5e1f2a492ddb4ca25f5c0ef5ede57f3b25c6cf5697
explorer/vendor/fonts/Piazzolla-normal-latin.woff2,51444,68a923967d95c2be7dd1bea73162f8050b67ce628fc8e12af1d9f0f5bfa37bac
explorer/vendor/fonts.css,2404,3fd7d04e26e741a5a9bf604c724b9e6f05a809839b74c4916e4d17072b6996b1
explorer/vendor/theme.css,2595,6dffc6d133637482dabd452ce87fabfb3262def333805f330cd9f23a6df35583
img/photos/thumb/v4_p0041_x1.webp,6546,cc1a822696198b1c6808d065be424b653bcae14d25b0cc456d39e965843a0310
img/photos/thumb/v4_p0041_x2.webp,7420,0df7b533a0e9b8c4688ecf799bd5faaffe46851acc5dd7610badf6b20bda12f2
img/photos/thumb/v4_p0042_x1.webp,6290,d4ea6bee1f644bf9dc5ccbdc9236336f7ab8bd36b8a940b2790f6108fda22f0e
img/photos/thumb/v4_p0042_x2.webp,7840,de5cdde41ca8947e7d9f83f5f9305533269f77daf4d2b2d50ef78801a68550b8
img/photos/thumb/v4_p0043_x1.webp,6768,b68081ba780e125ff98500c4b1a4cc709101e35b4c3c0133b668d39e170cb922
img/photos/thumb/v4_p0043_x2.webp,6932,04b18db4b65b45ef11dd93014f95677faef0ffca24bbb58f1f26dae4b1191981
img/photos/thumb/v4_p0044_x1.webp,5190,27a149b356d6975e022ace81bdffcff50d392df0b2207ceb70cb6dcf164b2046
img/photos/thumb/v4_p0044_x2.webp,4946,f55588c1ad97f90e656f3a43ea15a88f1087a4e09a75acbc8cb1e08037717ec1
img/photos/thumb/v4_p0045_x1.webp,3088,842c5763d9b042bdfa0dc592f15d4572ecebd46ad2defaedb9ef25ba8e84b84d
img/photos/thumb/v4_p0045_x2.webp,3958,bf90effe0ef905135a175e69e15db1cc798118dcad9f1ccf1b9ea87218e3d48d
img/photos/thumb/v4_p0046_x1.webp,6436,644ddc5032a30b307bfa402d38341a18af85f633fa9a9b658af0b40eef50419e
img/photos/thumb/v4_p0046_x2.webp,6250,5600cf2b5fef85bfb6485e2b2171437ff36cd8b7463412a9a63e02281ede3346
img/photos/thumb/v4_p0047_x1.webp,6580,66c68df8471c417e61717486b7736289f1d4a3658dc1c40a1035badbb60ca9ea
img/photos/thumb/v4_p0047_x2.webp,4938,014e07b4fb8121286fee20c8180f66a8be4418022d7832c27596da2776d35530
img/photos/thumb/v4_p0048_x1.webp,5856,25ed495bf41e86d5dd1e0ea0c10a9fc3be80a6a3c36224765c9a78d4e4bfc6ed
img/photos/thumb/v4_p0048_x2.webp,4864,54e233ab05783ac537ad52588210c9af1d267d4c3010efa035453222b33cc505
img/photos/thumb/v4_p0049_x1.webp,5810,bf85327b747eef078e63bc85e11628017167e06b3c005cc3b13e54521be9ca49
img/photos/thumb/v4_p0049_x2.webp,5898,2cae6a4dbf5039578b8f54d68eb9efb78c63b68641d092d02a597bba448fc2a2
img/photos/thumb/v4_p0050_x1.webp,7148,99aa4f39800323632630ac6ff13eb47d507b939941ed3488906d1f0601c0147e
img/photos/thumb/v4_p0050_x2.webp,10990,60df26d82429f57c43921fba548a5699aa1090ff19cc14554808eadd18b1d330
img/photos/thumb/v4_p0051_x1.webp,9304,9e825d138b379340daa9ee1599b0891757a28f6038e834603fda661397396a22
img/photos/thumb/v4_p0051_x2.webp,7066,b08ccf8efcabdbec7aa0a6cebede446aacb6baacaaa4726d44fb72b7320f9fc0
img/photos/thumb/v4_p0052_x1.webp,6926,8eea6a896c77d1a4650a472603f182ef0b7eb31119742adc170c2a4b0cc177b6
img/photos/thumb/v4_p0052_x2.webp,6394,588df2f271a88e73f85fdf460672d3a6c3b398598a44ca69115dd49d0200d0e5
img/photos/thumb/v4_p0053_x1.webp,6918,966f2265395eb570e549be2c7aa86c9e8043971c24aca6b2442e39b1ee148689
img/photos/thumb/v4_p0053_x2.webp,5560,4213ae49c5c231ad7e567fba7a47f3c2bfa605b3e7cab54244508cef2b093f89
img/photos/thumb/v4_p0054_x1.webp,5690,670afc9b39559c57694d1b372033ad63a4dd0957acd7a3c0dfb19dec4e898644
img/photos/thumb/v4_p0054_x2.webp,8988,02d05049485b17c695614c563c3fb2180d3adb6e3b083767e81579a2242225c1
img/photos/thumb/v4_p0055_x1.webp,5976,7868029be1cf0062a054e36fea32325f82eec4ae848d84a0339bd37c51ff82dc
img/photos/thumb/v4_p0055_x2.webp,7300,1e971a88ad02ed981d787ec5714f9326492adfca248079a0e84368159002b8be
img/photos/thumb/v4_p0056_x1.webp,7700,787480b9aedc7801226c2173fc33cb1715af89daff7b5f4f3dcfe64ab6ddc397
img/photos/thumb/v4_p0056_x2.webp,8092,6c847e275210f77045384d7d4e74f359dd69fdae48a2182ce94f6819b47db7e2
img/photos/thumb/v4_p0057_x1.webp,5434,65bc011fbef28d7e9c836ec3147cfe188edbd1ec6d2ed970438782b4252a01e1
img/photos/thumb/v4_p0057_x2.webp,4706,9486e7faf3b2b4a4488078a573af13fade5e1c6b09a48968182fb9069fab1e8d
img/photos/thumb/v4_p0058_x1.webp,6322,a827e85e18e7937911808ea8c087a6d90854ae668593e37ff103613d13f335c7
img/photos/thumb/v4_p0058_x2.webp,4542,7627dea170447cb39f19c0bd9f71c27e366c3c8be97295aa5fdc9991e8bf6f5f
img/photos/thumb/v4_p0059_x1.webp,6876,f1cdf15dfc4a320145a0b721ccdf652f2b615405f04557e51cff9feb769aa07e
img/photos/thumb/v4_p0059_x2.webp,8000,6cccd1979eb63bec89697f110df424e930d9a362c9835dfd863d5b9a3cee88bb
img/photos/thumb/v4_p0060_x1.webp,6826,263fee6047e379a3d6b4981564366a9ba862235772fbb9c43dc4af404d30c0fb
img/photos/thumb/v4_p0060_x2.webp,6102,d7506781c0c1b1a742f5ef8695347b643aea0b34f4b83704bf8b0c10529c7330
img/photos/thumb/v4_p0061_x1.webp,8530,0257b72af3c268408758abfce77d0f941d89a65585f4122b81c5debdf2b60e9a
img/photos/thumb/v4_p0061_x2.webp,6744,d7d049c4b3a15cc590ad097d89262ffc976cda9c191cbd620b0bbad9532a3f4f
img/photos/thumb/v4_p0062_x1.webp,8266,6ad24c34d0b971465dcbf68149d6207534df0c4ec442f9d10716b524eccc6384
img/photos/thumb/v4_p0062_x2.webp,6132,69f75bd183fdf285cbd6118a89aab258232dce8ac104aea51dee25143d33f879
img/photos/thumb/v4_p0063_x1.webp,6044,e0eafb75a033b7b156a40f2bd4c19bd0b952054db9fe231e2985d16e85533b7b
img/photos/thumb/v4_p0063_x2.webp,5924,58bfdf2af6a99a9c733666c953acb91bd9d4208b156f333e8273889d729308b9
img/photos/thumb/v4_p0064_x1.webp,6700,c672ffd37ee8ccade8f13f779ab9bbaecbc09255982182dc701e4aeb75ced248
img/photos/thumb/v4_p0064_x2.webp,6130,d6fb012c5509c600e24887308c16381a906db64fb0a1f3475c14b8015e6082bc
img/photos/thumb/v4_p0065_x1.webp,4790,abb84bd14afb3fea8f5a356a8d9a5454d8417ece0813d57cfc4e21283e32d70d
img/photos/thumb/v4_p0065_x2.webp,5806,b479897f2476916a4903119235c900b36f94e2612ebf5d062262330fbfc287f9
img/photos/thumb/v4_p0066_x1.webp,7232,ab5c039416ec81ed4abe25d6057b0bde100d47528be367179ab7ea4bb8c011b3
img/photos/thumb/v4_p0066_x2.webp,7198,a668d7e18812a2df66674a379faac538a400fd39bd546d20b1cc6f86deb2340c
img/photos/thumb/v4_p0067_x1.webp,8338,affc8a3ca559a65185590b572f1430327353d64370a8cbcc93bcc1f1f39358d7
img/photos/thumb/v4_p0067_x2.webp,7170,62e59ab08574eeba5f8fdeed074eb754c05a0e9cc528d18ab9352481b80324cc
img/photos/thumb/v4_p0068_x1.webp,6006,4aa768a93b40a9d9a43d967ecc00491d9d57f9055da9bea9155441484e432288
img/photos/thumb/v4_p0068_x2.webp,5958,73265a124f6d8d8bdbbd0bda8566c0972fdd86da35c7bf28df097c97b6d00957
img/photos/thumb/v4_p0069_x1.webp,5640,f22d43b0cbe8aae7f7ca406b6ad6aa306bd0f4a3b32dcb196449b74a1b653765
img/photos/thumb/v4_p0069_x2.webp,7212,ac89e9db9edacb2815032a83c59875d1a777af8e0889a0f0f7e69dead2960bb2
img/photos/thumb/v4_p0070_x1.webp,7796,9cf43a7f621c0b5ec0c6ba7ba36a369d18d34b2da4d571ca4008fb6c452b62ac
img/photos/thumb/v4_p0070_x2.webp,7572,dae7c80b9c4bd780b03fb8a408902b8ca77a240845fe3b69cb19fd192c94becf
img/photos/thumb/v4_p0071_x1.webp,4602,0a7392869caa95d3347d62f9b01abb82ada274ac8e55b788286483cca14e0e59
img/photos/thumb/v4_p0071_x2.webp,6024,952abe34526dba39b5ea2f28168851603db9ecf73c922a20d46f56b9e3607e1e
img/photos/thumb/v4_p0072_x1.webp,7268,014e03d7d15ddc68d1a743375128bb9dce53ee2336fe88f2bbacf333ef2adcab
img/photos/thumb/v4_p0072_x2.webp,6472,c670a4b9905afe8fee3c6aec2705b7dccbb7608a1dec833ba9a62fbb988dc421
img/photos/thumb/v4_p0073_x1.webp,5412,c4ed8c84c84db42710a024a78ffa4db760bbc8bf694b11eb83716167e272bbfe
img/photos/thumb/v4_p0073_x2.webp,5748,c2eab7e2fe0d7273509e9c0a74268fadc75dd98daa4e042a03a1929ab5a4cfa9
img/photos/thumb/v4_p0074_x1.webp,5952,c2b15a699048fce7a2b9fbe23980ef34a76f665d6bfb9d737151e681b0033d52
img/photos/thumb/v4_p0074_x2.webp,5504,b5c025097698fad7df1150ce944917e9d2dc3326842287a1dbafe5ca11f558a5
img/photos/thumb/v4_p0075_x1.webp,5382,322a58f6901b8dcb5680b8e5fd9b93557bf5ef7c66e7e95ca9d97e0027aebe49
img/photos/thumb/v4_p0075_x2.webp,4476,ab0f2c8b6bebd03d437d5886efed065a6662e458f3bdb8f31f3ed3825e7d4371
img/photos/thumb/v4_p0076_x1.webp,6396,2d1576f8edb353555e452b94d510979102855368b5d3f3bd2e5614595413897c
img/photos/thumb/v4_p0076_x2.webp,5108,3f0e297391ed4bf1c66cf32f1cf6c268c1a8a01d05861af573028d3f784342c0
img/photos/thumb/v4_p0077_x1.webp,3338,35794ef326467c701958dcffde83fea1f445443889de40577b8c106baf0d066e
img/photos/thumb/v4_p0078_x1.webp,5760,10edaa200c2fcb3dcc8b04ba64a52d6d85ce2422eceeda88617cf8304216932f
img/photos/thumb/v4_p0078_x2.webp,6066,ec7692e938742677410c7cef9f3824ec348956e0a957a3077c1c67c75f26f1f7
img/photos/thumb/v4_p0078_x3.webp,5700,4c3ac575d33b74091c4933aa283db7656170bc0745f52d94e055ef0dbde92a19
img/photos/thumb/v4_p0079_x1.webp,4750,6c02932e60cb55287d464e24301eb3338695cc563d8ee1853b8e728bcaed6d41
img/photos/thumb/v4_p0079_x2.webp,3404,2028de0cdca563ae6fabf57e68689d01e1a0ab1badf3257bf6bd0409090946e6
img/photos/thumb/v4_p0080_x1.webp,5966,bfa7651267b5b89b4690593a683ae0daa1a927cf3720a7f05da6dd45023b423e
img/photos/thumb/v4_p0080_x2.webp,6308,51118ca4121d7149e931cd8cd110771ce33576655cfb0bfe133343a76c082bf1
img/photos/thumb/v4_p0081_x1.webp,4322,eb56f2dc30b6d972e44fc9645aba19768a81cce747bc5a8bcb34ae92a8aa5bcb
img/photos/thumb/v4_p0081_x2.webp,3412,2d2baeddd588c2d89393bea39db82495bf0a909be9fd3ca117568675bbe30c57
img/photos/thumb/v4_p0082_x1.webp,5348,e92672a1ea62b1656cdc82a817d42fc11a7a5408a5dfcb792e70748cd68dd4d7
img/photos/thumb/v4_p0082_x2.webp,6686,535121e268f406b3b8961cf646dda058b6ce197c75bc5c6d52cf57e4915049ae
img/photos/thumb/v4_p0083_x1.webp,5078,bc6afdab4f80d7a84b631687979a7bcf965e9eeb86b32b8f94caca8f77697c27
img/photos/thumb/v4_p0083_x2.webp,5946,639240ccbe23a7fbb48ada0ce97c7bfadc5c3db431692949a15c2d3a0fd9ae79
img/photos/thumb/v4_p0084_x1.webp,6078,d95f146e97c9e9969f07111447b50b2a1b589328791ef884ecdcc41c018abd7d
img/photos/thumb/v4_p0084_x2.webp,9272,28007265aaee179bd40db2ad07337078d16328c0dfcc425363ce0238f7730a2d
img/photos/thumb/v4_p0085_x1.webp,6002,25df0dab1484c970c027381d44b5ae44fd597146ddc4cf01655314f88826fbfa
img/photos/thumb/v4_p0085_x2.webp,7346,a1e02f08318106ba9606908d3ecc62574e4512d3ba43d2f2656c18052002f53c
img/photos/thumb/v4_p0086_x1.webp,8392,f61b0c2351dc7e6411d0efa3a780a6d6fe52819e621fa7bc45837330412eba1f
img/photos/thumb/v4_p0086_x2.webp,7250,f415eb7a7b2fad076ce54181535e4b0eae5cc340d302f391c9f4937cf61dabe8
img/photos/thumb/v4_p0087_x1.webp,6584,be6ff6a86eec8bb476bea43a6bc2bd5bdda0747ad6f5e903527756c54d79199e
img/photos/thumb/v4_p0087_x2.webp,5824,476a512e5ceaab78b62ded813f3b0fe91754640cb146e7313b0a45c54fceeb42
img/photos/thumb/v4_p0088_x1.webp,6848,896144a1385172ac25a645decaeeea70dbca4268d4eea5418bed05a10c664809
img/photos/thumb/v4_p0088_x2.webp,4470,7aabf038d1c6ca3c744652b95f3ee79d3d9ce1fc2b4d01e4ec6ae4f3f2ea3495
img/photos/thumb/v4_p0089_x1.webp,5900,5d2736afef764d5868341a9f61f82b1baa97782a60bfc740d760e13c21b48eb1
img/photos/thumb/v4_p0089_x2.webp,5482,2656e4866ce123d13e203325880d6d74c348ff92f2aaa4e7c1ca24c03f733a62
img/photos/thumb/v4_p0090_x1.webp,6908,dd906b9abf79db50baa5d01d32eede0e1a50a9b7ff7e322f32d50a8aaeef6091
img/photos/thumb/v4_p0090_x2.webp,7972,7ead776bb072e9e6ea03e440f10e236667766804748518655355d05805c9266d
img/photos/thumb/v4_p0091_x1.webp,7578,b3b89d25e463638e42b17ddace9fcfb61c1da01161fd47d448b43e3bbff30b5e
img/photos/thumb/v4_p0091_x2.webp,7578,5c4b01ac9fb066c6489e830f301db2dcee53035f8d38cc887371c90d68bf2922
img/photos/thumb/v4_p0092_x1.webp,3870,b25c3e93156aab95f28418cbe22ce9fd6e896841136a2f37badc1b8d461d7286
img/photos/thumb/v4_p0092_x2.webp,5606,0ef02b7358185b964890d3b8cea2ff7c9bd8339b5a04ca8306ccbe08b1e5a954
img/photos/thumb/v4_p0093_x1.webp,7482,e88513e752cdd2a3aab251372ac12fae90e38f768761be68ffa34c6b33988646
img/photos/thumb/v4_p0093_x2.webp,5262,ac4886564b8f3eefdbbd30d203a1116ebf0c5988d1b3bf6962bc2ef9595dc95d
img/photos/thumb/v4_p0094_x1.webp,5958,63c89927d15de5632eab71a993ae29b5c84dc3af32a845b4765951e8b4a726d6
img/photos/thumb/v4_p0094_x2.webp,6518,8c278b96ca0b4f524839e4095132bc660a4dfed82a9f0c0bbb4f978d0bd39ae4
img/photos/thumb/v4_p0095_x1.webp,5314,e867f34f7550a5327654b0f797f004083be782828f5c246b25821829cb74584d
img/photos/thumb/v4_p0095_x2.webp,6560,a7c40677be35494613ddc0bb87f0cc6fd06e641b1dbb180e8e7fb0ff6f2616db
img/photos/thumb/v4_p0096_x1.webp,4892,bbb327bd07863bd2e58abc9e417a6cbd8f22caa86aa020dfa22beffcdf807576
img/photos/thumb/v4_p0096_x2.webp,4870,9b1fb91b7458be0b38327cc015618b9c868d9e63531b4fe84505ee5de553c4d3
img/photos/thumb/v4_p0097_x1.webp,6980,31c6617de83878e8913d861000391f6a8f601e772fc5327a0b4e2023f3aa6306
img/photos/thumb/v4_p0097_x2.webp,4112,c313cd89bef78ad39da753723aa22977af1c34c1434e3819366660719e9802eb
img/photos/thumb/v4_p0098_x1.webp,5950,5edb3e95ba426662541a92c597ee4bae20ddb0170f0d6e91a1686ce0e0133245
img/photos/thumb/v4_p0098_x2.webp,4076,3b6024d6a67457fab2746a92de7057d14d3632c9b88c2033e6b390cd6c44b92f
img/photos/thumb/v4_p0099_x1.webp,5182,b7205d4188baa4d339bbf828745871596d1271b6abe78f17248991480295d00e
img/photos/thumb/v4_p0099_x2.webp,4156,ed79c81e5f58a540688d777e21ee58adc5937e5aee20b2a182a3ff23cdc3d7fa
img/photos/thumb/v4_p0100_x1.webp,5258,43bcc136c55f8f124430cce47d94196930d14a4881d7283d076134bef7184e9c
img/photos/thumb/v4_p0100_x2.webp,7530,4dbc95880ecf86bb1c7da067a6522e387ff52901bfd3b15e5d8ad3c85ff64304
img/photos/thumb/v4_p0101_x1.webp,6104,49eb46c896404e9eeaa6df6bbf51f7ea47373cfd62b0cf2cebd05acf7db9d44c
img/photos/thumb/v4_p0101_x2.webp,7280,f77765772e9301c771cb2260f5d14b1050065c4834e2706e1dd6ccae06a7a900
img/photos/thumb/v4_p0102_x1.webp,4484,5950f6eb81ba64fd6ae88d8ff848e32f8e3c23c2bb385a6ba60954afae11ee9f
img/photos/thumb/v4_p0102_x2.webp,6318,56e7585f3df85aa4eb58b16f0e948256827a29287c30f9dbddb469286aebfb86
img/photos/thumb/v4_p0103_x1.webp,4670,4956db70978c1df8a6f9f5fc603fc6075599a56a791473ce5d7b4dff498d2465
img/photos/thumb/v4_p0103_x2.webp,4190,2021be57994cd0c75526bb78d12a1001cfa12dbc57a5fbecebb01952672bcde0
img/photos/thumb/v4_p0104_x1.webp,8792,e667b0cdee71369f7ee22b0a3c35892f55456e40ef18fb2e474d1b81244527e9
img/photos/thumb/v4_p0104_x2.webp,7840,2a7e278ce9ca416697f84da485b1e46efb6d9f90ef8eaa044c40f2a3a89a8575
img/photos/thumb/v4_p0105_x1.webp,3580,25f87fd459b2da0fb850909c52bc0d97006db48487a51b76ebe722faae8661d7
img/photos/thumb/v4_p0105_x2.webp,2494,63693794723d9f148b47739a0e4787615cc85d55528b054da948148b982f33fd
img/photos/thumb/v4_p0106_x1.webp,6792,5f25c0a5a746814051502e023cec3cbd14896d8a365c9c7c7618066bc3cf12dc
img/photos/thumb/v4_p0106_x2.webp,5236,b2143a9562cf3d9521dc1802990c2baebc5bee48b88934d477bc36d963e386e4
img/photos/thumb/v4_p0107_x1.webp,4200,669ea0a33a5dd55b0561992ec02a42bf2869c5d39893a07ae7d0555271a4c473
img/photos/thumb/v4_p0107_x2.webp,4880,cca683706b5069b3f230a65fd4871ef0d7307141a435c1cbde612971da10b5f4
img/photos/thumb/v4_p0108_x1.webp,5156,84ed1c796757bd824b7fbcb6c12b7c8cce38bd8c2f791cde648ebe6bb553490f
img/photos/thumb/v4_p0108_x2.webp,7108,98591bfffed1f64f749f64ecd916794e9aa8eece766fa95d6f3450292e9addad
img/photos/thumb/v4_p0109_x1.webp,5418,c1d94c517eb8be4c303263bcd6a291581abe9392d846289638718344f94e082b
img/photos/thumb/v4_p0109_x2.webp,4344,07b6df2e42735b2279e0f3951dd466ef26cf45eccf9a5da5a8858fe0696ddc0a
img/photos/thumb/v4_p0110_x1.webp,4076,1a758b632930611dbd0fc61be51e470dab05eb1af7f00099a2b25148e1f7ca17
img/photos/thumb/v4_p0110_x2.webp,2198,a1970b41af11906e5aaccec5e803610980d145b747f76989c23ac6e41946c603
img/photos/thumb/v4_p0111_x1.webp,5846,e55ccf82ba3520e9f54054243b24b7380e323e14d0edc6705ade0da3106e4471
img/photos/thumb/v4_p0111_x2.webp,4062,93f43a779797ac25c7ef44901e62eddc4dead41aa431a4593c19006c160adcc1
img/photos/thumb/v4_p0112_x1.webp,7012,5074ce902e13ca743dd8a464b9d82c5cd952b3c3a59de375c25a21c945b88067
img/photos/thumb/v4_p0112_x2.webp,5524,43db2679e2459159de6fd9d50d18b1cfb6f855afe1ff98774463700f0cd8de9e
img/photos/thumb/v4_p0113_x1.webp,5556,76a4411bb5d5c167c93905a0bbaffe3d494e63cdded2301812ea308068de53d3
img/photos/thumb/v4_p0113_x2.webp,5908,c8563e0ddf20c224f9712bff83b8a76a49ba3030b0253f41158ad97f8b9e3c1b
img/photos/thumb/v4_p0114_x1.webp,3936,ab79ae167f6469184bc91ec58658561a6deea3e2ba69a6ceb781b6625f5ac874
img/photos/thumb/v4_p0114_x2.webp,4106,3ee70ef2e512f90a8083d7f000aacb20003c58b0b3194f25d5c08db4b6a9317d
img/photos/thumb/v4_p0115_x1.webp,4640,f9a1a8e89673d045d1f19d4444701b5ebaa1afe27602a237e6a87c70adcb854b
img/photos/thumb/v4_p0115_x2.webp,3752,b5ce2f809e12dcfa7777bde33a924b496f4aef7c388836244a7063e376fd44ad
img/photos/thumb/v4_p0116_x1.webp,5650,1a98afa007e59b8f19fa5c5c7e75141440e1b926ab75119c3c4204039eec94ba
img/photos/thumb/v4_p0116_x2.webp,4526,c096599a47ee17e22beed1a8210bfff233bef5e4c9fdcff75334fe08415dc069
img/photos/thumb/v4_p0117_x1.webp,9124,f9254ff82833e06e4a43f0b9da1135c7a5e78b9d0faf64f078dfb85f6ccdf67b
img/photos/thumb/v4_p0117_x2.webp,9958,7da3386240ed835e1355e8e0020fd1d7df228f1da67825be2ee9a43baabae672
img/photos/thumb/v4_p0118_x1.webp,6686,b7027a78ca8aae0df600da440e53d0822bd0e07c4e152a823c8604afa7d53dd3
img/photos/thumb/v4_p0118_x2.webp,4844,f344202bf2e9ddfe1393e96fc24d58a1aff07800bd115430357cb37cdb3380a7
img/photos/thumb/v4_p0119_x1.webp,4946,38ab5deed5c2769ef35567b977d59768ea87009ed8b1f9e1c6ad706f795be0e4
img/photos/thumb/v4_p0119_x2.webp,6200,9fb7396e14fe8ccfa1ce90f046b37415ec7cc73d84c491abebd21fc4c855679f
img/photos/thumb/v4_p0120_x1.webp,4556,2ccbcaf7479756d81fa1ef1e7de05870e3fd4e178a5fa091663f65274eb48736
img/photos/thumb/v4_p0120_x2.webp,6336,0ff3d367d892b8aac7cd87c0a1981dcb2e92a13c0ca359db91f627360c46e9fe
img/photos/thumb/v4_p0121_x1.webp,8132,fd268469abd7ec6d69a5f0dcb94e34118867bf3488882d6155fb8d5fb6615eec
img/photos/thumb/v4_p0121_x2.webp,7558,40b179edf286007a6ff245c3e30be5b84060999d51e1912ca866069dbd173b2a
img/photos/thumb/v4_p0123_x1.webp,6242,781906d533905ed33aacd73fb7f71d811e96564d50b8baeaad69146b0f110cad
img/photos/thumb/v4_p0123_x2.webp,6282,e5206cf17b60b18b48417a52dc484f41f04fc722ddd915d4471d4c3373ff457d
img/photos/thumb/v4_p0124_x1.webp,4532,fffacb1383fb66b0f0b8d17de1d1d694aa91dd1f639fd2070724407f76673345
img/photos/thumb/v4_p0124_x2.webp,5128,69ac849d7ac54340772f477399bb25a9e1aa8b032e4b651d370602345d639022
img/photos/thumb/v4_p0125_x1.webp,5220,fe9245fd75cab39f847d76d27a532fc640425fc9b98200c432e14b285737abfe
img/photos/thumb/v4_p0125_x2.webp,6212,6eeb207c0da6aabc8adeb6e2a3c1e64f4a3147238bb99f81b75cb0158ec58739
img/photos/thumb/v4_p0126_x1.webp,5992,41169d330bf7cec2782c48c1c993c5eb1f7e8310344dcd08e8eee62c722890e6
img/photos/thumb/v4_p0126_x2.webp,3808,68d84782a4a06348e28bdc4e839f39720312f7f768a227518523bff1038dc34c
img/photos/thumb/v4_p0127_x1.webp,6010,9e72ee9e2fbb8fc57ce7d68eae81f0a829d4ab1521fca24a2c4934bcb29149f0
img/photos/thumb/v4_p0127_x2.webp,4772,d01a58fb4def2cfbf3d0292503fcfbd89a57cf84c90f789007b52548e5813214
img/photos/thumb/v4_p0128_x1.webp,5650,11f022a18b9c7e5f55e122dba4be3eddc60d523ca8c27690132ce753ee3364c1
img/photos/thumb/v4_p0128_x2.webp,5320,b310144b923f71a73c1c17de1ebee0625c1a1e0c4554857faf8ffbfc0c5b7558
img/photos/thumb/v4_p0129_x1.webp,5146,e55a3ed8e0e81efaa26d3dd2e2160d0526a038de6d0da95c90d26804be7a7bf5
img/photos/thumb/v4_p0129_x2.webp,4748,a15134daf572a5c732efdfac2b117c4d7445f589f805f9690020f4c8462e8c0f
img/photos/thumb/v4_p0130_x1.webp,5476,fd7f5c685b84dfc7f7acd532b5a3e1cb0de9e99f8146a235bee0c8f72922ed74
img/photos/thumb/v4_p0130_x2.webp,4434,eb0083773c24de86a06ddbf555a05ad5b496005e909f7feb64ffa97691dde7f0
img/photos/thumb/v4_p0131_x1.webp,4334,120143c59eb7f82fc738880b709b240419c76cac2409f139a8923960d8c7aaa7
img/photos/thumb/v4_p0131_x2.webp,6324,0248aaa3a6b5c6f8cbe03ab6e0d1f4037c6f4b8fdb6f260a377f79756b0c9d0f
img/photos/thumb/v4_p0132_x1.webp,8152,8fae7d95b2ee9109f38e519f2b52e351f18a5b33ac5cc117d9eb04734b65d493
img/photos/thumb/v4_p0132_x2.webp,11992,f839b8a16fe4233ca2f0fcc73d233428b83f446d953ed16bf5c12f4b3bf3e3a5
img/photos/thumb/v4_p0133_x1.webp,4444,c91a5aecee95581b224a7f28cb1451fb87b4ddea72e41751dcf28bebe561fcb4
img/photos/thumb/v4_p0133_x2.webp,5370,eca5fdadf64910e4268f3d2024de3851697edd64f00c51e127afad1a06383f1c
img/photos/thumb/v4_p0134_x1.webp,6730,ae2225be58056e684483b47ab3088b20bc891fbf2f4b7d221103251e1b7ea279
img/photos/thumb/v4_p0134_x2.webp,3408,be52814d1fa90343559c43cd5957b09ddd0746702e2a348ddc398d639f27e41c
img/photos/thumb/v4_p0135_x1.webp,2806,0ccfdaf3a1cd19c9f257a7ddcb235f23612ce732703d28b91d25e310f7c15e8d
img/photos/thumb/v4_p0135_x2.webp,2880,6a8114d240aac713fca260c9e1693182d9e4d61783110430937ea0c37a513031
img/photos/thumb/v4_p0136_x1.webp,7614,0d9e261f2e9fc9a5803c26d51892b16bc4151699ca064d5b4e9d4e6a56e5c143
img/photos/thumb/v4_p0136_x2.webp,6348,21500de7833f583dba48a6bafaa976ae3306da72d4e49392eac45d3543b1ec77
img/photos/thumb/v4_p0137_x1.webp,5470,1c0248f6c4036fc98a3a264155b6cef9e172e676023c549ea32abf04c37fa8f9
img/photos/thumb/v4_p0137_x2.webp,5788,eeaa0e4160e6c6bfb695cec543b72f40a3f9c77995c6542b86a199c1863b805b
img/photos/thumb/v4_p0138_x1.webp,5774,b73a57b99c45c21cc8eaa0f739f9660f15fee1287a0dbd15697be9dc481ae6d0
img/photos/thumb/v4_p0138_x2.webp,5068,b62fbe84b769a26d30e8bae1c9341fd6f308f3f29020176e6e6b614be385bc2d
img/photos/thumb/v4_p0139_x1.webp,5864,219497ef64af585882f062d247f4569db825f0a50e4218fed4821e3df8072ae3
img/photos/thumb/v4_p0139_x2.webp,4782,b65ab5b7746f2f36e184906321561cb9a23541f08524f5560279c1f7b212eda5
img/photos/thumb/v4_p0140_x1.webp,5378,0ce79b43d861ad9807c801b0e2ead7664bd987669cb907ef11799927a8517468
img/photos/thumb/v4_p0140_x2.webp,6282,ca9727ab0a808ec411dd37bd602b84932b73433fe421bca2f07bf851a3f035fa
img/photos/thumb/v4_p0141_x1.webp,5382,0e88fef2804f8f60ab726e28695498e26131e8fec4f28c38eb8c80c354158de1
img/photos/thumb/v4_p0141_x2.webp,6344,1d90e84b8774f8d748460dcd88a710a6326df94c69fe50d6931051810f493d24
img/photos/thumb/v4_p0142_x1.webp,4910,6057cc3be6e6d98c3f970e1e1085afbe7a4cdf36bf69caaecd83aaf606af5925
img/photos/thumb/v4_p0142_x2.webp,4158,f11876d8f442cd463be3edc3d3246de46c5205c6005c161f40b0808b587811c2
img/photos/thumb/v4_p0143_x1.webp,4706,a25a2bdc5f6d4c1dfa8f8de23c1bf813f3cbce3ef68060c2244d7495ba5746fd
img/photos/thumb/v4_p0143_x2.webp,3356,f05f516421aba4795dd8c48f579a154c67cee8ff4abe0f5726d348444bb65581
img/photos/thumb/v4_p0144_x1.webp,4842,97e9bdf0311241634e5b6f962117fd58ba36bae9998e09f28f54da39abd2ddc9
img/photos/thumb/v4_p0144_x2.webp,3738,9999b924fef37a7a3a755dba2c47cdf2745405119592cd75d80272f9fd4fa862
img/photos/thumb/v4_p0145_x1.webp,5996,4c848d6361f4762b7578fc45f19055410614a0d7e714c2ae1bb292665628d06c
img/photos/thumb/v4_p0145_x2.webp,8950,17fc8a3655289d5ad7dfaa1c2c21e9a9acc48181eda5f36cb70b4a43c1d20dfa
img/photos/thumb/v4_p0146_x1.webp,4762,4d2b37eb7062adb3f090f0cf81b64e3d6016573ae7183533948b7c52d6ffeae7
img/photos/thumb/v4_p0146_x2.webp,3116,e9e6a42699fc50387fe075358915be4d772f7656a8b9a805806c3251edabefcf
img/photos/thumb/v4_p0147_x1.webp,7956,fe7edf194bac53ae83d7e05295986ba028248a9a10efc21dc5ef0a261b1b6ec1
img/photos/thumb/v4_p0147_x2.webp,4066,018140dd715c9e3eb1d512313bcc93864ea6d1485a128da47d1df80998e82534
img/photos/thumb/v4_p0148_x1.webp,4824,f241e8f2575b8e96f385235fae90b598bfa49e4c396c74ec655f2be1559ad9cd
img/photos/thumb/v4_p0148_x2.webp,5782,a486db0d354d2532e594511f1f7e47c044bb4b92315d7ddf35e28dd523561822
img/photos/thumb/v4_p0149_x1.webp,3822,072d7de464b8d6679e535b90a9e2349f2acd69dd65605d63e698c3f57d9d6c0d
img/photos/thumb/v4_p0149_x2.webp,7986,d388e4924f3fcc0715a08a6cb31308065bde553db76639fdd40f764761516ec6
img/photos/thumb/v4_p0150_x1.webp,4100,190c430082df21dfe702b33697bd8a6a34713bb4f06dd7ba8ee265b700b83744
img/photos/thumb/v4_p0150_x2.webp,5552,1c07b5ad40190446dd82b411a03b4537632c35d4095500ba18017262ea4abce4
img/photos/thumb/v4_p0151_x1.webp,4852,6526bec51ecef471d6281b33aa1893aa3188c98bd0622b428a48e697e6d000a8
img/photos/thumb/v4_p0151_x2.webp,5024,e8a9b4225f4622d4131db3e97c315772a67f7944efd68ea1918b48fd77d80b0f
img/photos/thumb/v4_p0152_x1.webp,4254,70426f13b18c1fc94c663b94e1bc5cb1a16553e9ce43bc75275efba1f3d0a9df
img/photos/thumb/v4_p0152_x2.webp,4544,f8423a0ca28c9fecdcde2ef5ef818ac9e1d81786dc9c9260d1d6fc7b085df4ad
img/photos/thumb/v4_p0153_x1.webp,3026,60e121f4ef859678a9f4cf0fabd93a5ec2e097ec0da9826929bd8ea9abab3955
img/photos/thumb/v4_p0153_x2.webp,5088,3339427fab3c002ca2714d70bfec9669f1d2f57807f711eb1da8abdeec25aac0
img/photos/thumb/v4_p0154_x1.webp,5372,843d9cb29cc5068973db363d6eb5f53315b249efd40492475606119d86fa8fb5
img/photos/thumb/v4_p0154_x2.webp,3806,88863244d7151cae47aedf001cb1293d3c45761fe9e8b868f8affe73d9aabc8b
img/photos/thumb/v4_p0155_x1.webp,3854,c607921b5e55d5abbefa23891924a8d54ef37edf99e276938dff07078b58ecb3
img/photos/thumb/v4_p0155_x2.webp,4956,0685e4981e23873c108578cf01cd5eda752f3286f624dc2dc59fcc2d6fd1fd3e
img/photos/thumb/v4_p0157_x1.webp,7138,4fd2759758230ae4817088a7ea0d141c96e092018c279f106d215f24d2794408
img/photos/thumb/v4_p0157_x2.webp,6154,dafaef741cf8f49edc1c81dba89804d2576f7a9badb5e0ac9136c685768591be
img/photos/thumb/v4_p0158_x1.webp,6782,6da3782b6709eb69aa20c4d80ea609bfbfb1d86db95485566b9104fc16994e8d
img/photos/thumb/v4_p0158_x2.webp,8956,31e686a4097d70f758cb178cdca86f7a693624d751a7f57d01c9df6b17979e55
img/photos/thumb/v4_p0159_x1.webp,5268,8457eb2f826b1b93d64bfa79cec77e0911335397db6cb8c82b1d1470670bc494
img/photos/thumb/v4_p0159_x2.webp,5992,e3a49edca3e29d9c0e6af1124dca0dd02a7bf77c0ca1d4c398a192059ed75296
img/photos/thumb/v4_p0160_x1.webp,5792,82c41745482249c40b30b08097b77851189a7eeddbad1476155eee4511b18bc9
img/photos/thumb/v4_p0160_x2.webp,4168,0d681f66281a72ca455b5a4564f5f9590b1f1677706ccad8477fbc8649eaf34c
img/photos/thumb/v4_p0161_x1.webp,7920,8e8a3925b934e21318d72b371dae109a331079725530faf3e2f9ae1acfd3e402
img/photos/thumb/v4_p0161_x2.webp,4592,ad9595903004aa7a141b091de197df89a0d9250f3901bafbca7acf680c7538b4
img/photos/thumb/v4_p0162_x1.webp,5926,cede2f544dc9be8e023a93cf4d8eedc5d00f1ac3cbb801051d5f73cf3bf418a1
img/photos/thumb/v4_p0162_x2.webp,6056,d75aed8520db613b79f3f762cd5b4fd4c7b4d2d9a2d0a44fc5469d1f024de8eb
img/photos/thumb/v4_p0163_x1.webp,7108,81e50d917a6b1e8bd9f807b18251b20dccbed7829695242b350f4fab43ccbd28
img/photos/thumb/v4_p0163_x2.webp,5272,b06afad992944e107c1a5aea088d16cb2c85d22812dd7fcb916b68f71632805a
img/photos/thumb/v4_p0164_x1.webp,6092,14546d9f01c50bed890f5aaad43d7814a675a53148f8c1982590cd8e8c210872
img/photos/thumb/v4_p0164_x2.webp,4640,5018c125e0717a016ef470346d09e75f21471d8b1a90de44fe35d68c397e60b3
img/photos/thumb/v4_p0165_x1.webp,7190,05a91cc429e36238f042fb82386b56e8cc6a4ed7e11d401e77ee39e97369f4d1
img/photos/thumb/v4_p0165_x2.webp,7404,2cfb9d1623ef351a4292cf97aae4ca1de14324aa51f61540ad67aefced68c3ca
img/photos/thumb/v4_p0166_x1.webp,4332,13e1aa81dc3c148dd9be0b97ef56aedc8d0dba2ebf540bd54d2f7596bca9e1d0
img/photos/thumb/v4_p0166_x2.webp,5214,2adc366704e29061ec4927fb023f4139a700c6a1c52d350e30cbf1211dbfa0e2
img/photos/thumb/v4_p0167_x1.webp,4802,dde2596bac4493184036b446052e53db2b391c0ee6a1335c90ce279d08ab83b7
img/photos/thumb/v4_p0167_x2.webp,4168,8f360a6e6f0515b06418e7fb36ff8e6ad40966dc86139f144cd829b053f46557
img/photos/thumb/v4_p0168_x1.webp,6958,eb8d6108e5b394afec89c9345a565aacf59ceda40ed5025512fa2bb854e744a7
img/photos/thumb/v4_p0168_x2.webp,5434,adf2942711c078303a863945bed40acdb3edf3da1d44913f43430cbd9dbc4532
img/photos/thumb/v4_p0169_x1.webp,6280,3a6ded63621cf1b03339652451a7bf277cf58ad94851c364be1d77a7833454b4
img/photos/thumb/v4_p0169_x2.webp,4572,b762729889e967d354020bee2196223d98c288b156adca6f5c89b1ab810a1429
img/photos/thumb/v4_p0170_x1.webp,5018,e0a355e26ffd018cde16f9bb5be1021cc13dfcdc054bccdb07870ee0e2a85f30
img/photos/thumb/v4_p0170_x2.webp,2926,ef913b5f67640d293d151796e7ff608d293c4425bafda33639a1158d125a40c5
img/photos/thumb/v4_p0171_x1.webp,8102,7402fe2b54fb4be7022796c0be3fdbf18aec5966296055b0a0095aa8531459f4
img/photos/thumb/v4_p0171_x2.webp,6062,c42294402905ae92c0c96bca100089706b073aab1b3f7dc314cfb7b612d3fa12
img/photos/thumb/v4_p0172_x1.webp,5196,79a3becc77abcd26b2ac36490012528475b963513caedb81592f8977a1be2a7e
img/photos/thumb/v4_p0172_x2.webp,5410,9a077ef98cc854c663c1c1a1f98b97da41acaeea60c2557cf05f617da812f48a
img/photos/thumb/v4_p0173_x1.webp,7168,e32d920c7b3b6af3a6c3b8407bb27258679a8a27f175a65b29d8cfac3276fe35
img/photos/thumb/v4_p0173_x2.webp,4576,407a04e667b28fc51efa859839e773f83d216c1fc73f0d43c51b114eb887ad22
img/photos/thumb/v4_p0174_x1.webp,5438,70cf76886d613778b9662cb8853e7441c51ae24f495682cbe983670868cec818
img/photos/thumb/v4_p0174_x2.webp,4168,d7b774b102bfe74648a727b3e4dfc36459324aff4ade33a17f0ad0099b6dc594
img/photos/thumb/v4_p0174_x3.webp,7724,ff7a12c7e3419b493ba6c4374793e4f3fb0b8d9cc514498855c17bcb3107668b
img/photos/thumb/v4_p0175_x1.webp,7040,911a7426625f3f2a0eec0549a553339c3608f3451bce63ef427ad99139b2a281
img/photos/thumb/v4_p0175_x2.webp,6706,3b794fa5e404dc053dc208656098e753311189041765e7fccfe6e0b2069df1af
img/photos/thumb/v4_p0176_x1.webp,4606,a4834869f51a76fc13c43f5a90c5534088a6d73fbdd59ecfece77c68caa8f204
img/photos/thumb/v4_p0176_x2.webp,5260,edcd495e2826aa0bbbad27a1f30c150a8808e435aaad62e4c82152d879148525
img/photos/thumb/v4_p0177_x1.webp,8416,c6d81a4b5a31e6316ff160ee1b0fd3f0c1fbc3f78a42ba92c5fc62892264ade3
img/photos/thumb/v4_p0177_x2.webp,5834,bcc3f0663195b48bc0e0dfd7bb85e3d12f7f2a2fc4b93049ed166c6fcbbdbe20
img/photos/thumb/v4_p0178_x1.webp,6656,c614acd345e063312e3a7d51a8275ab18f8a30a98aa7e4eca1ec9f5e70eeae13
img/photos/thumb/v4_p0178_x2.webp,6304,c43b78ddb706c5c7da2e0e921b6f224e5cf2cd4bb592fb8e8d050706563fe25d
img/photos/thumb/v4_p0179_x1.webp,9680,fd8224af17b7a97d098efb578197938432c4b106b82ecf16c12106160b24208e
img/photos/thumb/v4_p0179_x2.webp,9632,72c1e0b1bb93f1c806aa956c3d7ec1f5f118c90a04bd9f7efd5bf8b788466fdd
img/photos/thumb/v4_p0180_x1.webp,4208,4fc3f3cdc2db5cbde0972d67fdc26ca8f83d675a2941b4ece63bff5d579080ba
img/photos/thumb/v4_p0180_x2.webp,7826,9685da2049ee4d8082bdcd311926e5f7276876d4b9a076a38c5d3f3cb5ec5121
img/photos/thumb/v4_p0181_x1.webp,6022,1f847b44a9802c8ff62d5c6d78f6ebb9d0a278121ab3a41d73560008a1234182
img/photos/thumb/v4_p0181_x2.webp,8496,06dc3f38b337ca3097390beeda127b8f9418576cfbfb34c369292aabcff8a52b
img/photos/thumb/v4_p0182_x1.webp,5202,d2d737bea3cd3a7b8804b4e2874805aee74ee3c82d0fa1d06341ae91f79d658a
img/photos/thumb/v4_p0182_x2.webp,2208,0b22e15fedd5d41bc733336a6e6c42cd6929362b8ba9ba481f37b2167405c4f7
img/photos/thumb/v4_p0183_x1.webp,7926,f57e25ea47319564a15dc87f77bbd806c4dc6ef4c0eb489c7d8031454929b8ed
img/photos/thumb/v4_p0183_x2.webp,7446,ababacfa0b55c1eddab75c705ce85c570af773d193470f36acc650561b21b103
img/photos/thumb/v4_p0184_x1.webp,8406,cf8fd144134b682fc2208c451d205821e0f67eb4dbcc6e9a1612b8ddc12e6c93
img/photos/thumb/v4_p0184_x2.webp,8634,81c732409f4229084d9b655e494d1eea341474071d9d50057f65137748d091dc
img/photos/thumb/v4_p0185_x1.webp,8918,0c50e67d0d731367fd44191b7e4d9645d8fe19ee15de1427160243fb04023628
img/photos/thumb/v4_p0185_x2.webp,5752,60eeec50654bf491dd2e98855e1561d9abcfb5113acf3faf9bca2875818c6fa4
img/photos/thumb/v4_p0186_x1.webp,5772,50d08f40205bad5fbc245138537f2b7a1fc314dc2d6e1f9d2f316c3e88dbfb8e
img/photos/thumb/v4_p0186_x2.webp,4366,9961ebf2ebb70b5953a36d596915caae08ba4ded934985d06367ede5b5544d48
img/photos/thumb/v4_p0187_x1.webp,6566,286e685ac1dd1f434e2fa9868ae8f4d86eb6a3033e4541eea479b46b5399e7a0
img/photos/thumb/v4_p0187_x2.webp,7884,95a7a836ff8e2a8e1fecaa2c8441275227933b4563546eb18f4f4718024f0604
img/photos/thumb/v4_p0188_x1.webp,8818,56eb438edb7007a3156649119628d860bee25cb9e1797176d765669a677b55ee
img/photos/thumb/v4_p0188_x2.webp,8638,7e5025030e80fabdf2d3431e297f99e606d18587251ed5d0cfc9aa15de8e13b8
img/photos/thumb/v4_p0189_x1.webp,6512,8de8758aca558074c62c2358cd8c97c9c1769d10dfb6f4d7b70ee03ad3cf082b
img/photos/thumb/v4_p0189_x2.webp,3592,33061d7754a333647b83f2af2202ddd4b1a7b5e6d41a651beb1792fe6cdc3dd8
img/photos/thumb/v4_p0190_x1.webp,3592,79d54905713653751901c7034512dff1b1ffe9a9710385e7f4513e96988be555
img/photos/thumb/v4_p0190_x2.webp,4596,feec1590ee108e9a639a7115fbb5c4d17f4412da597a883dc2093c6a19dad3a7
img/photos/thumb/v4_p0191_x1.webp,5688,cf15b51054e72a2d9d261ecc36a0f31f789b0e5f896f94a5b69d8de1a3fa347e
img/photos/thumb/v4_p0191_x2.webp,3498,f72e91bb9467abcbb4e915e04975004d87a68d29c7c70c6dd62dcdafb027220a
img/photos/thumb/v4_p0192_x1.webp,4672,7cd0505b6ae2dff41e57b82093b3b6f952212ba74054c6a08e4ba0287a3b0897
img/photos/thumb/v4_p0192_x2.webp,5700,3ae98c8bebb45f3104a217d18868696da51e0b8ec481e1826a0c1474cc420b5b
img/photos/thumb/v4_p0193_x1.webp,3078,5a64438c59aad5b29990539df78a2186acd561ad42e28284ce7020e4d6d1858d
img/photos/thumb/v4_p0193_x2.webp,2908,49eda27d1d7fbe3f9cb30bb89a36b698ea9e44e220864072985091087463ccf3
img/photos/thumb/v4_p0194_x1.webp,9184,6c23b352371848ef00e67dbd5aedcc897e609815d9e385eba7f27c372eeca889
img/photos/thumb/v4_p0194_x2.webp,8146,753c0fdfda4f8f851e00360bbc4791e8a0ebff33179adced9d08a536c803e9e5
img/photos/thumb/v4_p0195_x1.webp,4412,b7741c990a1d90bd1581060143bbf15504788e070ceb6e12c856daf3e4757077
img/photos/thumb/v4_p0195_x2.webp,6612,c8032b17a47b105cc321899a9c5ca560140904c74580287abc583d927844003d
img/photos/thumb/v4_p0196_x1.webp,8854,e4c8001b32738d83a883f96a74d339f4e2b3fbddca5bf6af510dbf207d5f19e1
img/photos/thumb/v4_p0196_x2.webp,7854,e1776fcd61917c035c5a75aa0aec198a8e6da447e547b3688c85858a201cfc5a
img/photos/thumb/v4_p0197_x1.webp,5994,0de8e09a52ff25bcb1d59f5d20e634d4b6aed53f66acce4be64261967360f62f
img/photos/thumb/v4_p0197_x2.webp,3926,dd204de423262606585be9f3cc28fc1312b0c2559b25aac37204b8acc821f883
img/photos/thumb/v4_p0198_x1.webp,6910,209d68b4d5b5d4b5a053cd251a2f32a0e136c8a0dd800e3c4d322974f513e477
img/photos/thumb/v4_p0198_x2.webp,10620,a0d9b50ed81fa691fbd9ba7fc5b5cfb84d776c496167edd7cafc78f2503f278a
img/photos/thumb/v4_p0199_x1.webp,9848,2565179ba0a0fc1b470616ebe9addef650472e7a37e3fd4fd94d14c46c6b3090
img/photos/thumb/v4_p0199_x2.webp,11548,a7d71abc8758709a064243a25d4c4a951aa9dd87eb8798300b874447088481b5
img/photos/thumb/v4_p0200_x1.webp,5790,c340f0b39aff4f240da95fcbc7637997955b65d97068b18fcdb9749492cb6824
img/photos/thumb/v4_p0200_x2.webp,8898,7bcc2c182c6926cc6f9ad020934c08cfcfb2f1f2b38badb7ca3ed534c5bd8761
img/photos/thumb/v4_p0201_x1.webp,5024,a9e313ad6fd15e06e27c2ee8c39e755e76c270433a3e770531c388287ab749b1
img/photos/thumb/v4_p0201_x2.webp,6684,100d4277782f1ab6a3499573672fbb221ea1b055a1964ce8dcc538c1ad8409b3
img/photos/thumb/v4_p0202_x1.webp,6830,ab3c980502431eeb4216ea184b6b93e34ccbff6b05c664a7feaa5a2db216b260
img/photos/thumb/v4_p0202_x2.webp,7224,c104f2b8c68daa9ad200a5fcf5f1bdd22939b01b1275bd407fc7fa5d534e2082
img/photos/thumb/v4_p0203_x1.webp,5604,651a14034f7c2755ace912283a8fc478e629d64d14df4cbbd0fa2b1062327510
img/photos/thumb/v4_p0203_x2.webp,5558,4c85da9d28121a3dc0b5f871609a61aedfe8b1c69718127d73500d3df38ddbc2
img/photos/thumb/v4_p0204_x1.webp,6822,3e0ac77a8d876c8a648c3b80431c72b65c342813ecb86b27b263fb1a4fa3747b
img/photos/thumb/v4_p0204_x2.webp,4112,e0c5e11e41976235fe4cc44c2fac499b6c6d2cfa371b6e44df4f1999b47baf7a
img/photos/thumb/v4_p0205_x1.webp,7112,772e123ac12e523784b12acd9f6c8a64e1df8f3dc46fe42342af7f21c2a66251
img/photos/thumb/v4_p0205_x2.webp,5826,47f6af54ce2e52f84cda99065c5269d2a7386faf4d59c1e2e0a994fcf7db894d
img/photos/thumb/v4_p0206_x1.webp,4938,eed93e93988b19bfbc90f00eaa5d343f230bf45875e92d585c2534ff294e9b7c
img/photos/thumb/v4_p0206_x2.webp,7050,10d8c008686a3eb5ddb0ed3e7589d15a8a214e79b0d379b488b932aee0d20889
img/photos/thumb/v4_p0207_x1.webp,4552,b2aa5e0c62e378037a617b940d57b6e1f68f213fdc502a96501f7cf6aaaa65f9
img/photos/thumb/v4_p0207_x2.webp,7374,ca4286894f9b3f004c4bf5dc5097d21f5f34380c60ef030c7247bc9310d5f9be
img/photos/thumb/v4_p0208_x1.webp,3478,1724b6935ee26bf00dcca39d95ddc3951d1eca0f0555335858362f6b17aa3e61
img/photos/thumb/v4_p0208_x2.webp,3668,40047b407b8207f96276d67fb9623b281a9b1d613b41d50bc0fab9333e65e783
img/photos/thumb/v4_p0209_x1.webp,11678,f9b0ac8ec5da661c00f54a8febd531ceea0734afb00ec324ef646368fac80bd5
img/photos/thumb/v4_p0209_x2.webp,6910,d63a75c7c6a7986f1b8902af039a310e8e9a49cf2e320f7eebe2ba20fc9bdbd5
img/photos/thumb/v4_p0210_x1.webp,8536,18862c690cfe659a45c36b20b3eb429391fa08d21795fecb380fba92c62facfd
img/photos/thumb/v4_p0210_x2.webp,7194,b89f97ea076d15bfaf33565cbb225c99defccd858944a10f1dd34690d9a3c8b9
img/photos/thumb/v4_p0211_x1.webp,7232,9b6ede571c580b1b0be19c955dc38451b1cdee1957acb9d299a3670429cf4b7d
img/photos/thumb/v4_p0211_x2.webp,10672,e92852a122cdf5d7d25321a9fe2b18465379efd1da6e067c8d580195936fb291
img/photos/thumb/v4_p0212_x1.webp,4680,1da9df0944b008508d9114ccf3642cda71fdd8687cc6c9e1266fec64db05f50f
img/photos/thumb/v4_p0212_x2.webp,4064,3a1918df9fc0c6bb6070cbe6c1d62c3bcde24a80619bca9ac5ad0b0c5bb206e8
img/photos/thumb/v4_p0213_x1.webp,5036,b4780796da042b8e14b31684c2faaad1ffd94b21faa42a71326571d1a0be3fa3
img/photos/thumb/v4_p0213_x2.webp,4756,4d0fe99ff889a636563f92dcdb03364e1ea8759321a959854b0186dcbb3abb6c
img/photos/thumb/v4_p0214_x1.webp,4566,afe80d764f52e5e7b451f021dce8b74b403116c488c9d2654589f58d8de91b3f
img/photos/thumb/v4_p0214_x2.webp,10086,f25469ffbd9371780997f8f3121f48e31fd78d9e06cc294807973e4a4032bdab
img/photos/thumb/v4_p0215_x1.webp,9128,3ea9c24d1627407e2fc522b08afcf29a2c9bbacd0a816546cc16d97b30256436
img/photos/thumb/v4_p0215_x2.webp,7086,8df737e2b23d1119978e8028c158179a91f5dc4a9baf635a30ed48c6929bfdfb
img/photos/thumb/v4_p0216_x1.webp,5512,fec849be78b92fffcd195d4b829be8accfb93ccef4827ecf00b1b519eb302880
img/photos/thumb/v4_p0216_x2.webp,6358,4bcd0b451c1c20ffc34fb2429c526bdeb8641eea4f34907b79f3306537edc01f
img/photos/thumb/v4_p0217_x1.webp,3834,2679ddce3145e3a72005cccc7c866393374ce480ebc0b79f748c3b3107b47c21
img/photos/thumb/v4_p0217_x2.webp,5646,90db60e38018e4e1b178b67cff0354330931b551b0001f853b43bc5481ccbb86
img/photos/thumb/v4_p0218_x1.webp,4486,9cab91fbe012630fd97e94510f7d70b2957d5da4694e1026d4bef952933fac01
img/photos/thumb/v4_p0218_x2.webp,3800,2c2a6489c830a2186f081a0dcaf2ce22baa271a26eb973fdba5c71ebec14bb08
img/photos/thumb/v4_p0219_x1.webp,5328,d2aaa54b98823b983260db8fc44aae73dfd8b82a44ddca6115f187cb84db2533
img/photos/thumb/v4_p0219_x2.webp,3730,94ed76843aff47c5a3c2c5a9c0ba8eade72a7f602f63f0fc9599631cff3f6f79
img/photos/thumb/v4_p0220_x1.webp,6948,707fde46c03b4051f23cdfa15f9efad2652cd3d655177552b56fa230926c547d
img/photos/thumb/v4_p0220_x2.webp,7972,b1b69f6c1a93ded69ae71b5884c926ec05d3446e492d877ac17125721758b9b5
img/photos/thumb/v4_p0221_x1.webp,5272,27e74d9c9a6b439101f4dda870999f34189e284f97c90d76560f87001e4bcb09
img/photos/thumb/v4_p0221_x2.webp,5980,2aa7cc3c6f755e7fd8e2b1ed96241d2f7cc130d01125dd267c3f856bea31ef2c
img/photos/thumb/v4_p0222_x1.webp,5266,7b4f629c1293cb91474790a77cfcfd72a89d36961c38bbfd0b7182af26b135e1
img/photos/thumb/v4_p0222_x2.webp,5758,b9dfa56fbc4bf68a3a70cff817acb8743403a0fa15d65f3347964958da626e61
img/photos/thumb/v4_p0223_x1.webp,5286,ca03117e16a77e189ebef7913be629e00af2ee95905b442b7d9b143ebe541a8b
img/photos/thumb/v4_p0223_x2.webp,7002,3ba5136917e793780c22140ae16f35df762a136876fd128924a12281f489e91d
img/photos/thumb/v4_p0224_x1.webp,7370,c62a33c41fea992db74891a45d7999642c54b6b540d5a1568dac23460bd1565c
img/photos/thumb/v4_p0224_x2.webp,7970,7e4c56a893ad2f50862b4e2440379b5acb66d7906323a0a75c9dd3016fac27eb
img/photos/thumb/v4_p0225_x1.webp,8300,46e14b5081d2d45e1baa0d118e25c26fafccf4d8e54a7e51d586adeaeb71ac4d
img/photos/thumb/v4_p0225_x2.webp,6706,f3c17281502574f67f801361aaaec3dee34f0e495c94f43220fa28238e39d741
img/photos/thumb/v4_p0226_x1.webp,7838,18acf20a476f196eda9b9bc2d1d75d4452bf4bc336841ca0938a63090f65a44a
img/photos/thumb/v4_p0226_x2.webp,6932,7bff0839f960d98a3f2793abda5d655dd53347c9f4e1645fd68f35cb2e6b0a12
img/photos/thumb/v4_p0227_x1.webp,6850,e534a262505e74950de2222b29962a0dd4bccb25bf5fbe3172c7e12af7b1746f
img/photos/thumb/v4_p0227_x2.webp,3614,b8fe6eee05de8e7e8d8d68065ef95e23bf08a2c4ef6d1b4f82fbb2dcf8ed12a4
img/photos/thumb/v4_p0228_x1.webp,4964,6cad9ba49ebe624fde22184c81f5bed7c20a1240fcb362db05bc66e44c60569a
img/photos/thumb/v4_p0228_x2.webp,4900,537ce0197764d6846c47101fd20abf9138f4d589f6ee1c8a9d17471c46b1c3fe
img/photos/thumb/v4_p0229_x1.webp,7662,43ad30f36ff7a76535b5f9327f3727b23f0bd72c9529ca6ae1ab22d958e59d79
img/photos/thumb/v4_p0229_x2.webp,5736,f381622b5ffa68bad9468534e32869aab94f44a509d0f0efa2bacbb8ad8fc2ba
img/photos/thumb/v4_p0230_x1.webp,5832,6567fb047844f5c1333e41dab8920a62ba27e6a827810dc7c58bf02e59fc9e64
img/photos/thumb/v4_p0230_x2.webp,6708,6b1765f8b3cc4ee7dc6f839757d82e2e4023830472718d39a4227969044834b3
img/photos/thumb/v4_p0231_x1.webp,8352,ec4feee22aac7dc38facf99bc66f789746e5fa571d76298fa070f1a5ca112ce0
img/photos/thumb/v4_p0231_x2.webp,7944,86b8fbcf5a23066cb65652f2b20a4ca83a161f7639481475c69e9f2ed621f4f3
img/photos/thumb/v4_p0232_x1.webp,5040,1ba81c15b5300656a6763a12c91726658590090e1622c54aa60e083b99a7eaeb
img/photos/thumb/v4_p0232_x2.webp,5570,bb24a0ccf0e9dfc0da144dcbf250360fb275b870fa7478fc53e5bd6b894a6c6f
img/photos/thumb/v4_p0233_x1.webp,6658,50d68c39d4ecff173130dd678818bc9eda4defe2f686169cce2f66787a684b06
img/photos/thumb/v4_p0233_x2.webp,5254,ac009108932385388327b1dd741e8930eb943d302e3c18212cab0e011516376a
img/photos/thumb/v4_p0234_x1.webp,6076,e0bd3077fa86c7d23c235adcb2c1fa9fd582c42e334e2174a576dfc7943ed1cc
img/photos/thumb/v4_p0234_x2.webp,4872,6be15406c429cf0e6f96b784f8aceb32493cc9f48d8ae059ceca2e90ea41e765
img/photos/thumb/v4_p0235_x1.webp,3974,672427c76b217669843680d62a237196e9c3862c30f7ee72dbc82b0e599640fb
img/photos/thumb/v4_p0235_x2.webp,4486,4faa8e97d1d51658b80faf0cb6f1493e8d2cf167b19317b569c67e50acdc8539
img/photos/thumb/v4_p0236_x1.webp,5084,fe423b228d97afe98cd495b27991127ca742633d63f21db3b683041fdd3e8f61
img/photos/thumb/v4_p0236_x2.webp,7470,e1d52e2a92333ed47366790ee58916a12517faeef93747e8f2bb0f7c09135fb0
img/photos/thumb/v4_p0237_x1.webp,5466,303305477cb3b0b064c5a87f968c5d5ec58d3f9bb5ea6039e185cffbf65b31e1
img/photos/thumb/v4_p0237_x2.webp,6464,c9e6e1c2b488a2002dff0f48a9c233d8b235b2a63543f4d360772f2dc561f0ab
img/photos/thumb/v4_p0238_x1.webp,7706,65ead595a8f3073b24851c865621b132499d9b0089c037bd50db5313d25d2d0f
img/photos/thumb/v4_p0238_x2.webp,3556,e3c079511627f6b70445a7403b6ea79e3f0bdc724c4add9317da6f424f536a69
img/photos/thumb/v4_p0239_x1.webp,2946,1ed30f58ac7d21021cd2e59c9967efb7c3c821ff5dca70472e4a428b1e14f833
img/photos/thumb/v4_p0239_x2.webp,4528,cccd24a3e0473c019682331e41068e4ad8b5b1c151eea5de9bc2f03804ac6210
img/photos/thumb/v4_p0240_x1.webp,7548,2933e3be6829d5981b01d5390295c3bd0b8be2ccb9a82284b637ba12e82c299a
img/photos/thumb/v4_p0240_x2.webp,4628,8c60f3fa0f849f84148a21be2b94fc8cfbbb22540d72f7fcbc7e11a198753186
img/photos/thumb/v4_p0241_x1.webp,4980,ef0de0a005cc3e7613682943a35aa62c47a178193fa28ac2a6f31d13c5eabd42
img/photos/thumb/v4_p0241_x2.webp,4456,8ec6c9f46f00641334c14c9c30c7ec136ac450bcfbc9433eee6952cd04fa59d6
img/photos/thumb/v4_p0242_x1.webp,7628,e75b62bbcb20d91b9284278cc1a6059bb53e9f405572dfd9b371554f384a8a3e
img/photos/thumb/v4_p0242_x2.webp,8304,6efa089296c8cae48cb2ac6d11b3085efa52bab650b756d34488ca5a12553def
img/photos/thumb/v4_p0242_x3.webp,6500,8d305cf7e7a2fe6c007d081e68af518f614b6c2993af7e632ef89676227a8481
img/photos/thumb/v4_p0243_x1.webp,6280,ce7d33244e4841b16e4e11bbd4412e63edde1e4ee9a07394d62b4cf337539fdb
img/photos/thumb/v4_p0243_x2.webp,8438,d45bdce2366389a2b4af9a657bfbfeba871beb80d3e8b69c357a7a16f9530fbb
img/photos/thumb/v4_p0244_x1.webp,3334,f8dc21e2a8867c4045828b5df73bd0cda77b8fed5043bc405eab54157a5743b3
img/photos/thumb/v4_p0244_x2.webp,2434,78271c5dae3c49f5236d2168d1994860471aa4e6e688a350617bc11bcd645ddd
img/photos/thumb/v4_p0245_x1.webp,5590,ff81dc3af709bc09a809158dacb7a1e91b1f90d90d0db5c08db1119706d5b016
img/photos/thumb/v4_p0245_x2.webp,3322,2eee92c5aca0d0a8cdabdfb20727c3a1a31aeeb87798e6ce825a08b227a7b3c3
img/photos/thumb/v4_p0246_x1.webp,6820,487c2bb34dd1c85e553ee2f650b7e57834e9b6f53749832918093d5acb275eb6
img/photos/thumb/v4_p0246_x2.webp,9304,9bae9fc5f44f396dbb71964a279590c6b85e3c4a2f502594bf9ea19c3114dd10
img/photos/thumb/v4_p0247_x1.webp,5000,cc826b885cd63ad8eca7fca04462651f29ea7e1df469fd0fc814961727cef51b
img/photos/thumb/v4_p0247_x2.webp,5922,53c2db61b92e2fe22fccfcbfad6f5f36829eef5656f16909082041340d0044d5
img/photos/thumb/v4_p0248_x1.webp,4196,4c96cfd673271b6a2e1c7e094e6f3de3d413b9def944fa1ac7d77dd385cbdc13
img/photos/thumb/v4_p0248_x2.webp,5064,b2de636276a9514b12431f39ef5fb0f8e88156e7c362e616f0e7b64f1038cf25
img/photos/thumb/v4_p0249_x1.webp,5468,a8a9a430dd6f382c256180ece7de962dd3f7efaf14a0bfca5fdc19b66410b9a7
img/photos/thumb/v4_p0249_x2.webp,4842,55d386b27279ae8a19ecbc6c2131bd958bcf3b5bc657a1ae49968e0bf4b8a8bb
img/photos/thumb/v4_p0250_x1.webp,5844,f0427f214b6e0a1549099afdda547090c17f133bd387d75cd236196e5a4f8898
img/photos/thumb/v4_p0250_x2.webp,6016,f801cf489d0e1d4931cc19cb67969c93b19b337f16695431cba3e8dd77ccd7ae
img/photos/thumb/v4_p0250_x3.webp,4480,2c9106c5bd214cad2c586f10fc084b339f0b742afb3be9409914adbeae2c95f9
img/photos/thumb/v4_p0251_x1.webp,3854,70c602e727afdfc03058a6e275e0899763f754723ccb06846fd586594088bb56
img/photos/thumb/v4_p0251_x2.webp,3632,596332dcd0f3f5df89a9ba03d7a975584eb37f37488ea79298148a19cddbac20
img/photos/thumb/v4_p0252_x1.webp,3134,8725ee62c0eb4e8d6e357016caa108e6b309f99b664e2ed27bc4e086fe7764cf
img/photos/thumb/v4_p0252_x2.webp,2414,f601657d9fa665200ab31b6c0a2947676d6418adea8a715640254335f8bc9d38
img/photos/thumb/v4_p0253_x1.webp,2372,8fe97fdaee5617defebdc942d1a9148e697ded0b0a84888fdede68d7adfa27b8
img/photos/thumb/v4_p0253_x2.webp,2200,f7a32bc43b20c165488b06790b21a7b681fa0f10e5ed1c1c560ef7a5e5d1e2cb
img/photos/thumb/v4_p0254_x1.webp,3742,890dfbc912ece0b40609696cb8ce0fc58478a162eab52def434b16e876c1572c
img/photos/thumb/v4_p0254_x2.webp,6414,71fdf0f96e7dba36d43f3d51bc762b213143b1c9aefa477445ad9798a727f6e5
img/photos/thumb/v4_p0255_x1.webp,5328,1ca533210289fc389e7c0afbc57e293710f9352304650d443775a2dd4e391f69
img/photos/thumb/v4_p0255_x2.webp,6528,00722e37e6bd095e8b53a467604dc18b4e220271967df40d09a80e07fe4d8b0b
img/photos/thumb/v4_p0257_x1.webp,5062,0d6fb12f50e59fce63f18f6e0762ddd6a069cdcfaeaeddf8e23d496bf97ad026
img/photos/thumb/v4_p0257_x2.webp,6804,623359783345c6d68c7f5602ed940c6ab71d70cde88dd47536c171b78b33056d
img/photos/thumb/v4_p0258_x1.webp,6352,d59748718fb89b29d4dd9b0b5485c8df2bf39681c342787512be40a0499bc42c
img/photos/thumb/v4_p0258_x2.webp,6344,a87b75b5df56a2b87fb290ae48987b00d85191d2113633ec25b008c31b3450c7
img/photos/thumb/v4_p0259_x1.webp,5474,e7f03cce1e8fdb38a9735b3c2ff6ad5a2ddc9b2d2214ba103c4bcf118e10c49f
img/photos/thumb/v4_p0259_x2.webp,6056,9d74df930ad79322fb8fd4d9917f4e1ad043e45bae2f6ae9c18455157873fe6e
img/photos/thumb/v4_p0260_x1.webp,8754,16626b3ae2a29f654347b6df4f6e447e5c45ab5d609b915ad0acfd0e7e690147
img/photos/thumb/v4_p0260_x2.webp,7904,65b4f576c478b1f186dc213a4acabdafa5dc6ea33fe3289b314161ca94e2b151
img/photos/thumb/v4_p0261_x1.webp,5696,fe0a96cd42dda75a0cd385c549159e4ff3bb1856c0dbc16abb909a189f8a8290
img/photos/thumb/v4_p0261_x2.webp,7078,2dcf90732852988029e5a8dc08c26e289c91f18dc5e8cb06a9418b5847e713d2
img/photos/thumb/v4_p0262_x1.webp,7004,294beca409d00ade4a803fb3c6e22e3d3e07633eeee7d6958800e2f27a97b7d9
img/photos/thumb/v4_p0262_x2.webp,6934,15e46c00ed91559a7a7dd444e86ee7e0146b3b1f0fad9d27a8108126efb03aad
img/photos/thumb/v4_p0263_x1.webp,4114,d8383fa5a132d83253c3572b974e27ee2b6c212a3bd16708c19b8119b0789342
img/photos/thumb/v4_p0263_x2.webp,6020,40717c46c4aba036c52fb1a529975dfd7ae98ef36b57bdb98ffc7075a0e969c0
img/photos/thumb/v4_p0264_x1.webp,4634,d699f560f084cc9107b5f9fbd62a519592a1b0228b3c78fd8ad925e2510e4173
img/photos/thumb/v4_p0264_x2.webp,6144,045fa5dceeeac2441ba68ca39a8f90697bf0bcf7a7d61503ddc17736bd888347
img/photos/thumb/v4_p0265_x1.webp,6646,8266ffe7cb72897795e13bb04de2b8831437035cd269e786c320e3078bf9fe6b
img/photos/thumb/v4_p0265_x2.webp,6076,3b1f142c01d886aab89eba552c6667fc626c13c96996a6ac52eab9ff03105993
img/photos/thumb/v4_p0266_x1.webp,6116,cb6ffb1cf67c832a8c8ace4884d610d66e8b1214d6aabeae27491694a90de380
img/photos/thumb/v4_p0266_x2.webp,7250,fda0473e42f220843bbc23deb5e3cec028d812d05c4e410e726a792b2e50f24b
img/photos/thumb/v4_p0267_x1.webp,6606,51cba79aec8686454041c8d50972f595d369302fcb2680f3d9cef54fc7e4d5be
img/photos/thumb/v4_p0267_x2.webp,8348,db490d53f1ee03e6028d47be822baedc3499be9b60bc5d7f022f156372c2f7c0
img/photos/thumb/v4_p0268_x1.webp,7142,52f142fc1c0b875fde8cd9e6a7adeefd3d463a1369cae8b937047f680e59db36
img/photos/thumb/v4_p0268_x2.webp,8164,6c0536932e3f8b688a33cbe9e2c6f18ab4db357a2b46b8417629701307b449dd
img/photos/thumb/v4_p0269_x1.webp,8306,dd10e2439dac87ec31c8a16d63a28a28082a3d2fee093f63aad67efaa5d5c622
img/photos/thumb/v4_p0269_x2.webp,7770,bed3f742e80e42e9bd28486cf9176ce576e95b5d66e7eb1427c84e1495dff89d
img/photos/thumb/v4_p0270_x1.webp,4870,8d8d6a63636a3c826c5dfc567bcbb4308c434bb13e8db1bf4a4d5b8c7dd1dfcd
img/photos/thumb/v4_p0270_x2.webp,5446,1a3392a1e3d8d0061fe24f017e1d292eb8e8496382badb78d21a05305e6e7fd5
img/photos/thumb/v4_p0271_x1.webp,5918,baa8ee2b8dbe93369800ebc3ca1f8b9a7e68389ffa34d098a89d499af23a39ca
img/photos/thumb/v4_p0271_x2.webp,8460,7a9e97cc20b5a4e051e3ec26b7791cece6151df990e3f676d03f997e94f6497b
img/photos/thumb/v4_p0272_x1.webp,5346,1237f49f1d70b032a670a0c4ca00bc66b464d6e7e05f53b88e8be65a73af2bd3
img/photos/thumb/v4_p0272_x2.webp,5128,2620adf046356bb8f07739c0396a229fc6a03217ca9a20a019105400b0081197
img/photos/thumb/v4_p0273_x1.webp,5682,741f9164521703f4e4b194bbc57a78c1e911d633d4e4d5b03f6b8c69e35d1d8c
img/photos/thumb/v4_p0273_x2.webp,5400,6d3fa8e573aae06c9c1a238a5bbac81f64964c167e8436410255b2fd55d58b50
img/photos/thumb/v4_p0274_x1.webp,6990,617e7a793998f375847a4f4374dc1058f29a984f263cc5d149f40ec143b31af6
img/photos/thumb/v4_p0274_x2.webp,6248,632dbc83232b106dcc730a2f320f3124c52ceab209f420c0bf9d2e6a6c25d8f0
img/photos/thumb/v4_p0275_x1.webp,7878,52a24b26dc4ddc2c2302cf86e08391a2eb319d372d2e4e1249f0621f48554f62
img/photos/thumb/v4_p0275_x2.webp,8264,57e897f941622c39eb661d77c87a9b0a477763f35a3855d2e1db74602e19fe09
img/photos/thumb/v4_p0276_x1.webp,8586,a9cdf9986b60758a3817beabd5a10538e7000017090cc848136d1a22c6588823
img/photos/thumb/v4_p0276_x2.webp,6448,21d8d9e8a945372ee37de670168ed20526f2411488204f29b446903af96e99ea
img/photos/thumb/v4_p0277_x1.webp,4612,2827cc73a265f60441a89c3cd8c9ce194c9abf31d3af73c2c009dc2b04e5e28c
img/photos/thumb/v4_p0277_x2.webp,6800,0bc1300a342fa57086d091c70515f6459b607d023a82d56571a90a2cf0a609e4
img/photos/thumb/v4_p0278_x1.webp,5882,36efb7296f2f7c4b242ae80f9932c84133b2ea0fa10ac708fe7725cfbadb466e
img/photos/thumb/v4_p0278_x2.webp,7354,0efb84b65b057bdf588159f7119ce0641eb7ebb502676c2653f2caee33c05c41
img/photos/thumb/v4_p0279_x1.webp,5318,7575cdd89a2903b26c145f0109f334120a5eabb78c61aa3d6aabf607bd8c4872
img/photos/thumb/v4_p0279_x2.webp,5956,1ded1ae8b5e8480830e6e63819af2fb83c540c861dba6845fc87b642be07f0a4
img/photos/thumb/v4_p0280_x1.webp,6638,cecd15febc169af6639706822ebd67ec91ea847de2b1db7b080236381e4afbad
img/photos/thumb/v4_p0280_x2.webp,5080,680d97b54fa85eaea0931a85b05a3f65dc9a88a3d3874804b4a97b4ee0e594f1
img/photos/thumb/v4_p0281_x1.webp,5270,c03823e5ede3d03922a629f7b3bbbadc4d239d7d7a166d97347d0719098e7c2d
img/photos/thumb/v4_p0281_x2.webp,5244,7bcefa808424fec1d6ecd731dfe09333883e34f9820dca28747e2e973623c0c0
img/photos/thumb/v4_p0282_x1.webp,7188,bd8751ba7ed62ce7077ed129f18ffcbf82b26845139510c1aff4d2703d8be63b
img/photos/thumb/v4_p0282_x2.webp,6912,b3dab98e1059b9a7316eb24bae18a57eb7a3cdc00c6487941ce521fa6422bcee
img/photos/thumb/v4_p0284_x1.webp,3316,d9131967011cc61d86b6a3ed75840da438c5190774aa410cbf2043ae403f270d
img/photos/thumb/v4_p0284_x2.webp,2916,cd0f0eef7898cf5c85cd555f4687793e673bc06f77b293d1bd75bd598a58aacc
img/photos/thumb/v4_p0285_x1.webp,4038,2134a2ab00f29686b6e0ff38e3b204cdbfd696fcec509103a5c61c141ca7773f
img/photos/thumb/v4_p0285_x2.webp,5968,1deddb7cb0f7fd789677775f598094d015355fea33f537b684976cd092e3f80a
img/photos/thumb/v4_p0286_x1.webp,4360,7359b265b8f244550fc3e63688c4ff33d7387a2c2613c27e1cdc44595ff5746c
img/photos/thumb/v4_p0286_x2.webp,5140,e05562364beaf72d13dfe7776d534b88817a04cce2a813cc9d6ed67431e892e2
img/photos/thumb/v4_p0287_x1.webp,5704,a18a9e6d7c4daafaee1d4531d74026143d41b706745c4e564465bee89b19671c
img/photos/thumb/v4_p0287_x2.webp,4738,6bdd7be933c904e915a8f730f3719c846d74739277b897c7d78ccfd678759932
img/photos/thumb/v4_p0288_x1.webp,5630,63d901976ae61755dc7cec4038d6f8f74d6108f79aaf5b5d0db7cd4baf48cbad
img/photos/thumb/v4_p0288_x2.webp,7242,1438b2a9fbe694f562f270701b0998614b99c355fdeb8065919ce6ee5324b2fe
img/photos/thumb/v4_p0289_x1.webp,4350,b50f9a55ebadd61f599decd15ba74f2f2232838b0c72c09d82fa74b51348bbd4
img/photos/thumb/v4_p0289_x2.webp,3618,4afdc2aa4fc78391b0a451942507eea96dd0092387a7f72caec599a0ab6526b3
img/photos/thumb/v4_p0290_x1.webp,4662,23a64e80dfc586c69e662b7276cfbd9a10b95b9a8761703a0b4cf280ee8a5de8
img/photos/thumb/v4_p0290_x2.webp,4970,cb871cef1268114922ea188065bce00f2cd9db040943eaa62c8d8ed7b6c08e9e
img/photos/thumb/v4_p0291_x1.webp,6656,18e1c221fd032dfd39524a5a60d54b83ae9369b8b934a030931ebce5f1ad2f80
img/photos/thumb/v4_p0291_x2.webp,4574,5dbc719e53dc4888c09913947fba8457fca64059d5bf4307228aa8c9dea69275
img/photos/thumb/v4_p0292_x1.webp,4774,623089c14584983b0a6efddd4d67b2da90c5c9101310245df8f17d2f41456157
img/photos/thumb/v4_p0292_x2.webp,2870,8b33ed9d1b1fe4243558695aa1bed7cffe032d7e1dfa979931803a2d5ffc82d1
img/photos/thumb/v4_p0293_x1.webp,6512,f4302c5a0c955398ef014a41c8892c1f453e7e1395739db501f762219e56d389
img/photos/thumb/v4_p0293_x2.webp,5350,a47f4977b1d983f2da49194ac5b714c1cb74c40c01a4abc694341396e36bf853
img/photos/thumb/v4_p0294_x1.webp,4392,6a70b8d44ef8a85e4b9e7ace81b05bb6ab7e05cafa24e1ed56952970c47c9485
img/photos/thumb/v4_p0294_x2.webp,5110,4fec367e50b25c5e37805a2aac19f7e466e09c741fa0a604d45dfdb4b47f0ddb
img/photos/thumb/v4_p0294_x3.webp,6440,d92233386912cd97973433e55338096f9b383d6f8f21e141e0ef0335bfdeb7fe
img/photos/thumb/v4_p0295_x1.webp,5912,f9dd27acecc8e34785cbf2b15f42ae176092a512b2bb2c04e73c238fe852b5bd
img/photos/thumb/v4_p0295_x2.webp,5892,6202acc30eda6a238804176558419f2338d398f92de76180633577a9a43e33ea
img/photos/thumb/v4_p0296_x1.webp,4614,c1aac24c49d77a563c229bf2d9a95272219ff6e8ed3371ba4f4fc111e1a790f3
img/photos/thumb/v4_p0296_x2.webp,5372,993e5796828ee261b29dbb87ee11020ef4c4f9adb75e57ac3beef9d37c8f03a2
img/photos/thumb/v4_p0297_x1.webp,4886,84fbc197a1f2a8be33d2a85c0173d30584b80e43fff56c56fdef24663e2dee70
img/photos/thumb/v4_p0297_x2.webp,5260,031da17a81e05ac3bf694cfab317c47c7b3ec040d21aff837d91bc3bc1ced989
img/photos/thumb/v4_p0298_x1.webp,4162,3e6d932e94d9caa7a9a71a412ad67b6699b535a38b377a472e16da841868a8cd
img/photos/thumb/v4_p0298_x2.webp,6374,e52d5b5a17e89eaac6f2e4230cc874ec2d62dc6df398d14ba1c8f4a0d2b558ba
img/photos/thumb/v4_p0299_x1.webp,2742,92d00e50ff2de63ae7225e02dbb17ed281c38c3d78909cd2bc46fde366dcfa7a
img/photos/thumb/v4_p0299_x2.webp,3514,2e6ae88e77181132884aa473b69e637349cbce5427d726674be18a0356750aab
img/photos/thumb/v4_p0300_x1.webp,3234,99a39b429d477e9903e82e468db3c183e4a1eee7b2cad856fc922f5a51c4ee0f
img/photos/thumb/v4_p0300_x2.webp,2850,da59c5c04124677a9fb717a004f14fd96d33594ac15e82cc3f5530c824727254
img/photos/thumb/v4_p0301_x1.webp,5384,04fa8680bbb3b9f595d107087f1e46a52961249771d60c0dca10ad04419b181d
img/photos/thumb/v4_p0301_x2.webp,5560,015b5910b7b58d32e2be675613c54743792f36331a04b05e8826f9a576a3666a
img/photos/thumb/v4_p0302_x1a.webp,3950,606c14a299d9115aa39a4cabdb4bb1306d044bd8f9607f254809bbd8c6959962
img/photos/thumb/v4_p0302_x1b.webp,3938,85843187879ba04a7d3960ebf51a1b42dc2b9b93434cd68310bc9de2436f2f0a
img/photos/thumb/v4_p0302_x1c.webp,3088,f7fd50f550e146b9e246165a7575f1864f17f05d44864fa28231d7f51e8eccdb
img/photos/thumb/v4_p0303_x1.webp,3422,9b43d29bb65f381ca53dfe55db2eaeb65cafe1eb495e22dd3ecac4a64859281f
img/photos/thumb/v4_p0303_x2.webp,4820,ada7b5ae05439194efe1af0e2e99b3d4c6f6f7202df233f8684d9f10bdba9a7e
img/photos/thumb/v4_p0304_x1.webp,4614,a480aa4ebe2f737535cbfdf29f8ebea15ee22c570519044abf3ecb87696c1e4a
img/photos/thumb/v4_p0304_x2.webp,5156,8744b9e83cf299eca6d3c01ffa2ca8175caf0cfc1ec8194eaf6ec0dccf0ea26c
img/photos/thumb/v4_p0305_x1.webp,3682,05ab6c6bb5c0948ec802beb16020adb853cb803bc304ad39af0ff8b59c33a5ad
img/photos/thumb/v4_p0305_x2.webp,2600,a8e033746b9a9cef8168778b504d286af7b9c42503768dd3ebef38e9a73789ae
img/photos/thumb/v4_p0306_x1.webp,2448,e700d8f8d90130309cb8bdb5b7465875b9ee5623fdfd4f18fca05079f3404fd6
img/photos/thumb/v4_p0306_x2.webp,3850,bf88e6567e70e8f6707a9945a02117fb41f52ce55b25c455b9392e70d2c9e4a7
img/photos/thumb/v4_p0307_x1.webp,6298,653bc96db4dc26affcb2e54c396a35559801929fb94382b880e9186cd1cd4ced
img/photos/thumb/v4_p0307_x2.webp,5818,369e6db96c45bd37ff39e196c1fb07626916e553d20bde13f5e0dd0c09b46604
img/photos/thumb/v4_p0308_x1.webp,5102,2f1958d18a4609422acd024eec3c9846052e91d4f045aac03908b2e819389ac0
img/photos/thumb/v4_p0308_x2.webp,6182,f633b47fdc6be4ea689953dd1cf53d59f8bce8252a25c2c142c95de69ba34514
img/photos/thumb/v4_p0309_x1.webp,5388,4e44f303b3e0d42bfcef0bc9d6e55bbb62cbf3dab1c4f5d3bc41b0aab4d7c164
img/photos/thumb/v4_p0309_x2.webp,3786,fa0311b33433d8e9e9d15535f59c3337d81360fa5fa161333bcbb18e2adc0fc0
img/photos/thumb/v4_p0310_x1.webp,2748,45add9720d1188191844312632726bfe0e6c359a513ae0dc02f7e5ea3c1f5ef2
img/photos/thumb/v4_p0310_x2.webp,3122,cb5e9773e95cd56713b0f113a5e6e5e1942d45791400c9b608128d37166d1d19
img/photos/thumb/v4_p0311_x1.webp,2910,9934c9f574cfff7bb630b34836d2ca4f3470a4eccb167b81bff3741f4f779916
img/photos/thumb/v4_p0311_x2.webp,2944,f024f1c0043c49787ae36aa6361825535809958b43e2191e9b9908085d1010a7
img/photos/thumb/v4_p0312_x1.webp,4610,e1f4ba5d11458cd30e98352d56a458f12543da386920d8fc1e4004d51d9b12b0
img/photos/thumb/v4_p0312_x2.webp,4274,9b6ee3af84465360a79214dde936b6010e7a5b47c533b58721e806cd68f4efa1
img/photos/thumb/v4_p0313_x1.webp,4618,4240892c4fbf054630e4dde13652fe733893cb59ace2b2ca564a512025b8298f
img/photos/thumb/v4_p0313_x2.webp,3414,e0241a5b4032141cd908f5559d764efb2e3ffb8957fccbcd8e027ea53bbe0c8a
img/photos/thumb/v4_p0314_x1.webp,3312,e25610c0a3fad7bc0b85443f49d76fe28e3c2dfc7bf68a9efa8b933f9d33e014
img/photos/thumb/v4_p0315_x1.webp,4006,c37d5b2f491651d715f7f5f3e6f026056f36346eccfe27e1b5731db3b428ae57
img/photos/thumb/v4_p0315_x2.webp,5038,fe4f4c50149a404810a8bbc01818aaae08a109ba030e2ef0d0d0178f38e915ae
img/photos/thumb/v4_p0317_x1.webp,3296,1e238d6896dff0fffa754a66a1ad68c3bb4669f3ba76373469ad0caf62752c3c
img/photos/thumb/v4_p0317_x2.webp,4260,1ac2077afba7c029f3fc43b066743fcb74ba24f679a865e8e18f3cc675abe603
img/photos/thumb/v4_p0318_x1.webp,2110,866e5b041c8a2edc106141ce7a6a50d1a5ff660630e4f6f3646daf94cb2aa29c
img/photos/thumb/v4_p0318_x2.webp,3346,5571452a81b6581ebed047aeaf4af4302a94881b5a55206d9e521b99ceac52c9
img/photos/thumb/v4_p0319_x1.webp,4488,4a497e82ce3ab9922df8214f24fdba9e907a68f07dacf5575daf4ab2023628fe
img/photos/thumb/v4_p0319_x2.webp,3954,56c1ec20cecb41cbdbf28a6e14ff5428d325f75166aa1ce1cbcc2ee401bc3839
img/photos/thumb/v4_p0320_x1.webp,5302,a8e1d776aa27eb6331c46386b4b893d73939d8498ba6216ac36a687b6783f421
img/photos/thumb/v4_p0320_x2.webp,4186,f8319c899b41db972c5936296cbeab90ef1efa3fcc2d24e0f15ca260d194c738
img/photos/thumb/v4_p0321_x1.webp,3720,f0dd03807d9bacf5173d02dac9023aeb4eddd650ce5f916cc9ba186cdca7c95e
img/photos/thumb/v4_p0321_x2.webp,2570,d494271252de882deee4555c2729d184a1a695f07ce9df41829069be178a6c3e
img/photos/thumb/v4_p0322_x1.webp,4744,04a15b7363dfb54613e7042115d87af82551e08b7598d68699986134ba7877f2
img/photos/thumb/v4_p0322_x2.webp,5410,e1c14b41e323bace02c0a81b7681c5defbbc87aa57f094cc49d547b38088464a
img/photos/thumb/v4_p0323_x1.webp,5828,60999a00be1b503b245773997164e124c031bedc745c9310712ad88e9a878fe4
img/photos/thumb/v4_p0323_x2.webp,9100,11c7851811d6f79e5fefc68c5fe8b4acf2bc2390e35e3c97b43301c651c4ae9b
img/photos/thumb/v4_p0324_x1.webp,2664,4997b6e8f381825eaca0284f12b4803b03a9279984f2b94c62c8d3236fe3ff8a
img/photos/thumb/v4_p0324_x2.webp,2708,f0487e3e05107c2826bdab1fa88af872daa46cac4e3e257801e4a1ad944969bd
img/photos/thumb/v4_p0326_x1.webp,6644,605a1970cd0192d0edd7b1e408568f00ccce1e28c9c0fa531a625fc8a854c4a4
img/photos/thumb/v4_p0326_x2.webp,1984,412193e2a78a1cbd9a2266f3628ce15cf91f6036a1eab53421bfea2c37dacb0b
img/photos/thumb/v4_p0327_x1.webp,3790,77d1d298c9e9fb794bdc7e2185445d55c7eb90a129a4617bd82ba9981f4525df
img/photos/thumb/v4_p0327_x2.webp,4212,102548802e4eea98e1501906a7773ae754e94e307498e453d41becc0830ef3bb
img/photos/thumb/v4_p0328_x1.webp,6934,ba2fe18634a8da795452f2ba3fe6f2d75180ee7b01658e4982b791bafeaa13d1
img/photos/thumb/v4_p0328_x2.webp,4906,50781a06e170ed1f0738dacf2591fdb6ff5b4ec4a3481fafafed1308fc07cc14
img/photos/thumb/v4_p0329_x1.webp,6670,5d15d5cc0fa2d921cddee3992ab78184983ae789b79880e15dcb49f314c1df24
img/photos/thumb/v4_p0329_x2.webp,7044,0bfdb8e914d0bf44d3c9567edca700113b6a44424cb3c2e15fd7ef7509f83dbe
img/photos/thumb/v4_p0330_x1.webp,6974,d856efe8047ebf14e6bcadee3bbfbf1abb9881f132eac6114d8abdf1c48bfa2b
img/photos/thumb/v4_p0330_x2.webp,6214,57ea79ffef266ba2c5de78c5e71335fe0f95e20bd2d4b32d21d8760ba7a0905e
img/photos/thumb/v4_p0331_x1.webp,6686,49f7b03335c644fe62d3c8c7ca34e1570a52e11dbda0df1201870e364b8fa5ad
img/photos/thumb/v4_p0331_x2.webp,7450,923d7c190f50e49a91a89fbe8b9a8d508d133fa974f33dba5b86d7c95eb50c0a
img/photos/thumb/v4_p0332_x1.webp,5192,5c868392f7cfe19d3dcff18cb13b7a750943ab252331280998f22b1ee7f960c9
img/photos/thumb/v4_p0332_x2.webp,6024,73ef498eeaabb48ed9061a689aeac120dc36337fa2e0740e47f1d8f1426a7e7e
img/photos/thumb/v4_p0333_x1.webp,6668,36d747447cfb55518ab22dd4dd924b293f7c352076900a521875533f3d74a434
img/photos/thumb/v4_p0333_x2.webp,7780,8c6ccbf7a92e24f9b506deb822ba9a7d66708cf58312175c8f50cc018f001d10
img/photos/thumb/v4_p0334_x1.webp,5860,baddc264ef979102f0b8641781e49e1647b69d52e80f3255dc99db7b26f119cf
img/photos/thumb/v4_p0334_x2.webp,4864,f89b4969801dcc3c8655f169547d07ef2b21c5c3358b4d1176e3a04348dc748f
img/photos/thumb/v4_p0335_x1.webp,6202,9614a4eff239a5929c85ce821b64eb2292d01eeafec8123c78873834e730c3ef
img/photos/thumb/v4_p0335_x2.webp,6838,9375052f09e462956d791d712e38c0aeef7f82ac27b3a97bd5398d1d1d73eea8
img/photos/thumb/v4_p0336_x1.webp,7250,f6a7169ce14b1fbd21b52dedab4efb7ff404ce461085285f0d42254c58c6aff7
img/photos/thumb/v4_p0336_x2.webp,5840,144eced8ee90cd3d50ff8c217c673b87605981d5e554a070b4bb6f789442c99a
img/photos/thumb/v4_p0337_x1.webp,5594,8f8104f66aa7b228a25f7b825f13b1bcc5162e2c3c0041733a4a13af2eb6dc4b
img/photos/thumb/v4_p0337_x2.webp,5510,143549806af6adeb67fc37a7c152ce65c8302026f60c10079c10a139bb435636
img/photos/thumb/v4_p0338_x1.webp,4756,3314851fed945ba3243276860934d3cd7b8673ec569e9df3f3537fcb4beecb21
img/photos/thumb/v4_p0338_x2.webp,5986,f3448c3ab3079414a44e614ef0970c337fc655321c9e735194cf55a0f12ab54f
img/photos/v4_p0041_x1.webp,73766,df7ed6861c11d4d607bfaafa9139e74e83181a658e090366291b60d021f6f8ff
img/photos/v4_p0041_x2.webp,103028,6e9269cbfd448fe3921653083b157387c8a01fcf68f3046bb2f2d94e51c8591c
img/photos/v4_p0042_x1.webp,95530,727553de44328e9829d7f8d66345594c4e5fd8759774a7904b745c4bb919f1d0
img/photos/v4_p0042_x2.webp,113958,83dea17c138dd38779ea36cb397c892e3254c344aa7233a7cc29c7cf2546a6c0
img/photos/v4_p0043_x1.webp,57312,4085c455cea6be78bffa27d45846004b4aee8ca6403732e9b5a471fa3c35a0fe
img/photos/v4_p0043_x2.webp,118420,59848d9846d03eec1b02ee5f8bb97d339e29d3792219d7e6adc3e29daad455b0
img/photos/v4_p0044_x1.webp,84096,5f15bacc9a1713fbaf27619f600d639dfed49cff2d06f2cf1fd8f50d6ed4e007
img/photos/v4_p0044_x2.webp,61576,9fce385e5efa3e2e1e1f16ce0d6c502e2c65084b1d3b2f93201a35860d0948ec
img/photos/v4_p0045_x1.webp,56886,13da2329e764db50afcce9394ff9ffd7e08e059522dfbf134cc05cf243666747
img/photos/v4_p0045_x2.webp,75956,67e7da6b8d21d9359c489cd9e755645edcf313554e60e9f6aef72847245fe314
img/photos/v4_p0046_x1.webp,59640,9e6b6377085c2c8d745d57979cbf86614be8cf470932f253dbf807b46156d7f3
img/photos/v4_p0046_x2.webp,95256,74fd10752de3cd6287639b1b26d19cc4a35d7c2e0c2b763e3ea17535d303504d
img/photos/v4_p0047_x1.webp,81860,0c25fb3717f0f569837edadc105b697d09c824dd87a1def04d4c23cdb995cfc4
img/photos/v4_p0047_x2.webp,98220,563f9b77b0faca9a96bc4fcdece4ec21ce3c41abff6ffa82315ac52be2b44d5b
img/photos/v4_p0048_x1.webp,84114,1283f6cb94d2be6013e002f5f03d8ef5309fdb3527a88dcc3dfa24b4e37910dc
img/photos/v4_p0048_x2.webp,64922,789317c6827596c58a02e8a2a16ed68f1aee05ee05a40182d97892c8bb34769b
img/photos/v4_p0049_x1.webp,52010,1c36c0bbeb312d685a3511fbf8b284b419072b9f16f0d83d211788798717a04b
img/photos/v4_p0049_x2.webp,74044,be4a8b2b0af46e87a4f68621a9e71c68fee417cd2e553d1b88047f4f75337c18
img/photos/v4_p0050_x1.webp,50988,c8375637664545eddaa8521339f6d77f7ca168f58011d6b0a13418de7960b178
img/photos/v4_p0050_x2.webp,82094,1061f8ed157493c7e9c7b18be47607063ed9add480f2d730e9a21ee1b45e2d1d
img/photos/v4_p0051_x1.webp,113096,e9cbab24cb6802d012a71c618b1891805b4e7bc8e39ec45ae46de57bf23b5e37
img/photos/v4_p0051_x2.webp,106504,9199a2337ea6c7c424bac86584f54f99066c7da7d3719237c9aa898795a9e858
img/photos/v4_p0052_x1.webp,43504,c1d664f2e6f0c6ddf25115775af1ea804fa59e37f12be1c568b5037adc84e63c
img/photos/v4_p0052_x2.webp,32652,b4c8dd55497df42d6f32411e0f6f9eab3725c42cd4f2a22eedc9057c34bcfe71
img/photos/v4_p0053_x1.webp,106456,aebd9757abd8a2134b0a73fa57bedfa3e1bb435a344aafe3c8ecf464ebc48567
img/photos/v4_p0053_x2.webp,91584,73ee8b05f61b9f1ff5f1aa2f0d1e714a20bb78365b13315b9b5c79dcb4fe932e
img/photos/v4_p0054_x1.webp,79430,fc06a51365df3f1fb50e4db964525db11f94023850b956e0e9287fbd7a2ce4bf
img/photos/v4_p0054_x2.webp,115650,de6e64a342862d52813bba28b8c66612cebdecf05e4fb7d0912ce816aafc15de
img/photos/v4_p0055_x1.webp,108082,a6a1ce05b678e33da21fc6c307eb9ca9e60dc5b2acc84543e996eee0e172eea1
img/photos/v4_p0055_x2.webp,84486,5285bb8001dc714826e8467f0d336506e8286a2a20bfd852d720d9eb3068185d
img/photos/v4_p0056_x1.webp,113886,1f70c9ff4c7ab8f85e7fb6d753ee0e6a7844d694e92dfbb76cf201f565852b2a
img/photos/v4_p0056_x2.webp,84908,b5a95d6f834da55fdf4904129339c2a5166e43352bf76e8951463627251cab7a
img/photos/v4_p0057_x1.webp,140094,249d39d4739ae955bbcf1e656a48fb3036eeb989606f3fe2984c0044d1814c69
img/photos/v4_p0057_x2.webp,81068,87335ced47fabe69addac53469ffc06b987fc58bd5c0da34dd9b3f047a077c16
img/photos/v4_p0058_x1.webp,78524,bbd0876004847fa5d70fbbe343a580a3a94f10da3ecb644ba0307daeadc27ec9
img/photos/v4_p0058_x2.webp,77210,fa562efe2800b1e42e8e10a50bde9347f03496ad512128df0e9c1aed25f9617a
img/photos/v4_p0059_x1.webp,85800,0a6cbd09eacac9d4565a1b073ee6f56e1d31a1a36cc749455b38703198829fcf
img/photos/v4_p0059_x2.webp,123704,6689ab82779603757c51b6ebff84bf267643c4ab06a407449178af0743f35402
img/photos/v4_p0060_x1.webp,60880,774c03749e322c8a4e56266711f7f3c8cf80020272955660e9f0c611f1d8cd94
img/photos/v4_p0060_x2.webp,99922,43cc0ea2619433f3b1d1d1698359a65e2f66eec44be7ffbd09285cc6391e43f9
img/photos/v4_p0061_x1.webp,117194,9754b0ac268e735ce4e52f391b1275231a2e9a28d9b7e992ba37250e7e968b99
img/photos/v4_p0061_x2.webp,108490,3fb3df540d114cefb21852db5cb83502022fdfb09e4afa49872c79db2e909e7f
img/photos/v4_p0062_x1.webp,88700,fc96a1f74c0266d7299ec8672f061e2d6ac77fdd23f62e52b48a1bb23b917068
img/photos/v4_p0062_x2.webp,81922,769a97b4f9f2505e30d0742052aabd3027f9624d51d5d99dbf7456d9c4d43c8a
img/photos/v4_p0063_x1.webp,71598,ca3be660aa7cfccc0316497989b6f078c97d3cbcc15ed9ff3046d55b1c62d018
img/photos/v4_p0063_x2.webp,83592,7ab26770f4519749e0cf85f708fe5fa4bacc49ee9defe281994293b9f2b70ffc
img/photos/v4_p0064_x1.webp,73524,1c34bca0b489121a658f5ad242cc6450fe5a6fcb5c94707d942b82450e1a7f31
img/photos/v4_p0064_x2.webp,83092,8dfb83816471d8dbc54842257c757b1187c9a41c74c48340de13f57084291bf9
img/photos/v4_p0065_x1.webp,72798,287e86e3dc8de4997a12191e021dcba8aafa6026ad7e98c7af5b8f3c82ad0715
img/photos/v4_p0065_x2.webp,82196,50a82caa1dd2cebae0948b984aade53898c83d9f035428045ff1b8b632133679
img/photos/v4_p0066_x1.webp,89314,7edd2d80a362e927e43544659f9fa8f16c535efb692abcf028492987a6ed69e1
img/photos/v4_p0066_x2.webp,99000,90cb8592910fa5f591fc4bd7eb13fa2f0343eee66bcfb56d4f6c6600097b953f
img/photos/v4_p0067_x1.webp,106324,7dcb0a3ba6e80ae0766a3200f2f8d4375ec8232d8ecb305fed81880d1e9bae64
img/photos/v4_p0067_x2.webp,75766,6da4ebeb7eea96452dbddfa754f2629ad7e9b9d82e04a68c3d605593f3f47f12
img/photos/v4_p0068_x1.webp,90070,a0c70d26f70d2954d46a0c06231cf294efb3c5b472a8f2ee854dbb6203063a10
img/photos/v4_p0068_x2.webp,94192,9552cf3a656d95a9e2aeb7422804dae9f45395b21eb3acc7c392236f6a6f4164
img/photos/v4_p0069_x1.webp,73682,df07089b0ffa81ee35e175faaadcbd9d1f0b1cd4369c1e0de23d198d3703c36c
img/photos/v4_p0069_x2.webp,105624,25240e15c7dca6f41ef5ce3d55e9cf4f225de68b317481086afff939f2448fc6
img/photos/v4_p0070_x1.webp,87378,f2ffd3b5c411a90b1eedbd50453d12035077912af350fa71c4250761190b9539
img/photos/v4_p0070_x2.webp,92484,342201c7e1b385c61918af606391e89901cca681e35090876a71ce9aaea856db
img/photos/v4_p0071_x1.webp,69512,4a1c0342b43897b3aa49234c3e3af814327ab242a5c588ce5c3218bac1f3f0d9
img/photos/v4_p0071_x2.webp,149374,b8bfa06996d281b8ee1c86ec6ff41fd2dd99a89c4295319c030673e5f606ea67
img/photos/v4_p0072_x1.webp,96490,dfbe9c588e6ce50d5d63101aa144d1118e3280bb27037d18b7d425b726654528
img/photos/v4_p0072_x2.webp,67066,6113b2af3b6d2140c3ccf81751397b83a04a3a5042d14cc33937ce3a17b5f303
img/photos/v4_p0073_x1.webp,107578,8245d80b2bb173cf84077dbc64e2729ce5b72566009ff714e380c5125addcc83
img/photos/v4_p0073_x2.webp,83866,3f231fb8c6d51ad6e092842535ffc29e7215635443d326b183d60a57a9baba1a
img/photos/v4_p0074_x1.webp,52690,19d37e8c1713fde86712117231aff0efabbc4d626c6691bb26f6c4cac7843b28
img/photos/v4_p0074_x2.webp,40606,03ad0d389b1e8680824eb35d9c03e8d32d6b8de4b1438337c323249c521ee55c
img/photos/v4_p0075_x1.webp,96046,850e604305706967bdae6efab3b344c86d85e9d5b6eb31e9dd00e7cd12edd88f
img/photos/v4_p0075_x2.webp,62558,a0613b1ef07fdf17144675474d4b6517aa940c81f3d03502001f7932dee6be19
img/photos/v4_p0076_x1.webp,67656,a7bc39d4de4951cb52c4cf0cab5bd9a4974f19e47fecba36aa4d89a1b5376c61
img/photos/v4_p0076_x2.webp,70790,1c8a0f9b292edaf81defa901080035bb39cf678841158639abf0726b5e1aaa3d
img/photos/v4_p0077_x1.webp,21830,76bdbe8f9826bc54588732f34e16caf80794fc4017992f0880d0d2dfc5b31741
img/photos/v4_p0078_x1.webp,73774,67a223cd0b328fa5d455368cdc72a5a3f2bb13e578af9fa29072f4b1bcb57586
img/photos/v4_p0078_x2.webp,65722,562e9d337a5acbbe90ef5fafe94499e623b8e5e8b7a5f2233efe27ba870f2792
img/photos/v4_p0078_x3.webp,91856,48d9d662e8e7db9d3b86a7e6632c4dd65976da8f0b75538f97f7e1ededf4e749
img/photos/v4_p0079_x1.webp,74218,9e3704acb7846db79ce0d8a41841169889a41283e5cac02428240e3028da610e
img/photos/v4_p0079_x2.webp,88072,5d35a70c20294faea12813d65ba12b1a7152642824dd0bbfdafbf1084ac4362d
img/photos/v4_p0080_x1.webp,54108,9b164c18191c1bd02cad3df9c69a4fdd6fc0f858ecb84bb765e9c81d5eaa1c67
img/photos/v4_p0080_x2.webp,76340,f226ac0a87ca0ec68efd0bff8ed850821bae7db66b0988b748af4ff344844da7
img/photos/v4_p0081_x1.webp,30446,d356ef457e995011549881d5a28fa3627acdcebed8c317f4e5ce5537c8c557b4
img/photos/v4_p0081_x2.webp,35774,3c55057248a040dd06cd28e4285bbfcc8e3b7eac3e7c333752f4a9eefedb45be
img/photos/v4_p0082_x1.webp,61522,7a514160e86269c0c23d84f0c2a1b538674c8d4c4571954baf3adf619fdfbd12
img/photos/v4_p0082_x2.webp,106574,942178eb66461f317653dbada994df85f2072b90ea7888c3dd2a6f72ddd5c4b0
img/photos/v4_p0083_x1.webp,85194,06a527699d658ebe4d8e0b36170ea471df418ff403af25c083bf44f982867131
img/photos/v4_p0083_x2.webp,95530,cd56994f11255f5615aea4998ce46a6c726f39edccccb5929d673d73a04a0fc7
img/photos/v4_p0084_x1.webp,98318,1c17f806712fddd7c0b331dc3010ea4992c380dc161658e2e6dcdd61e884bbc3
img/photos/v4_p0084_x2.webp,98574,4c57e113c5312024491d9e876f6191f126451020604e8cce660d291f590a9fb0
img/photos/v4_p0085_x1.webp,85814,8d8da39a31753ae0e9bac5137dfabb873a659c94046d9b19a831505e457b68f6
img/photos/v4_p0085_x2.webp,95962,83d3db4d4c3b4672fad91a0188956b976da675d13b433af9430c37f1e41c7d6d
img/photos/v4_p0086_x1.webp,65594,96c29226dd6f47fa27a2493a9a1a9ca1432185f6af236b6cbc8bce35d027be0b
img/photos/v4_p0086_x2.webp,65092,2090985d0c303a7875a484c50e085897524e43831e5be81870091083af2dbeca
img/photos/v4_p0087_x1.webp,100098,3fe16177419a73e1bee3e35b77be3010e8f3563155a962c0d90c581eb3bdbc9f
img/photos/v4_p0087_x2.webp,48930,9ae6402e03890be5c6c3808c0b56c4b48944ea6c61ef7f99f66a068c6d882278
img/photos/v4_p0088_x1.webp,73210,d42314fbc071744259a9f72e1cf8229ba52429307e22145762b943944c11e5eb
img/photos/v4_p0088_x2.webp,66744,d15fa9038a2f709ec262edc5b14b11189979396ddf088b3a9a667c3fd2048e45
img/photos/v4_p0089_x1.webp,61678,d40c974db799e43e670302b52b58deaec749ecbd550495909a8492463f7d36d5
img/photos/v4_p0089_x2.webp,38644,5882ff965d1e5045f5d7ad2d42b795ad426fb0061eaf750efc2ee25f4c3ae43a
img/photos/v4_p0090_x1.webp,74740,53ac88cbb69bdce6970e217a26ae9fb252b53acb5cd279c5f99ac970aa71ede2
img/photos/v4_p0090_x2.webp,109060,2594dc58c8206366ce97ee47ebc28e093c22a3c11114a802524a4f0f875662d0
img/photos/v4_p0091_x1.webp,104998,498bcee91d060dcc3656e492d47ddca82a8bf8e3820635720394db051728cfb8
img/photos/v4_p0091_x2.webp,67520,4534c2142cbb9343081d87af766d06bfc4ab2d38f6f67e58806a3d90322bb769
img/photos/v4_p0092_x1.webp,56756,ae7b790b4784f7af7cc97f790300e3333928953d8dbf673831d22343d65c6aa7
img/photos/v4_p0092_x2.webp,104172,734607f6918d6b5108f1b85d4a8f1dde653fec8f7b65651282ca21b9a981cd1a
img/photos/v4_p0093_x1.webp,90194,124a3857f5e2885ed86e3e4c6a203f55b69fbba7ac08c5adba5d440dab42da6b
img/photos/v4_p0093_x2.webp,121576,713f19f76cc0c51bd22da27d13e07107b615c62ee8308c721b49906e066358f2
img/photos/v4_p0094_x1.webp,95950,09c799f949cec2306760d39d727eb58fb258ab7d5ef8600af9a20345d324339c
img/photos/v4_p0094_x2.webp,85434,24d572da44d1e4f74713b40cda7f7611240df395858e31036ab7a876ae130b24
img/photos/v4_p0095_x1.webp,75964,616b8924b7edc25e39ede2f48c684c2679bf1ee3f8f2bb3d715e553ed11939fe
img/photos/v4_p0095_x2.webp,118498,4c5911d86c2ab1ee0f82636567421b48e909541d4db2636222345606c5181162
img/photos/v4_p0096_x1.webp,77092,4d21f30905d1f4896bfcce70eb922fd424bfc47e2ee22c8479db12ee1c978b00
img/photos/v4_p0096_x2.webp,85066,50bbe1db1642bc244e3071ca480f094a5e5e5d09317fe786410e872714dedd5e
img/photos/v4_p0097_x1.webp,96644,ba9e2c61380ae61de8b2d74b44321a0e5192839ce09d1846c2f381bdb3b1ec0a
img/photos/v4_p0097_x2.webp,41798,bc7538c6b518639667ee0c8e80f08b0e5cea41e5ad3372fde8a834d25b77dcae
img/photos/v4_p0098_x1.webp,94704,33cd870f0bca7f510fc0b3efffe7938d4afbc1c7070bb3d2509bad35d27fb60b
img/photos/v4_p0098_x2.webp,63184,355996609838515cd5b171b5db250f2eaac531bbd20669321764e5f8c82b2c47
img/photos/v4_p0099_x1.webp,86938,6490d46b674111c225c40615b7e4aaa2440bb38901c96648ed8cce8d1bddcb35
img/photos/v4_p0099_x2.webp,73710,dc2db83f1aa2622f69e21701e9fc52f2230c6088ba80f840b590418186778784
img/photos/v4_p0100_x1.webp,56950,fbfb242844caccdb8df50d50968d55f6c5b2fb336f74bc8dc72018e3e275b080
img/photos/v4_p0100_x2.webp,93116,c82e72b84863c3a092e5e0c108be7319d5be1b4c19f9a5594a86956059f6313c
img/photos/v4_p0101_x1.webp,68336,2cb646c6df6bb15f9c85dd6dd70073a2259931a1950b690481d20c242dd333c2
img/photos/v4_p0101_x2.webp,107150,338b35ab78d3188bfd0781db351c957ebad869ec83b42037298715aeb47e5faf
img/photos/v4_p0102_x1.webp,86692,439245fa6716a412868802286d183a3c7c9b72119b16206cfd4b3fb826458a00
img/photos/v4_p0102_x2.webp,99982,f66e00163123561f7c7c1c77710a62273100326f0219a61c6ff63d88a8f70232
img/photos/v4_p0103_x1.webp,121912,a2811c18e94728f164715385cbd5305a533327d7e6294f8ec84f241185f5de68
img/photos/v4_p0103_x2.webp,92664,d62501ce2f281ad76757a570e9955aad38e40ae0e7c4abd9f407530e279d36e6
img/photos/v4_p0104_x1.webp,99740,084d57fc6efbaf07b9bc48522c393afbfcd19d9f4876e334196ee49a60c2c3c8
img/photos/v4_p0104_x2.webp,106804,061ca174974056ae5496f49b925a529301ba39e60da274bd100210cd2bdca0f9
img/photos/v4_p0105_x1.webp,110438,bc6048167a074b52ff484d2f01adc1f7fdbb0cedf8ff6046d9236125636ec02f
img/photos/v4_p0105_x2.webp,108826,6382ebbd6dc3daef49ca8d06b55da01360875496d223322fa2363651ac2686d7
img/photos/v4_p0106_x1.webp,71854,ee7f6f1c785bda56cf3e2204652ee19d56ff819c8de901683de4206c07923df9
img/photos/v4_p0106_x2.webp,91870,5f67dfc4283077cb74231897cbc4dcb63c0f89ee2920de7abbaeca629e7cacf1
img/photos/v4_p0107_x1.webp,76296,275bdf0e74307a478ff3819122f2e0675763f08d576edb6a135e1fc8fa28c11c
img/photos/v4_p0107_x2.webp,64530,5682abec71527d1a55ab4ca6bebb8f48672817ae84c49dcdc34b4aad175df8d9
img/photos/v4_p0108_x1.webp,126520,1e279be437d9d214061f1bc1150b9f7d4a42eab58575839427c585933bd9b33d
img/photos/v4_p0108_x2.webp,112628,15dfffc2a7e6dd62df2779d9abf90cef238b52b282b5594f060e6f97ebdc6bd9
img/photos/v4_p0109_x1.webp,112540,4581ebe6f9da8ce016ae2b9ab323e8d28a42354a0447d3cc9261e64a6a990c48
img/photos/v4_p0109_x2.webp,117278,ca02e6f282d25475261f3870b75dad83afa05c7ac22eec9b065058585be80ff7
img/photos/v4_p0110_x1.webp,105106,8977ac339e5f6eeeeca1d7610c76a2d7f23f14898bb6fca171ce8da9cea476c2
img/photos/v4_p0110_x2.webp,97958,34b0e6d8ce6caca275766e96bfc8827214223347934237bb521d7a3b297eaa22
img/photos/v4_p0111_x1.webp,95346,0b0e46b2850c139ed330f1f4ced2dd644f25e2c9240ba2ad814ffc0851a627d6
img/photos/v4_p0111_x2.webp,107064,a4039708cf9dd9b1566bb2ebc83726dc8e8819fe0b8e18a75c1f07ae6763cc40
img/photos/v4_p0112_x1.webp,103948,5664bde6175a0fa4d9034b91a57ca639395e8ce915ab2ec2003a2ccb4ae3e40e
img/photos/v4_p0112_x2.webp,110580,2eff3586fd52f94a5cd039647233f7badd117d3723e722155c1cdac5c01440b3
img/photos/v4_p0113_x1.webp,91164,105ee4f9dc2b86925055c98c5f0181eca0a0e8d400209df31893caf37e123f96
img/photos/v4_p0113_x2.webp,123856,35762126e1fd102b9070358e2b11f676863ba0fcb28d52f91615d2354b9edf63
img/photos/v4_p0114_x1.webp,61188,461fcadf75df448faadb910f4e15ab1f3c47a4a22f75418886b8f6e7ce1d0bfd
img/photos/v4_p0114_x2.webp,94056,c9fd436b4c6fd683930b58b3f9073a8a84e5a1aaf9b83e9032cfd24c169d5120
img/photos/v4_p0115_x1.webp,126162,01b4bfecd387621d37dac8eb2c730a76e7890140d00a47687cac3a6db7107af9
img/photos/v4_p0115_x2.webp,127818,b2da76f70cf898ef2d4924002bcdecf47b141afb6a96070ded554fe121c8aa28
img/photos/v4_p0116_x1.webp,58508,35fc8909b3d88d168b1af5c1dd74d949b40667120ef9bfc85e830d641e24a4ee
img/photos/v4_p0116_x2.webp,93214,b0fcfb34a7f574f56f841d4fb67b817efc525341f85145fbf48b217e76ec39b0
img/photos/v4_p0117_x1.webp,75334,3d3e1b09d168b952e9e9c0ca823f86f71536f76d8068854f085aede27d3e550e
img/photos/v4_p0117_x2.webp,70286,ba58960a065a3b1f847a2324978a8c2371236f76e3bf503a69a77763f70d1e6b
img/photos/v4_p0118_x1.webp,101530,6341cbd77ddca5ab93bcf5d87a0c6d93e4021760766e10a1cf8af11af1435dad
img/photos/v4_p0118_x2.webp,53116,28c486eb5c523aa6471114299ac13af3566bd24f0eba02d5d49d6e6099d80f32
img/photos/v4_p0119_x1.webp,61268,9035af45f87c9158dc4b5172ab9d24dce36d8f6a1b8e6a814d65dae1d54c46c5
img/photos/v4_p0119_x2.webp,60884,0f652073dc7def82729d64718271a99fa4d85c60fe50c5dd392eb14e59c5d2e1
img/photos/v4_p0120_x1.webp,78846,b9a2cade1c7a57a1f2bac2ba6cab210d07d23921211b34fb151c56efcf076a65
img/photos/v4_p0120_x2.webp,140544,8de648c34093eb9084114652812f280bd4c6a36a4a8b125bc355068051e9f379
img/photos/v4_p0121_x1.webp,133972,64e81772b66a75d83cb8bddedfe670573c395fab0e182e089866827bb44f4012
img/photos/v4_p0121_x2.webp,109402,4f78a740f63ef0ec4f89a19634c094c5b4f51d56647a1d9a4029e40b5c205815
img/photos/v4_p0123_x1.webp,102834,416c9763e8a841da9dfb2f39b900545a1e18c50ac630f01a6d325e6f58344e1d
img/photos/v4_p0123_x2.webp,93226,ca3aed7bd3b04ee0fdf6dbd16dcd9f0a107c2220c297eb33d51de3dcce03d935
img/photos/v4_p0124_x1.webp,54124,0a2f5758b50a88a824cc429ea016aee39b3e3a3e3272de26ac679750f9f6e309
img/photos/v4_p0124_x2.webp,84894,2897cd69baeee2aed35d3181777ce9107f35287feadfe966a2dc82f096d788b0
img/photos/v4_p0125_x1.webp,74800,0c2b0edb9e085fcb62bfb36fe0f5ebc16915de57354ac099143e85863a98f1cb
img/photos/v4_p0125_x2.webp,72366,67ffcd45b95381c77eb1f38d74f5afbe1af10cb57dc8088d145a6c5583697911
img/photos/v4_p0126_x1.webp,105542,feab4d9761e03596cdb42c6b9e36304a2dcb5d153423d26a84ff1237875b9c09
img/photos/v4_p0126_x2.webp,96316,58f379f9dac30fb58f0f68f0fcee7ee629bd9f2870f146ef78688b73942000bf
img/photos/v4_p0127_x1.webp,92050,2190d04f839f36808b2881157afba9984e467850d11481e8f633fd85dda7c7e5
img/photos/v4_p0127_x2.webp,86016,01cb62d5cf13352626a8c019c6d7d70dd15c5bfc670b62f059b6d300a77a581b
img/photos/v4_p0128_x1.webp,97630,64420443f709fdecc2bc4df541dbc30be35bf800d17913df873308921392a837
img/photos/v4_p0128_x2.webp,63362,70be1522a5337434a94c42e4fde7f363594d634853ce9a50e0a4cc7e7227c82b
img/photos/v4_p0129_x1.webp,81410,da8dd8215d976fd68a14667abf3a0d331f4bea1f6454c340a22a3997d495072a
img/photos/v4_p0129_x2.webp,90194,73c934fc039b5c8611831b9a7c44d99828454d2a6737bda69058ade7654906d3
img/photos/v4_p0130_x1.webp,86662,e0ddbc601af1811b0f903c6e691d7a56b090c11bf0962a74669e75a9a3e8257d
img/photos/v4_p0130_x2.webp,86422,9fa5a17d385c8b5abae8e2d762bb4d4abe9611301b28313afd8bc5d4a38a6ebe
img/photos/v4_p0131_x1.webp,106212,8f345cddd5ab598ebde77373ed242b861ffa47beaaa72b1723ab7ab65e5890f5
img/photos/v4_p0131_x2.webp,113730,c3e216e2d33c9fb902d35795f6d5d37b8540e16907af58a34cb50856462e298d
img/photos/v4_p0132_x1.webp,67100,e95517fb30120a4b59fe1f554bf7d5ea04b4fb516f6353600b64249f6492bbda
img/photos/v4_p0132_x2.webp,62624,0529149a9ac58a4b16a81a19d402f3bafc4fee2158b8a2a7f295c20d075f8d97
img/photos/v4_p0133_x1.webp,65892,0b7651a4e2226e9fe3468ac32bcec7d12874bbb558dbdf066a7aa1797f4565b6
img/photos/v4_p0133_x2.webp,59526,ef3df24aa514924386c1627a3ec4fc02504057e349ee55255e2decc4e7cd2377
img/photos/v4_p0134_x1.webp,69692,8e1de8cd5e8e39ee5017547635f19b70cd4f48d1f13dc2ec39e637da0bff9e2b
img/photos/v4_p0134_x2.webp,75702,cde91fda6450aacb6a29f39cf5d9f42264db2d5afcfb141b02f862f30ed814b8
img/photos/v4_p0135_x1.webp,83374,fdadb78e7523cbdfc305ce25e62d9c1279f7f7ddb620116b06bf925ae92fd7dd
img/photos/v4_p0135_x2.webp,86900,f797c74aa338f5f4f9f763d1242fcfb6a2c8a99b743ca7c4a34b719ecce87a80
img/photos/v4_p0136_x1.webp,103566,6dbbe3803381db4ff3889591e350f18040eb3b97898c778aa32d9b52d7286947
img/photos/v4_p0136_x2.webp,92386,cf67189b225e2f59d635ea36f7c0551f6bea067322da97dfd1c1392dfae552ee
img/photos/v4_p0137_x1.webp,45542,0d6e4cf992f119eced9531f2704e26d3e275828e6df79387046a1515b95a3286
img/photos/v4_p0137_x2.webp,45696,71f0ddf875cdf6caee4c602423b7be6703d480e7465e49891be4b13c0936cc82
img/photos/v4_p0138_x1.webp,67694,86ffe4760876ec1558260f1f6bb5585e6b7cdb670b6b73c3c03cee5c4c018090
img/photos/v4_p0138_x2.webp,69336,8b95bc65ed15188b26af2afc93b714fdb1cd66e10282cfd5733f2294f307b35e
img/photos/v4_p0139_x1.webp,68530,948b5d32bbc00cd53222565c2edef279ffe4fec12a2a9c07ca2cb768dde5b551
img/photos/v4_p0139_x2.webp,74158,7ae930bfde0bbbf5b1f1779c13353a3f8eb1172fc29c3137558d3151f1af00fa
img/photos/v4_p0140_x1.webp,32092,913157b5316898eee89d4f12ec9fa84b9069d98a0a36333a10685035b35f02ee
img/photos/v4_p0140_x2.webp,65080,17103b3198016f8bc9052201472cc7fd843e16c13dd325f776e7a696212e5940
img/photos/v4_p0141_x1.webp,96264,eabee177658475405ea1eef4f64e3e6035d67dbe380ffcc2cf7f45b549dc16e8
img/photos/v4_p0141_x2.webp,128692,d99e5fc07e1d10fa92a102ab4307f56457c430585ba2b33229f63a28788b46fc
img/photos/v4_p0142_x1.webp,124790,899bc5c8b3b753e9eb48dcf65b2697aa9bd8c1cc68073c4ccd4bfe6a58ad0ab4
img/photos/v4_p0142_x2.webp,92650,816e244cafa78db9e4d4cf776b9806dd6acb9634bc2aa81977d4fb0fac2d1e09
img/photos/v4_p0143_x1.webp,86774,53b5cf955c4d18207fd7f9297ef26738be7f598e3d0a79b1cf0bfef35f239e58
img/photos/v4_p0143_x2.webp,94080,3020ea72a3de5b1ded8200aa39fe94d925586e05241ac0dee5620c32b89e2170
img/photos/v4_p0144_x1.webp,72578,6da3ab59da21291c6de90ed9054b222269293e070ef6dbd87136863c538fc4e4
img/photos/v4_p0144_x2.webp,76234,55a4d6c54df9f253e9ec042c36e054472d4edf2e36edf29bcc11215e470324dc
img/photos/v4_p0145_x1.webp,56344,c53d56475bea3621d06f5968e14fadf8e90ca7c2cc627f6cc30e4bc79110cc55
img/photos/v4_p0145_x2.webp,117468,f30ea8b841f5f5d8d399a7e5625bb07cc74b2296929c2f326a22894baf0e7aad
img/photos/v4_p0146_x1.webp,40776,2e7c33b4508395a296c805d3f13778b77c84b966a8554a4e1e9306291c44fc7d
img/photos/v4_p0146_x2.webp,47968,407b99c4240b306f24fc7a3b95175522458043c5a426a712609a632669cd97e8
img/photos/v4_p0147_x1.webp,132088,76c282d814dad02de650d894a3efd074105517fbcce432d20cf87fee60cb89a6
img/photos/v4_p0147_x2.webp,57190,c85c8348c395818657d9e0176e6e26527381d9952b41c146501343f758747709
img/photos/v4_p0148_x1.webp,58822,c1b5df5930fa2637cad251d5c9c3c3c09f2c38ecb1aff5f5264b4f8e560e4e29
img/photos/v4_p0148_x2.webp,66590,65d3b30e1e9fecaa7a8ced3719be320f961b8030b3d2558887d6b684d5dd7e49
img/photos/v4_p0149_x1.webp,50726,2af5589aec3e55ff12d898d35f6cbc5b9b25b407814b3ceefcbb594b53f49733
img/photos/v4_p0149_x2.webp,103854,f56bd47bce93fc1741ef780d7b4c27c245a83c88987ad5059da1fa7231eda1d0
img/photos/v4_p0150_x1.webp,41342,3fca6ab476eecc0693f1f020f9dfffec0f1bf71225a0488b1ee162b23c57458a
img/photos/v4_p0150_x2.webp,71060,95456f62ca872698a720104c0ae7f2983b80d7a0bdb8be51d9c0c9dec14b78a1
img/photos/v4_p0151_x1.webp,44616,785f9e7383f02c6696ebd14586193b1caf8228e13fc60029de618bce601db8fd
img/photos/v4_p0151_x2.webp,80150,5f578362c94f33a9b814f329319e1f2fecb07c3045af3b8efb03fcc121e65add
img/photos/v4_p0152_x1.webp,67076,9d48d00511e07890720b9c9e15efec48010a9cbc102e8a96f287f1596d3e3192
img/photos/v4_p0152_x2.webp,41054,c7990dc0ddc952ff958f51ff28d33b9888de0e9d9ea4b566c88ba801d4a1f6ab
img/photos/v4_p0153_x1.webp,65922,705f61b3283f466f758759014c6eea585ba33e5a44a195c9cd459eca32a65d40
img/photos/v4_p0153_x2.webp,78832,6f9445a792b42709b82721541c84d0899dda959a852dde7ab9614023e377c363
img/photos/v4_p0154_x1.webp,64184,a856bcd816c6922b558642966ba13ce2386084b84a4551dcf1e7224d0f01162d
img/photos/v4_p0154_x2.webp,53794,e60a3074d6635b9deddab4bf1d60630b051204092b5c90d9e0d5b8abeeb3cb5f
img/photos/v4_p0155_x1.webp,66824,50afa3ce2145f8310da74571773d48277c43f220ac91d63032ac66788b7c7c78
img/photos/v4_p0155_x2.webp,80480,4d257f3421f38a4290569e213ebeb9d062e979d14ae76f943300176489a93cb7
img/photos/v4_p0157_x1.webp,87976,a9101f3dcd7fadae2c229659a6de0852dd110f3e52720655f8b38fc049cdc1fc
img/photos/v4_p0157_x2.webp,60634,4188b3d2d9de9adba253c73585c5246ffb5b75557e8663f42ce381fd3c174b12
img/photos/v4_p0158_x1.webp,95454,d4725ab4d0667ea870da6bdea0dc95252056875ae84231abdd69928325444dad
img/photos/v4_p0158_x2.webp,114728,d2068b5f2f20915e987132f912c43a9e509eb1990cdb14d7a415de9b2ff38f88
img/photos/v4_p0159_x1.webp,78498,e10075872aba17188e66b5962d9b03f8ea2bc4c580d087a4d727bcf870ed3e45
img/photos/v4_p0159_x2.webp,113094,ba6141ba66a049baebcf1a84d2fe6b02cfff8c3f0b5ab66defcbee8faaf22f7d
img/photos/v4_p0160_x1.webp,81038,ae92acdee32e6dc0f169b6e8d0be85f0c2a4c990015bc558af9ea04d5a257a11
img/photos/v4_p0160_x2.webp,81890,f5348c6debdfdf0478d4d875c31f3f38ff3c03608ae1c110e5559e0180da6ae5
img/photos/v4_p0161_x1.webp,130394,9bff5ea6d5d06bf5a615b2e9c39caef043837039d75417f819f7f9d2778438f7
img/photos/v4_p0161_x2.webp,86476,63bb6ab164a99e152e742f252e52c974f63b0ac922023c38f446cec75dde6dc6
img/photos/v4_p0162_x1.webp,88608,7a6a00fe64354f4c41ce4e91648ed092bd65b7347561e3e4ed6cf042cc12ba7d
img/photos/v4_p0162_x2.webp,112772,a1f31c4242a182cc62401ba9708b5be380388a8a7a1665723dddb76e1463dcf1
img/photos/v4_p0163_x1.webp,106440,6a7bc77424eaa31eeb9473622a62348dd5b1cadb1d95ef6fbad5c3c8bbca57d5
img/photos/v4_p0163_x2.webp,90322,74beac812d093d64ee05f79aa37f25cc3b56ac8d7c900a36178334679868ae7d
img/photos/v4_p0164_x1.webp,62632,fab85e5448eba65fde49fcb3e9b4cf542fbb5bca97ed10e00dae1b8c3c01832e
img/photos/v4_p0164_x2.webp,59120,842c7e922d0820315e19cd0ea18e82f4f511656e6317a6709ef60c0ba44e84cf
img/photos/v4_p0165_x1.webp,61654,fffaa59ff0e5444d5ed2f828a502b0a088e7a0e293e80624b9cfe657357fb97f
img/photos/v4_p0165_x2.webp,102152,ef49a8800420a3c4d0b2a7d2e1e77d222b860e6aba36861b589cd204bf6c5b83
img/photos/v4_p0166_x1.webp,105418,b7be002eb5d549cf8facb1c9068f2b3cf963f6024879b52eff12c30a7f23d80d
img/photos/v4_p0166_x2.webp,57518,c14e7ef20bbd956fe84fdc89a62b0a49c85e9da90f9709bca148b6f3883659c2
img/photos/v4_p0167_x1.webp,106032,93a7f17f311fe69d4066986a569c825b56c2e13332f308ee9a3f7f950b19c54c
img/photos/v4_p0167_x2.webp,83148,4e2edf15848f9c1c502df1697cc2f4a1cb7a43fe887467ca0d2cf3d48b82a051
img/photos/v4_p0168_x1.webp,82124,99fcd705c3fddb90703d7778bff7f1e6494f029ee2d33c998b22b2dbe94bfac1
img/photos/v4_p0168_x2.webp,75996,cc6a762a7ce0f770fc63ffae4418c66466f3bec49a3e4011d3524c01ec3c7e92
img/photos/v4_p0169_x1.webp,93422,c969b3c605aa6a01224c3bd81fc5daa3c192566b2b626810de05ba811c32d222
img/photos/v4_p0169_x2.webp,63900,eebd8ef809acd1c14a6d20b022931bf7c0aac6a23984f73c7fbccb0ab26b3925
img/photos/v4_p0170_x1.webp,66932,1cb6362257678e8ec0b2d85249948640c0ccd54ef4b1c5ece3a79593fff0e4c6
img/photos/v4_p0170_x2.webp,13296,5660cb5143b209cb1e11a5a4bf32c6c99ba2443921c8077df0396c7fa9b5748a
img/photos/v4_p0171_x1.webp,109960,b140418d415ff000ee62a1a086941b20176c578bf19c9f6e70035f4555a53d0d
img/photos/v4_p0171_x2.webp,91232,cd3912ae4a0403ea7a6c358a9ecd9d155a6136ef194401243e77976e0453baa4
img/photos/v4_p0172_x1.webp,46442,11eddab8adbc170bd7ee9fd6ce00e04a2237db8bd768ed6087135c056cfea4fe
img/photos/v4_p0172_x2.webp,100082,62bbb6bdf6179b3ff3fe91d33400f4afdff578fd1056162d17aafa98e3398576
img/photos/v4_p0173_x1.webp,118226,dcda65b1154fc705e232f1edbc77956c9f2e66ba5ba5209f82e1c6d6bae9dc19
img/photos/v4_p0173_x2.webp,89908,06c92cea73af3b9510b7413e6f6f267ed5a9a03318c8aa4cd88017ae32d93a6f
img/photos/v4_p0174_x1.webp,77336,e65227d0eab6b543a1d653d3b5f42c47705ff637fbdfaf7ea92ff2e8364235de
img/photos/v4_p0174_x2.webp,87644,6c7365d84529e864a6d930141a26f8118ddda23be0d744f5feb4f0c3943efed5
img/photos/v4_p0174_x3.webp,93718,4747dea267c6b7e2fce30128a782f1f13a703b597f10f32fc428e1d6c9391630
img/photos/v4_p0175_x1.webp,109984,173b7b2dade022440efe3bc712638c07d158708a2314c4609f841d849bc234cf
img/photos/v4_p0175_x2.webp,84808,600334f47f33a50c2836dd55d88e1120004efcd51c3fb055a15cf84a9ab3e951
img/photos/v4_p0176_x1.webp,89496,aaab5ee952b67d3c85a993c80d518d1b0f7ad3e5251084edc49a4c57101bc187
img/photos/v4_p0176_x2.webp,97800,d5e5c3ac614c37bb424926e3e5b005d2bc115617111571445086cc137309e05e
img/photos/v4_p0177_x1.webp,102180,ec5323c6a36ad53de364a6d78185179d67703c086897bd6b6e822ec2a0a3caa2
img/photos/v4_p0177_x2.webp,113788,3c5aa1938d5655548dfda921ff61250066efcc7626a00da43c5c04bdbc355687
img/photos/v4_p0178_x1.webp,93632,97eb716bc9daa3831580ed1c4ac78ef862bb171ffc9a3d6c39fee9dfffea9c4e
img/photos/v4_p0178_x2.webp,116826,4718eed288b5c34cd2e7afcdcad7fc4ed01e599b5bd9f2b58f9fbe4f23674a63
img/photos/v4_p0179_x1.webp,125076,8c2b8c05a7401cc64b56f411cb0dccc985a45506f07b0ffbefa58f37715de615
img/photos/v4_p0179_x2.webp,111836,ddd37faccfe628feaad97adacebd0d295cf884ba3aae4c2b076a488409a55001
img/photos/v4_p0180_x1.webp,34536,55bda033340c31d75dd862b74a0332d128485726f2759bbe1252a58b28b619ce
img/photos/v4_p0180_x2.webp,96828,83500b1801c399dd1e234274a518d8d2b9d6838bc74ee9df11b897144c927473
img/photos/v4_p0181_x1.webp,68396,9d76378607938fb7274a622a6efba588078e3fba060d9e66099228ca34efdace
img/photos/v4_p0181_x2.webp,107118,7df95cebb2d22c6ba2d1438611f74416d71c27bb073412728f1c664beb7894da
img/photos/v4_p0182_x1.webp,81540,e176b5c4b283b4c00e30124aa71dcb8047bf545c7a1e4c5b358edf4837111a9f
img/photos/v4_p0182_x2.webp,75572,b928d78cbc8673aceaa08a72d5616e0c26c5a19e44b6a691e1f2909be21e1af0
img/photos/v4_p0183_x1.webp,114732,9639cfdf8e3e146e48477125d659ef4b98a5b50fbe7c5e73007938f2d88b5e1d
img/photos/v4_p0183_x2.webp,108704,28a2ab6b8c5712c2be095af9aa76f038d87288e020361b3a31c89a78299e81dc
img/photos/v4_p0184_x1.webp,91774,cded6255852d29470d08a6a45e678918c233abccd5784a6e14269fad74a897e8
img/photos/v4_p0184_x2.webp,107048,52a4c5193fed6bc9c369ae04d7215f60ca7e0c9855c6418864a83d90d7f39a97
img/photos/v4_p0185_x1.webp,105010,68229886d32f27f1bdc786708fe7a91d0a42b018cee8921e2b14a36249d06072
img/photos/v4_p0185_x2.webp,77780,91042a8f026c4054f49d378b590688e8ae545b3e3e669b81936d8e213dfbd636
img/photos/v4_p0186_x1.webp,70642,7d0dc42b3d8191412b1899744d484c166e2c4a675e1bab41f03dca9b6d9cc165
img/photos/v4_p0186_x2.webp,126154,1c1dd648377474a5a3b521f0c93a005d2d601530ea3447c2802a3e5dfb02aaa3
img/photos/v4_p0187_x1.webp,112020,4389c9fc1eae094a528e5aef96701aa0c24f642eed16679b01c5eb33bc88cb42
img/photos/v4_p0187_x2.webp,135310,5d14ab76f11e8616da2c1744056e1a98a19b36bfbed6cb1c3befb510458a24db
img/photos/v4_p0188_x1.webp,125736,d5108f22bff6db4ea21e0b2e230c29b845775f1ea605cf93d27e700b304ba48d
img/photos/v4_p0188_x2.webp,121820,90677166651b4b60a0ade3ef75003ab56c77086605bb635ec8b56d3bcb23e76e
img/photos/v4_p0189_x1.webp,64292,7361f4e832c6614092f1f6a0ac602fbfa6f1adef9bd5518f5f0edca555c264df
img/photos/v4_p0189_x2.webp,105446,c137ef3ce2590263e19f006c00f8691430cfb644ee0522f4920a6e36b162acd5
img/photos/v4_p0190_x1.webp,98150,67aaaacd3dcd4b258710133ba47c38efefab33a8482eb3b989ae6c4161fe1760
img/photos/v4_p0190_x2.webp,97230,c8418f1d9981a10172bfd77b9d5285c43744e9994a61b0a97e14f913db81f3f0
img/photos/v4_p0191_x1.webp,85820,0592e89467d4b17e5c8d1598e943c9d5e0e8461877fc67a9c652ab0b35870894
img/photos/v4_p0191_x2.webp,57376,9f97ba95f1dcd17760930bd947047d9f625d925a8b7e97b0910d2f750bb6d2e5
img/photos/v4_p0192_x1.webp,67668,3718ce6ee0a0ae5a7da8c631ff2fee731b34c944628baf5145a000efa11f40e5
img/photos/v4_p0192_x2.webp,101268,e3636cef88e530f73b06ad9ec03967e9ffb502cadade5011ded54943edbba04c
img/photos/v4_p0193_x1.webp,42634,0f8209f4f84e9f6941d734a657e99a85be76f073ddfebaba644424219671d771
img/photos/v4_p0193_x2.webp,60454,a748305f866eb010fe0361fca63fd28b190984bde7a0f7417bfa9c1fa04ffe38
img/photos/v4_p0194_x1.webp,53044,f501665366bfd26c96e3cd2cfb2f0e0f6ecc39ab106eb38edf33027561b09671
img/photos/v4_p0194_x2.webp,88300,38246a6ae0c666ea78359928449f435e1d5c314fa99609e4c2929711e04c8511
img/photos/v4_p0195_x1.webp,64982,007dd2e0914a746a7159f57436a2425b24a063a61b7034a00e711891ae715cd8
img/photos/v4_p0195_x2.webp,78944,fe5811790fb95906b173ffcb243e69d60182dd9bdc08d151de9c93cd541765ea
img/photos/v4_p0196_x1.webp,57774,56fb10cdb197b693cbd75dc843d9e0257df7701adfbcec30293d279d53174559
img/photos/v4_p0196_x2.webp,84964,167a252cc07e383c79730afd2dfd9551d2f8d7e80e293e8cb64c20f615373990
img/photos/v4_p0197_x1.webp,65856,69ebc205f97c32de77c504ffa3e57c8288fa3980fe5b697f696311c333aadb28
img/photos/v4_p0197_x2.webp,101404,bc78f921b7d6024bdd7c485f4f59bdaab940bbfd3075d03fcaf87201ce15e49b
img/photos/v4_p0198_x1.webp,57428,1b3870e36a99ab5019e3d28d2503c8938b5b91ecb8eb1fed2183e3fa39f8eed2
img/photos/v4_p0198_x2.webp,91258,97c9c53b82c176b9d6193c7b9b4884feea84bc42a102f515d6209c2b607a098a
img/photos/v4_p0199_x1.webp,60036,7cc2da7b26fb0a5bb6894255848fa40908e5e1d4a9378b66e2537f93fe91524c
img/photos/v4_p0199_x2.webp,82276,5a9e6e2ac6f0e459a2fbc9f8b23466c3ace960914154ed55dc2afedcb63b6b5e
img/photos/v4_p0200_x1.webp,37094,988401bc350c562deb2fade2c0ad8396f5ba213b68976b0a4edffb2fb87989f2
img/photos/v4_p0200_x2.webp,102388,abc4aa685e8f1ca0fd671ac91968d9ebf5a7fca6d47b9cce81008a9ea431f93b
img/photos/v4_p0201_x1.webp,102084,1d86ddf955eed08878b706641e254e27a4edd730b125c7e497d43b6e16f92777
img/photos/v4_p0201_x2.webp,91026,c67fbf0be6fa7a0f0d0774d424676efa4ec53b36c87ad3a82b1a242579ed4cf5
img/photos/v4_p0202_x1.webp,90432,23c37a3a93fca97d5712ee0235f71339c0dea0dd2aeef42b045c0a8a6990dd19
img/photos/v4_p0202_x2.webp,93612,3b07da853c7c22a9029c5c98ef3b8da7669650247d8c2ed872524bfba58171b1
img/photos/v4_p0203_x1.webp,64036,25960643525c46fee935c51fbe00f2f3d5ee1ded429c455a18eec3d061f5c2c3
img/photos/v4_p0203_x2.webp,125536,a84a8e4cc45c089de4defbedb2135ca29f5e67e91788390bc276c070ba836b84
img/photos/v4_p0204_x1.webp,78124,26c286712903975b8f0f495408a96386227143d4d726bb4bd9be6844af95fb96
img/photos/v4_p0204_x2.webp,84826,9201e14762e5f38a8eb16ad0e5aad5ee758bdca861f0a825f2d88b3e80eda494
img/photos/v4_p0205_x1.webp,55540,7cd8928966a74df21eb5c761808cf929e87df8955f652d0f9f0ce2d4e73aee5c
img/photos/v4_p0205_x2.webp,98428,3cb160b47dba2d1ff4368966c290ebff136ac018612aaa8fb255ec65ff274b93
img/photos/v4_p0206_x1.webp,49508,3c66f552530e0a417c7b3af51431258a120c1ece5d5f276a3068ee9a67e74d91
img/photos/v4_p0206_x2.webp,65770,b1ef6585a4e505a7190f092f8dc4637732f0f4c1c0be31e4ef17aeda4bcde3c7
img/photos/v4_p0207_x1.webp,73838,553c9aae456b9e21ff8272492b6a9d928a7a0797c996bd8662d3bd0d157b7e62
img/photos/v4_p0207_x2.webp,90394,5353a5411479538b4d2910f21674ccbca7d5d363b9642a08c08d0e728dc97e83
img/photos/v4_p0208_x1.webp,27094,223ad5727f4168a1c24c5bbf7bdf2875b50fbc3a7dd74838203f8eb8e7aab750
img/photos/v4_p0208_x2.webp,48878,cdb1f213910cec445da309653f440bab2b8c41ba9662d405d604bc6ee74e3767
img/photos/v4_p0209_x1.webp,114620,7c4621372b575a52bed62c80da2f151e0c9b6266d02e48f1487543fcd75b958a
img/photos/v4_p0209_x2.webp,99102,eaf3003f885bd86f80e737727809ccdf99667464b048186ed695385b7c75f82b
img/photos/v4_p0210_x1.webp,70370,5bc7447a8e031f04939c75445b88365d6c0b405a90e1e46a028673ab5c7c72bf
img/photos/v4_p0210_x2.webp,109414,83103dc7d230b8bfcb51df6116ed6a32e6196164733ccaa0246ceb06f608437e
img/photos/v4_p0211_x1.webp,64032,549f6905df63a8f68967fb20f5cac9d82ebc2e4c583534cc2631b52a74e94669
img/photos/v4_p0211_x2.webp,107260,47dc3110bcef18b7eec252e09f673d732a8923b891c12a2723db1c4dba888ddf
img/photos/v4_p0212_x1.webp,63968,6635f9861125a98d615b45a3136090f7c22523204dddbc9d0359ceaf79f0a65e
img/photos/v4_p0212_x2.webp,75830,ecc94975e9632a61491f9d7bbae144763f88bccb0a7d9320be8b286fbb966447
img/photos/v4_p0213_x1.webp,119330,5977f5c31f74d2e276e64b26d396ef59fb80322ce411c4ef8fd6a6c0598a052d
img/photos/v4_p0213_x2.webp,79834,9f7d3dfb131e44cd036de4f818313dce5a960115ed2fbc76a23635f4249a60eb
img/photos/v4_p0214_x1.webp,66918,54aa50065be3d79c975f51c9270a5168de8a8f562646cee707314b7f3a09a22a
img/photos/v4_p0214_x2.webp,110954,0af82b3aa03d911e3ebb6491fa101227ed86d33b4e2234abb5cdc3379917408d
img/photos/v4_p0215_x1.webp,105800,030cc3a98ac979b1284b38426894bd2ffd956f813c79501bea0b9a641b9b34c5
img/photos/v4_p0215_x2.webp,91032,21131197dac403cb573947e7f24c1a3954621c167b51185b87872238891ef443
img/photos/v4_p0216_x1.webp,95108,db58e37d550ef0dc9c78c596d3b03b1feebe042e5199ed2b2bf2452ef6ab379e
img/photos/v4_p0216_x2.webp,99726,e0921f83a017748fab7eb30669d6c4d6b1d5667abfab7cab9502d819e8488f5f
img/photos/v4_p0217_x1.webp,105574,c54c2e5fe8d3b38e461070f068155448b1105b7292efd01db23be42ac34a3bd5
img/photos/v4_p0217_x2.webp,109510,624357806213f0a59f885bacaafb7e8540c11207afafe18ca7e7574223e091e4
img/photos/v4_p0218_x1.webp,115818,d5b736cb847e1a05d206e60008729f9c4ccb62fdcbe692c0a7bc1cdaac5bf5e8
img/photos/v4_p0218_x2.webp,150818,37d68c976b6297b0194fe08bc50402b78082fa2c6b1bfc08637fd9ef3ec88749
img/photos/v4_p0219_x1.webp,79366,b9cbc549658563bb03a214d3553a510a7c54646bead5431c723acd6f33410258
img/photos/v4_p0219_x2.webp,94404,ec1ee8bf566ba145ad47e8a8f50d2a87030789c4513dfbbda67f2e66e1950650
img/photos/v4_p0220_x1.webp,88194,e0f06bf6cc464efceabf1cedbc0b00fc0a64602d59b5e90b379ad62c50582dc3
img/photos/v4_p0220_x2.webp,90066,be3e100b45d827334701fb07b1186fedcc055e467e1ef48b1a5e5d2a385a3607
img/photos/v4_p0221_x1.webp,115278,e2763719d86650781d92db3d24ddbc95e5c84dfca346e41d6c8f2362840e7e40
img/photos/v4_p0221_x2.webp,108182,9a48e74a36a958058e71f8a9f577ff1ed3ac58e178c9a49f96413645ba419673
img/photos/v4_p0222_x1.webp,78784,0cde0c31c8d5562b8902f5eb787d16e6b6d39d5846ed9037dbde1fd8f162ed52
img/photos/v4_p0222_x2.webp,98104,065725e262e560b979ea1289bd004346b9af8f04de74ca1115b5906300c4d25b
img/photos/v4_p0223_x1.webp,110952,b1e822f0755902e216a8642bc11cb9cb2afb710d65a2e29272ec6b1aefd6b9aa
img/photos/v4_p0223_x2.webp,110614,8ce7635b9705aca641c09728661bd45d36024d63b8d2407346dd4ecc862a8758
img/photos/v4_p0224_x1.webp,72102,5f424277d74fa06ba0d2680098c224e3cd775ecd56492439bf62c033c97b9d89
img/photos/v4_p0224_x2.webp,140248,6f7aef08fefb31bed32a9a337b9d3140b22184a2b06f48544af29e865bec3a66
img/photos/v4_p0225_x1.webp,96394,d974f484255134e59b39b6b95b73db7159decd7c66d65a3ae108c57d715e3ddc
img/photos/v4_p0225_x2.webp,101142,a34283ae90c485068291876b52fc7604a0c8df4336b22031f20cd0fae19a1fa7
img/photos/v4_p0226_x1.webp,96622,3190a7a3583d53b46b5ea558a8266130ca18432255f1973410c61a1ed87dea65
img/photos/v4_p0226_x2.webp,110338,0a5495d4f51530b13287706e473d45ab2a83d1612a80af641a242b2e08d01b81
img/photos/v4_p0227_x1.webp,99980,3407c8984973c71002cb91ba6bfdf91ade3a914f0eed284eff9bdfe77bed993f
img/photos/v4_p0227_x2.webp,43188,f8878d0bdee61241ed740552a8cde158016d9e47072bde2d61ac950e3ee902eb
img/photos/v4_p0228_x1.webp,76616,b27474d3cdbbabc65a65470a4b0123f6404e19cfba8f5adbbbfc3dc078cd71b5
img/photos/v4_p0228_x2.webp,101230,b49477859fdaacd4f8c6c29267e9532b3840d643e2296e723e7e7b859f44ce3a
img/photos/v4_p0229_x1.webp,134878,64193ed3e565291bd4fa5948789b68c7bdd1ef8807d2c8899d929b0cfa6610cf
img/photos/v4_p0229_x2.webp,110154,8376a7cccf74365ddd9866a96b9cc585c11f7075d0c3dbb2a588440a177525fd
img/photos/v4_p0230_x1.webp,53918,fbd7813cf9f41f4ddb3b1aa078aeb7148b9bcc95ed5cbeb56dfb346b02030f97
img/photos/v4_p0230_x2.webp,98886,1f1a0442a34e39079b457feb88d6ce5b161d1688917dd634acf6b5e827d70124
img/photos/v4_p0231_x1.webp,80498,23f0b18b10a50acb5b27624ba6f31d17067b00912c5aaff741e5be1052e26648
img/photos/v4_p0231_x2.webp,67546,e3b7cdbbddd1e36db7e54ad7bee9257fee4c823a8c9b0230dd6df1b22efdb85e
img/photos/v4_p0232_x1.webp,86774,7da27b9365f8579a70487c9dbe6150dcef9006553899859fc8a88485b4fed312
img/photos/v4_p0232_x2.webp,72862,94ee3ead735dd4ab9773c389ef0e789fd9bb584380e5e1be111bdbf25035bad8
img/photos/v4_p0233_x1.webp,99460,0855b63ed98e5fa1b521b2a57cec8b641eb93edbc4b417b53c06fae7f519498c
img/photos/v4_p0233_x2.webp,58464,fe2863528e047e905a698e332808a1d56d78d918a175f285cad3c30345ca480b
img/photos/v4_p0234_x1.webp,80068,07573f4c07a95b68630817e368767606b25d596121bde1d0e40c0d41dd9aedeb
img/photos/v4_p0234_x2.webp,78536,81fb45d3ff488e46b31723ce8c86ab023df73acdb1a01ef997a9ac705672aa4e
img/photos/v4_p0235_x1.webp,88658,a630b04ac455df8352a9b7fbe414a163b08996ce6a1a050958c6c9ee7492f21c
img/photos/v4_p0235_x2.webp,116338,e098cee9810718a6cc2d84b2bdf9db472bfe5b81ef61c2c399dbfbe05fcfbc9d
img/photos/v4_p0236_x1.webp,83140,abc50a69466dc3ed044008625184ede208f5957ad4db6806f816f5d95d1c7413
img/photos/v4_p0236_x2.webp,110858,35ac27933a664ff0169a508e1f63b8e870a0c6638644b4d0d4b0667e1f7c28ea
img/photos/v4_p0237_x1.webp,127656,7c903206fd02c35c7ea9b3b9ead79e0ca5a70dbe72ddaf50e85ec3a523f21716
img/photos/v4_p0237_x2.webp,117444,2c370f2f93b27827ce79d199fca355a3376d0a95651b1cf32520711fcd8253eb
img/photos/v4_p0238_x1.webp,60618,dd3bb05ab4813f144ba6f48422d91936d93a368d65a0511b244038a6c0c8b16e
img/photos/v4_p0238_x2.webp,79566,415c7f8650435b95a8d520f504d6445c6e1ef9f1bb1fcf5150911aca657c10d2
img/photos/v4_p0239_x1.webp,71530,eada0dd410eb9415faee597bed311c523c2855b7741cf7a71417caa3730f351d
img/photos/v4_p0239_x2.webp,91706,7c36f46b9753b2a9d4f20fad0baed5e99bdeb076ed7b080111c7f7247ab8ed69
img/photos/v4_p0240_x1.webp,84356,3c165ecb38ce11632bbf371e157399f65a406fb04067ddf4f3c10f6658c6abad
img/photos/v4_p0240_x2.webp,92450,b50f217c3d2ef9fc347751c142b12aa79d360bacb22c665eca045b8d02f43bd2
img/photos/v4_p0241_x1.webp,100912,ce2c3b6ac64b9eb811a6241108f7637af1ed4d9425243f2d947979bb94ab6d5f
img/photos/v4_p0241_x2.webp,92824,b972f0ee815395010471e1f94fadc47173315395d22372c81b37d172bb958cb1
img/photos/v4_p0242_x1.webp,76290,8cef984a439985b47e86ba18cbbc3d4c6b61a9afba9f9a59b24d78ba85e99a13
img/photos/v4_p0242_x2.webp,96530,b00c65a305e6ef93a52442fb256107d76430860479e527a60af6ffbd9055654e
img/photos/v4_p0242_x3.webp,93722,f9c33568b0c8b6713ef4a30a493d5b8885cea66c03cb8a85377a4005e8e5da42
img/photos/v4_p0243_x1.webp,105794,cfdf6c41514682f77e21692deaa5e94625757d39434c439d3355be393865fe81
img/photos/v4_p0243_x2.webp,129386,6915dd20ecf12f376f691b5188cf8719f533784a3f22cfadc740524bdcbfc3b8
img/photos/v4_p0244_x1.webp,68142,122870a0c920e1afee75158003e73c3d78b3e8cd8acbda61444c968fb3b05f4d
img/photos/v4_p0244_x2.webp,127994,99cde3ef5bd0a271ac3def1bc610b3097ffb15ee8ea1dc9f6fb5ca00d3f9e7d5
img/photos/v4_p0245_x1.webp,89720,4321e77a9eb9d21c0869990f7d0fa9fc5d41046310ebba12e998294b4415d903
img/photos/v4_p0245_x2.webp,124784,a7aec68ac348cbc4354a61aef620a0bd5893c172aa6e07bf300eada9b91d98dd
img/photos/v4_p0246_x1.webp,71772,a4bb5b5e3ab96fbc6cfb2844fdc0f55435a929821be99c63d9f95ab8015d2caf
img/photos/v4_p0246_x2.webp,116600,05f5cde7bd72a046b529243c9ccf12e206549e36aeecdbcebc4babe61b28fd1c
img/photos/v4_p0247_x1.webp,99412,dd8fe86d8d205dbbdeaa72317f15667a26ac520d8c3f0d8b4f0048aea6adf815
img/photos/v4_p0247_x2.webp,107844,d870c72d6f220ce0adf47d2af59d59e5292895a61cfbee7373b7f6e040dcd6b3
img/photos/v4_p0248_x1.webp,108708,36777bc37e2e7359dabadd9cf5f18211cd1937300eaceccf4136fdfa5d1afcd8
img/photos/v4_p0248_x2.webp,101934,c9472f0fcb90df94bcdc2b86a9af07088c93e17325c19efb6a6d9beeb3582277
img/photos/v4_p0249_x1.webp,65776,83a31b7fcbc0666533cdf98ae515507faf45ccec6f510b3ced3652007297c9a5
img/photos/v4_p0249_x2.webp,91442,c8d875b2b22e5831d09af33354c0a16a626902f7c5c0b401f7272a9aa62a2f92
img/photos/v4_p0250_x1.webp,51364,fdc78c7e2e7f6dc28e574cbaa66f77711938a04761240b80df342812cc27b365
img/photos/v4_p0250_x2.webp,45288,87d31bdc179c564ca75902ba26f4012049ff7602b1cb06b2da885eea67c2ac65
img/photos/v4_p0250_x3.webp,67830,332e19a1831542070db3f1c8822e69fc17338b28585b9bd64a72b2500c29da5f
img/photos/v4_p0251_x1.webp,54144,3d894e1681b901eb42e7b820348c581996e7d553d5fe3b86d1e44aca3c571860
img/photos/v4_p0251_x2.webp,75406,815800e1120f81082294d8092e3046af1cc13908f1fa6b080099764ddbea099d
img/photos/v4_p0252_x1.webp,26974,b124da915da85f5e2eaa2bfeef488cd1e3d732c65a1442f0c115b3cb3163829e
img/photos/v4_p0252_x2.webp,62242,7a7232ee174fb794efdf2a33cd4fdfa8bb7b8ee8a9c7c102bc116553972a7d70
img/photos/v4_p0253_x1.webp,27072,255968aed2bd5c31d4d216c75a3a1a820d1d96186575518c2c48062fa05d460a
img/photos/v4_p0253_x2.webp,75774,ba829a4b99f77c1a410a96e08fef9a20bc122d44c4b9decf3232d2e3878d8ca2
img/photos/v4_p0254_x1.webp,51034,0d60e5f537493e1e6607f9573e8e0daa6de8fe09207ccaec996e9ce780b1b41c
img/photos/v4_p0254_x2.webp,119262,3b1dbc7dc69739940f02c049eb40a1ec759b3746ba1cd49cd75279c457e494f9
img/photos/v4_p0255_x1.webp,74242,cbbe922dcb938b8c8d83d016bc4449cd2e57f43ae6ac2fc8763ee039d8e01217
img/photos/v4_p0255_x2.webp,130230,a189f9579849d5fe6dd8484f6bf3418f61e37ba45b5547c72b0cb6123147f0c3
img/photos/v4_p0257_x1.webp,71488,4fdb230267a8f06c5688f18c03e16c3bce870eeaf41ee2065acee547db95644d
img/photos/v4_p0257_x2.webp,111218,0002805d70856d30d52cdecc362e897c7a92f98a40d1b269eaf4ca1de5f6a6ce
img/photos/v4_p0258_x1.webp,80464,424a646200ad2b175de81ee2d813523e389e732fff1c0af95a4f90995b51f45c
img/photos/v4_p0258_x2.webp,102304,a68a5cfeba42607560eda23358c4518dfa00d48ced47c45a25ea8be621997059
img/photos/v4_p0259_x1.webp,57656,e6f08dc2cc89a64e4a539d1dbdb3583b3a762365558488194b779eb57a78429b
img/photos/v4_p0259_x2.webp,72542,614a2271fccc5aa8f3e28a810d8211e3e6aef2eedbffaea1adf2b657ca8bf768
img/photos/v4_p0260_x1.webp,105960,cfb82e40ac732a6876aebc1f62af75c9a7256fb660750f57880ef4429dce2f74
img/photos/v4_p0260_x2.webp,106046,15812d6b1853c84dd24a99982b9a53e9a6d31d19496f823c9d30aa8998762a2f
img/photos/v4_p0261_x1.webp,78268,a9fcf5b2909cc221d1da8863a8b501c0baf903ab15ae8314f13e961ce8e5c3d1
img/photos/v4_p0261_x2.webp,121342,e73d77dc00a0ba0cefea2569173b7192bd2ebab955587c1a402cb8ba0f26b4b3
img/photos/v4_p0262_x1.webp,91438,edef6611afb00b8dbe72fdca4dee05b130b4b3788b3babe1f2ffc51998277612
img/photos/v4_p0262_x2.webp,113320,264564274777e505d1bc363df5c5d50b5d1425f7b9765c8a48411911ff7b5d54
img/photos/v4_p0263_x1.webp,71948,662350174fb690020a3ca2e96e3b2fbfd1b02247524e0a58fc9490d235e96c01
img/photos/v4_p0263_x2.webp,98940,94a4ad0d600181f3c0acab59088919c3e5b04196622e8947ad48086425c120ae
img/photos/v4_p0264_x1.webp,86218,8e19ed061a342fcc6178a483622cecf209d069c592a513f86ae12c966a1e94b8
img/photos/v4_p0264_x2.webp,115852,163e2c94fc70ff92a3b5eb22f6467225b187b8f03123e83371f5b687615eb75e
img/photos/v4_p0265_x1.webp,85360,6063bd9ee49fd6bfabb3a6ca6a91d017280ea59da5a037d837bc096ca45017f2
img/photos/v4_p0265_x2.webp,99420,b8ae05a2fac78b8a6fe61aec14f1d0487793cd4f13bc417766333f8547e82a1d
img/photos/v4_p0266_x1.webp,53194,64207bbb1f43da9a33b5bd29bc8d7de47ee1647070723b7360357b56dbed0b72
img/photos/v4_p0266_x2.webp,67848,4caed283d60add0f85d408186e56d03edc9fd6781186aa176c458da36d60701d
img/photos/v4_p0267_x1.webp,126214,1778a608971295930ded6bbdfa1feee31223a72fb26063fd3f4b5f7ac0abd1b8
img/photos/v4_p0267_x2.webp,134472,dbe9da96983fd467c4834c495281e36d804b178b6ba46e0f880713b7d0c40d88
img/photos/v4_p0268_x1.webp,78462,1efe44508d22cd1d44996764d4e13346f428f5a4dd77ff6748b2bdb44c5c990c
img/photos/v4_p0268_x2.webp,99034,67bb3d017edb7564e37126b0f33ee8817e3609534d427e1ba91268bf8e35c7e5
img/photos/v4_p0269_x1.webp,95980,cff367299edfa2679054e6b6ee403817d5af70c54e0ddcfa58c8415e97507bbc
img/photos/v4_p0269_x2.webp,86214,4b1b56eeddb31586b13070751ff36b6f8b31b888454d6683ceac6bd1c8c57352
img/photos/v4_p0270_x1.webp,94088,9e7fc6d016e421b6e58d6e29877c5c6df567aa83202c703af0f0dcdc900038bb
img/photos/v4_p0270_x2.webp,86610,0b24b70dd7fd08a015d438d9124db812ade526d94295987bd4ea7484f2daa471
img/photos/v4_p0271_x1.webp,66750,1f2d3d5a96637cdb8aa7822749d5b8756642087ccbc71cdd3385431178b9a52b
img/photos/v4_p0271_x2.webp,71446,e7e401f9e26b72e571a1e23b4084ee43b8b5dba6e64da50e6b1ebba51c741cac
img/photos/v4_p0272_x1.webp,87258,759d8f3530a3e1c5ab6d5a0a613c3ef0391f4b47e281d15ceb76cc8b8960a39c
img/photos/v4_p0272_x2.webp,109336,5b525acd8b648aa979eb87dbc7f80451d87ac244fa83a179c661ddd2d8ea6ffa
img/photos/v4_p0273_x1.webp,87652,532370d769349c26e108c0d2125334a1d7d4d6924490dceb52e3e3f3aab2f772
img/photos/v4_p0273_x2.webp,77256,c2a7ad405467b2f910612606f0cd6739fe4fb646ff1b29ba5a156d392eba1887
img/photos/v4_p0274_x1.webp,110810,194061aeaf76c917797b8e7245c97ed84aef50bed54013f63994c1b85858069e
img/photos/v4_p0274_x2.webp,115790,2dac874631d465be11da89860f8f01eb26ca31c1ffd5f46ea4273a42c2a3e19f
img/photos/v4_p0275_x1.webp,111450,cc6cc4b74333cee49f89c176cb72facde3658cc037a0cf5113ae255e0c8c59ff
img/photos/v4_p0275_x2.webp,95250,74a66bfcbe2e25fd50c0aeb53c99f72a6e69c4571a5561b0684f336f4f6b31a0
img/photos/v4_p0276_x1.webp,127256,7fb0e6629e846f66c7b6e4afd7b7d73b3c09e9155927a8453262db7638fc1065
img/photos/v4_p0276_x2.webp,116558,2c60e876295a9c17f54c629f9f0e2c3fe32b034d2fcb95c481e2665f93f32170
img/photos/v4_p0277_x1.webp,60186,e46ca15a1c62bc8f80d86928d9f517423895d3a964078bd6b60d7f1b4916dc64
img/photos/v4_p0277_x2.webp,125168,c331ab343c108a63d6e0fff67e9af92d2b84efac669328879a25479414f804be
img/photos/v4_p0278_x1.webp,75374,a91da3d9a216aedee7f237754474d5d814ae567f2691c5fa7c94bb10899fb4b4
img/photos/v4_p0278_x2.webp,110436,f8da136a12f8924661622636af1c5813e3271444dc2d81e15e41dcbe5318267e
img/photos/v4_p0279_x1.webp,83768,acb0e3a7f48506acf1a43354cf534e68350b33fdff163680d7a158e58f43a94a
img/photos/v4_p0279_x2.webp,135384,fc5e218d9890508d91fc8677c54c4852a3db286e543537ee04080c420391763b
img/photos/v4_p0280_x1.webp,125330,1e7e22ee9c627ab0cee9cfd2d51fbebaa78a1955d2b509c8e48e91ddf4837e05
img/photos/v4_p0280_x2.webp,122416,3f940975ab87616a866594ab02152b810b5a921cc9296c4639264f0ea25eed95
img/photos/v4_p0281_x1.webp,125370,5458388551e6206f034b290f004e0e39a79fd4dcbef480846a08098225d8bebf
img/photos/v4_p0281_x2.webp,107070,547851f05df6bb58368c85d0c9a5cea5b89f60db8af70bfdbf482913013df01c
img/photos/v4_p0282_x1.webp,141642,0089bf9052475b55c438f4a25ea8ef7939b9353e2bd4f56d8b1b56c83238af08
img/photos/v4_p0282_x2.webp,138346,73143a95d2c698def023f03dbc833eed7d37bc076e537818bd2760ea136edb74
img/photos/v4_p0284_x1.webp,96022,3188aca28678624d27224bfb817295d86f3a68ceff57617ae6e8539470810342
img/photos/v4_p0284_x2.webp,106664,aa059958512469a91fe99bb0fb487f2d7d95b3b4f08f43355e0ed09acc123610
img/photos/v4_p0285_x1.webp,68250,4a028f55266b880ede4b29996c30f2418b9be809c32150c0b2c6beeaeb4df7b7
img/photos/v4_p0285_x2.webp,113192,4791c65c8b2c949c38cdb7d0ef5cbfb7193e4eab178c117a465a99b6c2d49ae8
img/photos/v4_p0286_x1.webp,73976,844271cdbd6ec508ca0932ce4c58213cd8b6a5f96764a5298b1d404bb5907da1
img/photos/v4_p0286_x2.webp,108628,59b58a6a8b1b973902c57ce7ccc939231e648f3c4a5e61fb9acc30f863bf483e
img/photos/v4_p0287_x1.webp,84212,ac9ad70ba8a52ee592e59ed6b0dadd3b22cbf3d4043012b12a210b2ebbff13e3
img/photos/v4_p0287_x2.webp,95784,557d90276b5ff7566678f1f1be8d1ceec6069d0d29e440f475a0b40fcecb2b6a
img/photos/v4_p0288_x1.webp,78856,c8e4de5ed33a8fa97308fe955007c4086bbfa51ac03a45faa2f92c52c146f2ae
img/photos/v4_p0288_x2.webp,139886,0a28bb1e2796dfb968ff604b1e0416c2e4a95e4125381ab5c5c261c5499354be
img/photos/v4_p0289_x1.webp,96904,5c9a546d8a275aa20eb96cf77992cb32831e59cf652152ea8e770261a5651f21
img/photos/v4_p0289_x2.webp,73902,1671ca13d776f13e20d69e2767465b90342a3e8eda3b22c03e3ac24e11d3331e
img/photos/v4_p0290_x1.webp,25786,a2808a175967af844acd675f399e9a4373e0b470dc96aa30739e13ea53273541
img/photos/v4_p0290_x2.webp,38338,29b93b0356b6d1e14f3a6bb4e34bde2d0161eb56b0b8e4b626012a608fa17fa2
img/photos/v4_p0291_x1.webp,103358,bdca814581711684737f63dcf0f893116b534b1c8370656b61331f97917ac051
img/photos/v4_p0291_x2.webp,95638,dd476df4c1d10a10195e77b574988fde95c8f426cb9cb7d555991d4f03779625
img/photos/v4_p0292_x1.webp,91688,c9f4d8da80e07acbbfdcffd7e46b448bcab2370e1dda42fcbf0003d9f9579a05
img/photos/v4_p0292_x2.webp,115100,64d2cc7fa5cb131e8d67cd79f354b9c5ac35d816179b2433324284396c6d1b6b
img/photos/v4_p0293_x1.webp,91120,ba42ff8b3c8278b2c6659d8522f8a01dab09b37de265a6d6f61c3d6ecdd3c934
img/photos/v4_p0293_x2.webp,128736,0a31ddcb56ef33fa32a3f421a90b9db85480f4521fa9afe9369ce727b55fe1ca
img/photos/v4_p0294_x1.webp,94308,cf104b6f919ded423de4470440bdd21cbcde8a7901b3e34ae0f6fb61ae4fb3b5
img/photos/v4_p0294_x2.webp,90750,324f8b18e0e2b94e578dfeb1192c11659bfc8bea45edf8d28c6c504a6a293982
img/photos/v4_p0294_x3.webp,90726,d45022e3120c072d9edd4941beb6ac7fce538b67f34832b809398306a8ca1e11
img/photos/v4_p0295_x1.webp,64652,e3df397776d202396ed7b5b73926af18e201598d5e0a0d3d9185340f7d0af035
img/photos/v4_p0295_x2.webp,94462,567b424bc6f84d144ab40925e8ef313f574229e4c89c9e667e583038510731d6
img/photos/v4_p0296_x1.webp,77982,5611d4a23d045dfaf15b01e974d256b6280155d0a665ae0003be75fc7760a5ef
img/photos/v4_p0296_x2.webp,90584,576a8456c8c81636e85b8818eb872e9ad9eea89ed7cf5059e4016ecebfcb3c53
img/photos/v4_p0297_x1.webp,112418,73de35ab83bd7ae2c71581f422969b340666f0eedb799f216584b1722cd84193
img/photos/v4_p0297_x2.webp,105376,2247296800007c7d1fc6b19f9514e6b2f058f7607dd05c26e7c921038d9ffdaf
img/photos/v4_p0298_x1.webp,62308,6c145e030c0a1ea67564a1195f0bd071e4aff04feb09d00a3f355b23864c7900
img/photos/v4_p0298_x2.webp,112812,d07eee8a1702340aa1c2c3aeab7742bc8a24547dea07489264fe1179fa656eb2
img/photos/v4_p0299_x1.webp,44332,55bf65da7f61d20cab8e1377496cc2583e7767f9094a9d48ce05fe42f810e4b6
img/photos/v4_p0299_x2.webp,56422,71ab52bbea85da1bcfe79e27ee80ba3dce305dd07e7fb604745255624911c982
img/photos/v4_p0300_x1.webp,27564,1be6a8106bf2e5cd1bcf9fb70261d31cc35019660a3357eb256ef793a56c73e1
img/photos/v4_p0300_x2.webp,59446,b10da597358d3b2e690da7fc8c0cfa2a4c691ca51ae4a2e4ee39f8dc7e95e64a
img/photos/v4_p0301_x1.webp,86436,c0cdc1be676188108e1bf196297faff59434a5662c7f7413d19a76350e7a04e2
img/photos/v4_p0301_x2.webp,91638,6e5c83c41c96bcb6d498d3eea868d0b777d45b666548d57193a7132695602e4b
img/photos/v4_p0302_x1a.webp,58568,3b325dfe83c074af2818f13ab89dad42880bdd8b07a6074f27ad71cec3d7e2fd
img/photos/v4_p0302_x1b.webp,101866,7e27e6095597633821f62150a5975932357a97d0d0968882e45f0c3c47e0c4c0
img/photos/v4_p0302_x1c.webp,58642,24a350a8fd3a7c5b90ed4230880b5b53284e5644e3b06b1506c413d3483003ec
img/photos/v4_p0303_x1.webp,80582,90bab3a4318961fd618239a2f7ca04dbc2ca51636d9f0c8f04a054306f02c1e1
img/photos/v4_p0303_x2.webp,145246,8afcaa279973757b8ccbc3a114a8a28323a911943374c97c58e49f363c1fda14
img/photos/v4_p0304_x1.webp,66502,10fb16292bcb67d116aeb82c5490e32d375247a131c8f95f79c30d88173762cf
img/photos/v4_p0304_x2.webp,91748,9d93d1c80366136f81977e57ac718fdc28e4144d3edaf13998a29b392bc899d6
img/photos/v4_p0305_x1.webp,76634,3f119bbd711c3617879f0002ae0ebd1e2f62b20588047407d7e2b3b2eb2a9129
img/photos/v4_p0305_x2.webp,74458,e359ad15f21cae0659120d235e20e305e48de09bbed626588b94e9b72657ba4a
img/photos/v4_p0306_x1.webp,35022,e4377551441c90efca87858d1c73c066331bcfab52e37886f1e327e0314f80cb
img/photos/v4_p0306_x2.webp,99712,6df517dc09acc57ea079fc3936e8d59eebb9f9acf9bc6214f9a73c82fe50f935
img/photos/v4_p0307_x1.webp,59736,59797350a098bbe8bdd33eb3e41dd47951bb37818d065c78a79fdb8f9b5bd55f
img/photos/v4_p0307_x2.webp,79590,0a284c81d6617e5624710d8a2762d7f7c1085bd80d1c4a871cb5e65f6000d7ef
img/photos/v4_p0308_x1.webp,75728,4190885bb343b59f881a38d136152080fe8de20c5a922126735cfb2aed0d41a4
img/photos/v4_p0308_x2.webp,122854,fb1c8870ffb9f1bb08bfd034276fdcee1e7ca831be6b18b3f61879565ac99e36
img/photos/v4_p0309_x1.webp,73098,61189adfea82a42a976a4744840eab4b4c4c90ba23df99e832c9869f5d45a86a
img/photos/v4_p0309_x2.webp,94636,ac2e4e4667f20510829b9aa58d18578a2cdb16f731ca826df2eac00282ca974d
img/photos/v4_p0310_x1.webp,63546,3780a03d4beb0eb71c9c845454652e8766f0a373a344d552637ab8c4bedcb651
img/photos/v4_p0310_x2.webp,90768,954c6a15b24faf138d3d51411eb3265e2a814a97e60480e6bce8afea96d5e0c7
img/photos/v4_p0311_x1.webp,64270,8a19c34ee357b9130b74cc5c4d6fa9ac672ffba1149db23f4c0286a0f9db4bcb
img/photos/v4_p0311_x2.webp,110044,120fe757c3e7f1a59a1561a11097739fe113696396e785883f9016950d78b368
img/photos/v4_p0312_x1.webp,79080,a40f2c9392dda55d437d89c3a777d67dca60bc4fb16dd888174040bd0fc43edb
img/photos/v4_p0312_x2.webp,70252,65f34b3dc15c042184d0c73ab8dd2593d65a8203f3f2482c2f478a66bb43a84a
img/photos/v4_p0313_x1.webp,86202,1aef48d3ef3d73fbdff1b18036e9ea4c2b8e5254b1d6b2cf7536da82f129f1ac
img/photos/v4_p0313_x2.webp,75568,74da1dc19a750cadc3ae73277669939c80f07a57ac6097f7a2138989ecc2e8d3
img/photos/v4_p0314_x1.webp,76340,dbd800025181830c35d0775af3c0ad8acea6da8aa679be49fb53f6ea5996c3ec
img/photos/v4_p0315_x1.webp,89998,4d6ab6c66b6225bd9a77742801993fc6a041c15a951d72b218de8e6a841f6e1f
img/photos/v4_p0315_x2.webp,124096,fd05ec8b54e800e449e4d179bf8c1fc85804f432e490733a1d86045be8e0238b
img/photos/v4_p0317_x1.webp,66962,33a1fa9d501451d2a03440bc218a1d18d2baab5e267662cace7200eb7785e353
img/photos/v4_p0317_x2.webp,82510,6daad67fc05e3c6a39ed1aad133b5ace1f2aea4245983acb44f3dc1e093c9995
img/photos/v4_p0318_x1.webp,45848,cd5243facacbd39c040abde3dce710b31991291dedf426feda4b13398465fd2c
img/photos/v4_p0318_x2.webp,85742,4656765010d882f95b48cb0010160e0608765c7985aae3a22598c97a1e57d729
img/photos/v4_p0319_x1.webp,84194,46c22cf47d2fb2960e4606f1983f1f85eeaeb83e89bb774bf018485344e2453b
img/photos/v4_p0319_x2.webp,117510,6404fcd997cc4b71a7675b266f0736c6245090daee1b0312678db7f9c2f958e0
img/photos/v4_p0320_x1.webp,83258,cfd8c72bcd68ec7ddcb9186cae2bbeee6b181380c0d539e8a74d38546d7bd401
img/photos/v4_p0320_x2.webp,115352,1a211d77745d4c6d5ab85411d297003231427734509a00fc707ebe42cd8510f2
img/photos/v4_p0321_x1.webp,76694,55725e8740fc0edb92ef15739b1040f3e22f10938e7c13d544093587d1905813
img/photos/v4_p0321_x2.webp,99674,4ad715ec62acec17ef90223348cedb95d57687125413051ff796dbf4b8718507
img/photos/v4_p0322_x1.webp,62492,dd25fcd50b6bb634249d7f3937cd77ca5d688f437ef244ef05794e00a6b574ed
img/photos/v4_p0322_x2.webp,93216,539886f24e8811b75d0c8303d8af7e29fa97e12825255cd021c48566ddb16b38
img/photos/v4_p0323_x1.webp,105756,8bdb00cf4105f9d66655ef916da437bcc443a6e2f3abd0fec32acbb63af9b429
img/photos/v4_p0323_x2.webp,128380,2caa6295fb6d923748aaaccf589f2c1bf5d1c4e647c3682bd994943a7436bd05
img/photos/v4_p0324_x1.webp,69316,62718ecd92af260f9f7fbf1b471b1e3dbbad27792130c909f0e39707f530c101
img/photos/v4_p0324_x2.webp,87386,e044eab0ccebb4ad64d2425b9793e25fde198348e599f68e205fed48fd159df7
img/photos/v4_p0326_x1.webp,122096,3eca70dd2811d7d83403097921b47729b1c8ef23e13ac91a3d6764e0993897ac
img/photos/v4_p0326_x2.webp,67704,a4b40c64694c0bbff4c7d4f7a4b84c9b715267f525b4681a400c0ab5d6c149a3
img/photos/v4_p0327_x1.webp,80874,eeb0507c1fd30f945bce8c2df5d9f9b81101b6844e8e5edccc0ffb9693dd4ef6
img/photos/v4_p0327_x2.webp,111212,11074f0154937f4c255b0fa01aaffcf468b4ae9cc2bc1194812dc9e6a3413410
img/photos/v4_p0328_x1.webp,124102,670ccaef570336b65397f637ca4646a1168aa5a38b205201f8fa8614c8af766c
img/photos/v4_p0328_x2.webp,150290,92c182dd26dc186f825b858a77227f8890b4bd8b6d1d27dc892c8a1cfe93ded8
img/photos/v4_p0329_x1.webp,109058,40045613c19780604f9977bc8429c4570010fc34b51f0b5b026e23d33914ff92
img/photos/v4_p0329_x2.webp,82472,5975b890c6667055ba6eddb8cecfd73280093e81da42532c4bb2716b4792fe7f
img/photos/v4_p0330_x1.webp,121594,3b502d244149c51cc20d96b4456904f7f4fb1671f0fd3020a6bbf6d8d81804bb
img/photos/v4_p0330_x2.webp,130654,e04ccf024f44a4da2cb7cd78c67b9d3da6f6f7f114cdfc3e0a495bbfbe4de4c5
img/photos/v4_p0331_x1.webp,108306,5e1f02bba6ee95b811b95fc5d5642fb769a2dacc5591d7ceb94a58634eb2ba43
img/photos/v4_p0331_x2.webp,133778,0875d85bac704660c323781ed13d3e2d1764b0086d702faf53173ddcf83ae185
img/photos/v4_p0332_x1.webp,79718,594adb90620c3f1071f2a6644d86e639d2c7dac27523e46bba0a5ac08d27c869
img/photos/v4_p0332_x2.webp,112692,d7984e94153ca163ba479c932db0377a8d98dfa7dbe5867338eb751ad1870444
img/photos/v4_p0333_x1.webp,111304,f6494dfc54dbcee5c62954c29fec8c7f479a6992c40eb7d11bb2b840aa85507c
img/photos/v4_p0333_x2.webp,147894,1f100b305bafd7277e6e8f60a65a6bbbe0f0e068d3077a1617cddad9638cf269
img/photos/v4_p0334_x1.webp,129620,5df7e12d76ed476e66a0763fa71dfc1ac3087535f15189925aa1d34f609be978
img/photos/v4_p0334_x2.webp,117040,9d3a107b9369f7e91ed3a49efc0383cd8eb39e02b164bd0f54dbc4d7fe912851
img/photos/v4_p0335_x1.webp,89872,72902791be0405ee2544ec3200cb807273d2cf3a44781fd5c869a68e39b8f989
img/photos/v4_p0335_x2.webp,111296,1fb79cc6c9f8c79e2196b9e0c7e78422e16b132ec7c1e371844ec6f0ec7864bf
img/photos/v4_p0336_x1.webp,98852,d8d258b9001130fa3da2c4b7541b2448843482492e4a24562c7889d8a8d03133
img/photos/v4_p0336_x2.webp,86932,c1a12a98c3c7096ad90c8668d6f7996c7dd5c5083d4f90d004b6152dcd1ff023
img/photos/v4_p0337_x1.webp,104562,1973ff038dc099e5ab8735f340aaa3aa537afb64e3e9e75302c9d03dc66cd6cf
img/photos/v4_p0337_x2.webp,96772,721f1e106571d707bb91ac02056a3e717119be2f092802c92ebb88f18c5feefd
img/photos/v4_p0338_x1.webp,85440,7615ce772447b194ac2419413cf3eb3b0590d632c5bc5b73f5af356ff77a304f
img/photos/v4_p0338_x2.webp,98080,69135a7921ae42a85bf584c1ec67c77a0b4fa81a30dda2ad34f624191a3e4106
img/scans/v1_p0001.webp,53472,3e34e45009c82d85bc8a992e8f93fd4a0532fdadb04db3478262be234f1a287f
img/scans/v1_p0002.webp,83390,93d3722af929b865d97a3f4c1a35e8f2323ba38a5385ad69b4c9ab21b0debb52
img/scans/v1_p0003.webp,7232,aba88b915bab7ce8e03a1b31cb0836df79ff54ec964a39020957ee7e006eb12a
img/scans/v1_p0004.webp,21348,74e673c147fd6eb0b9d704ef98f32b491db49e2feb0c7101b357afe0070befa9
img/scans/v1_p0005.webp,3932,1f9ef93781ec574ffcab2bb142cc1379cf70e61774ec495be2b7b5d5647b8d2a
img/scans/v1_p0006.webp,81582,56b21090fc681bddf167e10f5b8a927d6fde2bb559cd5d44f86524028bc205f4
img/scans/v1_p0007.webp,81626,2cc64869e28f94ec8d603a47cef1f37e6b84a8e0c010a971746cd22bb308b74a
img/scans/v1_p0008.webp,79974,4206fe67332b88ab304e39a84f037f218e1d0c07ba326a4dadf498c82553d180
img/scans/v1_p0009.webp,69906,fd95ec809ef9248171471e44da8976749c27c4a495370ebd834fd80eb8f2c8da
img/scans/v1_p0010.webp,78080,27bc27ed97e71aacf07f8d471016b5e879c4302b6186aec3e921804af01f202c
img/scans/v1_p0011.webp,71336,7a76be9f7ea86bf71b12a0b647a331690b27d8100f3f386f50817b4c49c97ee2
img/scans/v1_p0012.webp,92110,1b12f0e669ca422a56c2a63abe19fe8df8a457adb8ea63434d28ccfa49c3c5a7
img/scans/v1_p0013.webp,74278,5c3d04004e1910ae2141800608e68e2b8dfd38ce20150f6361601b6d3b501af5
img/scans/v1_p0014.webp,77044,f382d1508ecd8206bfed67e0ea04f9979343f3c1bb55669bd61de44ea87ddb57
img/scans/v1_p0015.webp,74664,75b2aa22ff11d0ebc82308fca16e70c2f84d62a08c5b618776837559c95a5387
img/scans/v1_p0016.webp,70376,59bfbb16432a12e6ac542a5c5126ee03bbc82299deaabd465ac74f048df70442
img/scans/v1_p0017.webp,6936,891465e1003bbe3f1dda0ec3fd92e4cc6c3ff062d31652fded7d6a12cacc272c
img/scans/v1_p0018.webp,11382,eb856e06fb5f4dd30c670d217285d7d76fd4dd11faba92638167a7022d36a220
img/scans/v1_p0019.webp,2826,676c41e43ac0641bfe72290ffb0d1e67734d65a0f35c09c298e4e9962103c655
img/scans/v1_p0020.webp,83342,ca520e3638bf5e6db8d2b8a37687f98fe3ef4bd0dd9d71804c76545377977aed
img/scans/v1_p0021.webp,112076,c03f227282470d46850f1ea13847c8108a8296c41cf6e1de12ee61d96aa03ccc
img/scans/v1_p0022.webp,92436,a500cff95e9ce070d88d09a39967820919701d742156a21071c77460b1a7e59c
img/scans/v1_p0023.webp,26030,b4258da6d0ae5054596012914fc85e7e9b4b97c138d60b45939a3544edbc1c9b
img/scans/v1_p0024.webp,13206,cf38b597ddb5dba355776d1d04e421716337e3eff9828cc1ccfc83b4e4882cbc
img/scans/v1_p0025.webp,4108,27cc1d346f41f7b064e6aafa142c1e7610f238ea18afc8ab222ef73677921da6
img/scans/v1_p0026.webp,101562,625790b9582b5e22bf02c16d9ef98fdc94e3d5a671e57330d1c5d41a675e181c
img/scans/v1_p0027.webp,112594,526090520a6d56a13bba12b5c95955dc423ebf5675a673fe7daf36975c55b57c
img/scans/v1_p0028.webp,42616,bef53158f087473b792bbb499156b7d29f0cd6d7657314b4facf8cc1bd2fbe54
img/scans/v1_p0029.webp,102428,994e90b40d514822c8a0bca4802c8eedd0413792237999e56e5c8da4a811be30
img/scans/v1_p0030.webp,103884,4613362deb056c386a350d32c42d9f16dd3392902d58161871bd6a96587a3228
img/scans/v1_p0031.webp,106942,fa7779f29daa1b5c3889b66883878c38e040698e8a614ed043318a08e57b7afc
img/scans/v1_p0032.webp,121448,fad3fa37b04bf5e949ca1aace3506ea731809c04ee5f6295c4db939ad1cbffd7
img/scans/v1_p0033.webp,120872,d5b2b5636863e5a1b7c03b500a9c16b5d2676636323453fb64c3501a20e0f5f5
img/scans/v1_p0034.webp,118026,fc64251f9f8322a6fda4dd063b4e8215f661d7341e9e23f98282ce949fa39fa6
img/scans/v1_p0035.webp,113442,bc0ff8f520ba2230af984dd851b759852519bd25269010be2882d76cc4d938d7
img/scans/v1_p0036.webp,62760,36767367d73dac7779218f670f04734c4ee3f3f74bcb3280df493e3d990be8a2
img/scans/v1_p0037.webp,104950,73ef9ca76f03aba0492cebee589606de6503e3d23d3031c80d82bd0c3c864e06
img/scans/v1_p0038.webp,110574,d61610657103e1292279f82c05a0da1ac6d0edb1908f6a4b48b6353c2a8e29e0
img/scans/v1_p0039.webp,108770,17166a87b334392384f2c54e5ef295420db0239ba8b3b2591255a477a13f5e37
img/scans/v1_p0040.webp,117730,2856d601d2b1b9977b6f618a2192569ca447d6b556e461cbdf26ef95ff275358
img/scans/v1_p0041.webp,104396,faee66905301b3c6c010427309ed4b6f775230cf0ab569e4392dd58cf707b4ce
img/scans/v1_p0042.webp,109720,8e339acf03cd51abdd072781201d1185848ec10fe753b95179d9c623c6003de3
img/scans/v1_p0043.webp,116138,13c1c183f2d6de1401ca79ed1ede056a95e98dae920a113b153316d37fe1ab38
img/scans/v1_p0044.webp,110946,bc30d802fce95892eddec14cefb83cefef1cd2631ecfae563d46f87e14aea957
img/scans/v1_p0045.webp,105468,e0b597e5195d3a2cd6a9e9f2f8e336cb38a29702ef4b99feef1d8dadbb172567
img/scans/v1_p0046.webp,113220,b94c28987cad48e34e69245a7df3fef2492374aad7158e0405843683dfc2c52a
img/scans/v1_p0047.webp,98558,e2dc7dcc80787d43e3ce6c8317894cd173a25299ec414c8b438a00a902f61c93
img/scans/v1_p0048.webp,110072,d8a4c246c4d7ed5ba9b52537812ff944afaed9973f67e60443423fa353e3fe17
img/scans/v1_p0049.webp,18078,5108a76aa7ef6129bc66767e7a1dff05472e6a480aa4c95d49875208fc6018de
img/scans/v1_p0050.webp,92208,0aa0508be0c0a2c6b5cc999f48b3eab436e7fd36895dabab262c3ca07b97429b
img/scans/v1_p0051.webp,87600,59a1404b97e36665f80dce6a196a5fe0a4e09fb4bb5843fe0ace5cfbd4a43aca
img/scans/v1_p0052.webp,93940,1d582b1db0a275345dce4f21b2bb51c06a9ba06f7596cc6fd39a474817bc7b58
img/scans/v1_p0053.webp,92316,953b81f37d62914b42007ed811ea242b2e6a72d339329f55d26f111f96e0ff53
img/scans/v1_p0054.webp,122022,c147f06662bb68ea1523a30fb7ebefa4d15d98bd72fa522b95c7fb7face3a01d
img/scans/v1_p0055.webp,95888,7461b63d8f98da6055368d896377d84d110d3e0568760f8d3a586d55c3f5d256
img/scans/v1_p0056.webp,109834,78e499e1d8088fe097100dbb416ada560123478772e592bc1557dc6ee87c3d74
img/scans/v1_p0057.webp,104946,c39936d83c5b5da4ed2c24d6778eecf36520d15474628b47999bdeb687826a69
img/scans/v1_p0058.webp,108074,e349d4233103576938adfad1d5dfd69416d13358dd1ee321b1e9f79bda686886
img/scans/v1_p0059.webp,111874,9415a2f4224a96a48181b10839d42eb9494a997b08c839070eba3f99e510356d
img/scans/v1_p0060.webp,102672,0c66a04e3baa509ff8625d0153da5d98b323505ded01f1c641e5633250940805
img/scans/v1_p0061.webp,109268,25387d98d4169cdfb4e8f190e9f595e0f2318c69a73b085df99d793fbc189001
img/scans/v1_p0062.webp,98070,65a1b65149a2718384643644d5fb306cb8f330f08aa3b37c998a90e387870f0d
img/scans/v1_p0063.webp,90024,24c78ba4b7ec16ff8730b26543c148d59339ef55f559c29fb386967e0e0146ec
img/scans/v1_p0064.webp,100678,9346df2e6ad601e095c020a1bfabf8915fad27d49ec2c0b802c53efacca3e0d4
img/scans/v1_p0065.webp,26942,1e802bb3bb352bd9b464706385eccf669b2f329843216255a811c5bbc9001f2f
img/scans/v1_p0066.webp,100446,67e48ad1f32d072b88a35652d7872fbc22f12904a6fa5b91c77c0e342d12c5ea
img/scans/v1_p0067.webp,88546,219cb060a8b47b2ee06e7767d000c6a6641a809b70fe90c6120e97aa379f63ce
img/scans/v1_p0068.webp,115634,5523827e5ddb892402c5fb96798f3cbf8f3aa7113e9048419305873ad7014f50
img/scans/v1_p0069.webp,116010,437ff679ac40e0ebaa61ba05132f57b045909eb6fc17aed1d9a1e5b129c07cc4
img/scans/v1_p0070.webp,118412,269df3066f3b8e0b57e8177307f1b0e10b0f6910d1da8389f02882f12b4f4ed6
img/scans/v1_p0071.webp,109148,4236a73e920157ab09f66afd36f739f6f1bd28a3e6350004761a0e35a35d04b7
img/scans/v1_p0072.webp,127156,fcfc21b883f719ebdd1908d7f9a7ddc7d463211420b4fac7abade8cecc930a10
img/scans/v1_p0073.webp,108564,e99235d8e234f26eb76a6b094065ccd0344403ca2ad1e097db668abdb65c2e11
img/scans/v1_p0074.webp,111696,8bc9e71f633605b64e8080183e30996f2021db6c18048e70b55f977047a28ce4
img/scans/v1_p0075.webp,114510,8c749283ea1791f99e197895ca92d80deed0b94a4ce3fa454bc07e95110b171c
img/scans/v1_p0076.webp,120982,a58fe636a0e226b3a686c2354b448cebbc64c129b14c8497abf6cb132b27a521
img/scans/v1_p0077.webp,107914,ac1d5de3a6a97546be4b91c41acefcf695fd5947503531d07a6c48434941d5ce
img/scans/v1_p0078.webp,118460,7a79b04acf39572cd9e25d8c0f09ca0cc737352b98c2d8e989b14efc538948b6
img/scans/v1_p0079.webp,117480,3896afadccef3479bddcd1f4ed46ad958b1672322924f90116ba04cc65eb55b7
img/scans/v1_p0080.webp,120606,10d79f63a3805e0d1d8d49064edcf69935db7f9b3b32bccfecffb4a833ce97e8
img/scans/v1_p0081.webp,106604,39497ba52b87dffdcb4b6e976e084557c7cbffe8951f849084a4c23d3fa6f306
img/scans/v1_p0082.webp,115256,36c41fcd283c957f199a9f91d763ef109f26e4b792d9532d7fd16d61fd6fc300
img/scans/v1_p0083.webp,50704,62a9c1a1d7ec75bfb28d01c451e3ddda44a53ed009760c1842428d3807692291
img/scans/v1_p0084.webp,105082,f33011e19d47182ee9aa891c6b659a2605f1043a219b49e4f5f04db74cf438b8
img/scans/v1_p0085.webp,117644,50425bfd7133578cc2bcfa36255cd7591633ff5899186dc780d9aa9e6d726f8d
img/scans/v1_p0086.webp,109512,d5c70974c0379e805f738e4800262a96e75059e12d86aa7e4fe3a5ee998facaa
img/scans/v1_p0087.webp,102064,2d9a351c764a21ef3b72556587d64fd14b673f08b838735b114f98cc8d59a445
img/scans/v1_p0088.webp,109778,1a74ff92838f2a978fa012a61c9db4f387c38758c091b7d960ef6c89fc53778e
img/scans/v1_p0089.webp,123504,56a0dbbd0ee1c5d4d52fb33bf65f5c1c31ef3ccf0ce7933ab728f9a3fd0730bf
img/scans/v1_p0090.webp,108192,90e665356a89cafd073f84be61289787182207c7a8b88fa8e2d55462aab57185
img/scans/v1_p0091.webp,39154,d907b9e6670d5204f15a75dd12134ded11ffbd0bd4d1df1b04513dea9fdaaf2d
img/scans/v1_p0092.webp,10900,88fb93e487aab9f8408d640f3696be3b20db8c4064b5616c51ad105e6d951f9e
img/scans/v1_p0093.webp,3512,e621aa4efc62ea6e12f55af46412efddf086c74be23676f71871ecea5476a0cf
img/scans/v1_p0094.webp,99990,d4e161394e5c5cc4aa5cb259962f6a575c682e3e5aed5f1a4bf3b2b701e9905b
img/scans/v1_p0095.webp,80094,5c0ff2b191682ffb93b16e1095f85a26246ebf433f69ff7402f932877a0049b9
img/scans/v1_p0096.webp,83806,5b57a0d8523bb22cc07ac529d563c207bd0bb546cffd88545b5a2dd6eaa241ea
img/scans/v1_p0097.webp,96318,1fcd42a53d71fb6e01aa9e86ddbbb17775462daf003f5bb338f41e1e819d3553
img/scans/v1_p0098.webp,85038,94374522874123981ed8859aa2633ab717f5424654e216c51494f66f2a81bb4c
img/scans/v1_p0099.webp,24202,1273d0ca352a47d5b295569188ac66d230056478fb34f1766a06f81577d6a17f
img/scans/v1_p0100.webp,90712,4ac41597378ed89674f7a93a9b9dacd7de6360ec59efb60a96a02a3115a6d6b6
img/scans/v1_p0101.webp,114232,59d4d3396165b19bd93d4a1003026cb232bfd3fa6376f07c1bd600c5d68ff4e8
img/scans/v1_p0102.webp,113500,a3f5e9214518b55137ed20177d3e5f26a667e5313c1c63351755dc6a69f5544c
img/scans/v1_p0103.webp,101240,04dcb7861ab0297a021bd4ecea005a3e9a38c34d26cd1a0c0f9201de20daf1f0
img/scans/v1_p0104.webp,53134,44747ceedb94634bd81814117f29ee9fae0c2a9e3568c36488a71aa56526c9f9
img/scans/v1_p0105.webp,4162,5280540cb0ab5afc0fee900c5983e5d92b515e16367f06c14abcec102b777d45
img/scans/v1_p0106.webp,15514,7e15019c7f1ab70eab12f868671ffcfd53b390d1afd050f90d85ff2c97ffccaa
img/scans/v1_p0107.webp,3592,dce65ff90701ba8ce40c91484a663d6b738e56859c1cdffa61cc679670f6f299
img/scans/v1_p0108.webp,114282,7a3bb87f8b002874497ed3961e04a0ab424a220030f6da1b1f7e06d01a791865
img/scans/v1_p0109.webp,121110,90d71543fdb9fa8b2be08e431f3050ba4e53428fdbad79f1a5cb7d006007cea3
img/scans/v1_p0110.webp,127422,814dedaae078cf95681389eb885478564bc30ab6cd5e163689061128ef2b695f
img/scans/v1_p0111.webp,128412,94c89fc03382e427acef4ab664d8ff32f94d5432237e2be64972ed533f24a825
img/scans/v1_p0112.webp,112684,a97f45429b9a180ff80cdf473f4b69905e96b7ab0df44c27f8c65c1875c5e27c
img/scans/v1_p0113.webp,106052,7050a42fe14c20ec225f70ba7a117318b1b70a1c7910f5807fd43b75cdf626df
img/scans/v1_p0114.webp,79094,794273967f60426bc387fe70a4374e462b951fb086266d5fe96fcb583f850a55
img/scans/v1_p0115.webp,123412,d107473140fb930c6d3f421d69f84051c9a894bddca58c4bbb9fd7d0e3fa6300
img/scans/v1_p0116.webp,108796,10f59c472e4b29b0be29960a6663ccf07667808bd4c5ce5c547fa1abab3cd196
img/scans/v1_p0117.webp,108190,dd1617d6a1dd5e78354f3f40723109bb42534001344132efd09ed577197a55c9
img/scans/v1_p0118.webp,136042,156b86bcf8084b8da1f8a9746547e8eb4c4595bab626721103f144127ec99741
img/scans/v1_p0119.webp,121718,1e3651c443507ad9466b5fcf149d3f3bd8eba2f689975a1297b9ad9d08343d7d
img/scans/v1_p0120.webp,127384,c0b3db80c386dfeefa21c29e06b3aaf7cd2e335c68a17203c1bc2bbef501c4ae
img/scans/v1_p0121.webp,100840,b53c78bb654f0932cc2693e36199db9a81758624df19e953045e5a9bd68293b1
img/scans/v1_p0122.webp,125200,c280638dbeafb65eae92dabce9f1179425e512ab4de61fd0f7a226a2d3e5fc16
img/scans/v1_p0123.webp,112038,e43fc74d1be70c184f969a401944f33f3252c0e8132dba3efbe03b6d12f10927
img/scans/v1_p0124.webp,107024,1de4ae2cc132856efefdff18929a4e9f5f01b94ddfdc93991f66c28bb7eba3c2
img/scans/v1_p0125.webp,102468,a595ba6f53a56432eed58219bbf0e2254d60a7648c95f26ba3a742a2d7034ad5
img/scans/v1_p0126.webp,116896,59eaed61acf0aebb4a10902b826a18a1d0807009b611254ece05ec2b35438698
img/scans/v1_p0127.webp,93246,52098024cc802615a5fb1d5b3dbac9a3d6c758179aac97e1f1416389dd6351dd
img/scans/v1_p0128.webp,124894,b08fe1fbad2b39315f2b7412f20da945a70c6cad4cecd8dd3568ac5c6b365994
img/scans/v1_p0129.webp,42844,95a0679d501017c42beb57b9be3c719470b3a39284578738141e5947080fc1e5
img/scans/v1_p0130.webp,95716,199c9b18ddd0f3c52d5f45e74ee01536407e1794506df65c2d91db17739ace78
img/scans/v1_p0131.webp,87558,6ab55b6b5d3ffaaa25884ff5486bbba0d22a56b5775326f5804fbea775dee149
img/scans/v1_p0132.webp,122698,5474d0fb14a160f9ea7a3f4d752f6de2320e5bacc523fd78e86633e1744c1110
img/scans/v1_p0133.webp,114068,7cb22d080e9b61ce9331ff6bb3257ac10daa627b9aa388e62c19779882eeeb77
img/scans/v1_p0134.webp,129994,44a6a66520c03c8991d3ceed268288a567017019fd937d7645f18a592c4dc9f6
img/scans/v1_p0135.webp,117158,96f0d27d76f75ce360ebdaf0833cb1c7c64817dfc68018fdb897700f540256c2
img/scans/v1_p0136.webp,116314,b3a2901ee41d51250f52f691266979ce3bdf4164267c12d99b7edf77ecbc4775
img/scans/v1_p0137.webp,116340,47d35e9cb4647504efc30710bfd8d99c9afeecb1364e2c6b7cf3cf33d8602caf
img/scans/v1_p0138.webp,106338,1df631539c5a304f940a27290522b940bfeebb571dc06bd54c289f84835dc03e
img/scans/v1_p0139.webp,102332,5273820fa9bc8b8b70912825ed9737190d2d4bc68cf9a311c55532db6d881ecd
img/scans/v1_p0140.webp,117042,d4b51d1e00d2c1616a18f293ff9df2644a7e7deced792e4365467ab0b0efd851
img/scans/v1_p0141.webp,82506,4f7b4776e2586a0d84becc1ac83f1f9f0902af5b063170b2207f4e0c67234898
img/scans/v1_p0142.webp,109396,c05cbb0afffb03e2bc95158986cefb4d97da7e56f486b9ca3f4352273b4c1979
img/scans/v1_p0143.webp,104514,da9b6593b4c906cd512347304214458cab019e0b6dfb1adc3dbe1896119ab751
img/scans/v1_p0144.webp,116906,acb6760d5b60f9e316d90927bd5410178259b2e5a688bb6f567d4b0806b71840
img/scans/v1_p0145.webp,114618,9cdebf2e93a507b113d25c6f5a27b4cf6d5f2c669432b0fda83039d4619dbe92
img/scans/v1_p0146.webp,117264,d020dadf43a6bfe88cce7d58bfc71bf409cf4bdaef3386f661f509402ba4d5a6
img/scans/v1_p0147.webp,113482,3c46871a4e41269e241b7f256b88941be9eb39d02a69c06d7d42f6f7dc4b9f77
img/scans/v1_p0148.webp,115040,a63e0df5ae371c574d4649b2b0a9fbdda40f7c6d67e1d9a12994ae0294a6a280
img/scans/v1_p0149.webp,99824,8b51c9cfd2dbf477d341a18eee749833a831bfd9a167496ee17ad157741ea184
img/scans/v1_p0150.webp,111376,f13d7f4941e3597bbe6b7d22bfece9fcecdbda5d3b60ac738249fb943741c14a
img/scans/v1_p0151.webp,111036,d49b269e10bb49b38c4a41a1ede385d81e7cd87702564fd7889d46f663c50be2
img/scans/v1_p0152.webp,126890,53db221b7dcbfaf6be7c372e74874df1f12e633d8e18272231b9e46f2aeb6a16
img/scans/v1_p0153.webp,117744,fd58cba3d629e66019416ac89b952614f66986b5eab771808ecbf5b84c6534cb
img/scans/v1_p0154.webp,93212,c39461c1c4d198ee2ee960a3fdd5d590a771ef14c77c9ca526d48220f8d9fb44
img/scans/v1_p0155.webp,115108,c754587508d135678fef15370d2550e0b3f1689d2b397efcd74b7d38f4baf26f
img/scans/v1_p0156.webp,118140,0c75f8a56718b9776c83987bfbaa2bc5fa0d93126be45ec34c88c6933da84905
img/scans/v1_p0157.webp,110212,1e1419fc0831608574c062fbe562fe9c068c2117973d3a46bb088fc31e9cae25
img/scans/v1_p0158.webp,116638,10e9bea5bd8389643d1a4ab1ed5a0a1737af0caf688f8d34200d5e860ddf6dc5
img/scans/v1_p0159.webp,114606,befe3d7b77bcf95b0335ed9518bca7136747ac7dfc254f195e792e5589cbc190
img/scans/v1_p0160.webp,127018,864e05ef71c9e97f2e7ad6e6f10eea961598de2f8bd1e5c39ee672012c57a96a
img/scans/v1_p0161.webp,110186,7fc5bb9a54cdfdb5a123e0bdf2f1cd36cb9306f101994df94ce4b795963b58c2
img/scans/v1_p0162.webp,113602,b3df8e1a520fae9d2c1f464ab79680398ad697117688ba904192bcfa24f72c7b
img/scans/v1_p0163.webp,118288,77c7984829489900dcbd78b966544b75e2e1e714f67c17a88566e7bfc9042d0c
img/scans/v1_p0164.webp,123492,c44a610a81d86b3df96864555ade247a5c4ec130ff082045e3503194450dd42c
img/scans/v1_p0165.webp,118550,e6979cf04e1866c312a15aee1f4da1d40cdedf81464b64ed6d11e18c8e86d266
img/scans/v1_p0166.webp,127670,fd6592dc839f00c3d88ab7ad30791d774b506e724c86b5b0d3f5e5d0809ac877
img/scans/v1_p0167.webp,121768,96ee4b82c15f7c6fd38f6191933f74daca9b5dbf0a3ae7519fe889eeb9602c91
img/scans/v1_p0168.webp,117244,42ce8931ba07f4f547fee622fdc766410f1672378749dd0de1a04dd478d4f888
img/scans/v1_p0169.webp,98346,fabebbb928bcfac8b8af0c176a017ee6450fdc130a4e66ff59197cd9feae8848
img/scans/v1_p0170.webp,75422,b16c50a8cfff092e3591c76f89fd9fd81e4fad3ad86234e93a7783648aad5e59
img/scans/v1_p0171.webp,104806,7af6be908fdcafaffaff753c567901e4cd3fd882045b88b55ddb9531e06f369c
img/scans/v1_p0172.webp,105840,e58d1bda90a8c76c1ac4997547bfe3a5b29e70de8333e54ffe97ecb516548bd4
img/scans/v1_p0173.webp,111360,1214334212286f4c4f8a2ffd6f407cdbe6b8c9587822055e012d01f802e776cd
img/scans/v1_p0174.webp,119368,abfedb0f42c7251caabe513d098274f2e393bcd35f4ef2cf9b132081e4706a97
img/scans/v1_p0175.webp,109350,499b69236f39e844738cef7f82c336437127e7719b8990f0e99ce08e1ff9a55a
img/scans/v1_p0176.webp,114712,6499da631bb12dc09cd3c9b4b618e01730ab31ced6257da4536dda8d7724025a
img/scans/v1_p0177.webp,119664,4c46162b1a990c12344e8db956a07b1418ec33fe9941df42dca72c0916b4e77b
img/scans/v1_p0178.webp,126948,742dee31f2b3affff26384e221f57b0e6720cbcf93aee2cc78ee9e25cb865174
img/scans/v1_p0179.webp,125078,153f927615c9e7f80d54c502057b4a7708a41682640b26fe0c4a3af77a3e26e4
img/scans/v1_p0180.webp,100782,697c2435df6cc3acd44df822e98ea0036ea4ef176b33bbd3e7cad7492f6d90be
img/scans/v1_p0181.webp,114250,df10273fecebf8be41586b843cb11b7783fb3d9ac6465353828fb37608fda9ea
img/scans/v1_p0182.webp,105240,b6834352146095081ce92e2f95a79e67a66b0de2193e0a92165727a419b5924a
img/scans/v1_p0183.webp,96324,e2620467c70e2845b42dc33bd58e2f7246448636aa4475b7a6e62c4a59852dd9
img/scans/v1_p0184.webp,128462,c8e01ee80c2eee475658dd61954a60c279bbf9781589d1d58dab61a5103b3b80
img/scans/v1_p0185.webp,122194,32a108f9bc71efdd2a9b0b93558830a6b2ddb14dd214db2767261bb74761311f
img/scans/v1_p0186.webp,117220,6a2ffe014be9bf5ae28435e5323db04a02c2a3002179fe112b88a6a7de97bed5
img/scans/v1_p0187.webp,120356,930c855410c8eee1ea887ebba4528be9869c16f2735b50d0392834536b12cc94
img/scans/v1_p0188.webp,89914,2ce5fac1626b19d8c1903a5d5d503598fc7128f0bc5f4babe463aa67684d02e0
img/scans/v1_p0189.webp,93660,90b43def93fa1734e22f31f0ef1326834b87166bf80770e4a7570d570c477386
img/scans/v1_p0190.webp,88254,5f0469132b17bf483057a247c6b502c9073c37d812fc29a64f77402be6f3a81d
img/scans/v1_p0191.webp,113026,612b54b79b00de1eef9d83588c0f5f7d3270eb3c3cdf7440a809dd2953f1184f
img/scans/v1_p0192.webp,125446,11a0ad5c82b7f91d90713e0eb47fdc51ac9a2d2277edc5092478ab68d996ce05
img/scans/v1_p0193.webp,115210,f5664800887a9ded6c217cc1dcffa6187b2f7a9ad778dd53371e9898f79b721d
img/scans/v1_p0194.webp,103614,21e1bf23756afbbdf8f9b66b8bec3bba0f8944b9bb2b5c93361d8e335f129864
img/scans/v1_p0195.webp,101906,966f4651e7b21df9be01ebe5f3947ac00cdc3e4086d0ad5fa127fee46350dbb4
img/scans/v1_p0196.webp,114012,af4e69b0d6751c1f5238f0525a9a94ccd8f1da22aa769a3503c5f31c6350dafa
img/scans/v1_p0197.webp,116610,4f3b231e9ee2fafc266b4b12e472ff42895646afe2c193d52cab51788ddacefd
img/scans/v1_p0198.webp,112458,1c3f6242f072700c0e71aedd52b2048ff67e41fe810e686ee1663f74fd3f4532
img/scans/v1_p0199.webp,124676,c10a8b44ca83cc7c154df215ea9dbe7839cce355a537a5ef9ec31fb242e679dd
img/scans/v1_p0200.webp,96192,9d68cef81e5d84d97497ab28cff2c3abf227e03a82bc0a8ed2aef45899b24944
img/scans/v1_p0201.webp,110074,99b95c0b941272d647de350d585d19026583d0a7e7d3c1f31ea70497c5f6eba9
img/scans/v1_p0202.webp,129766,80fcdc5f2dfaa9b24a346df917befb99e231ae16a29c8b5ce13ef0c83610aabd
img/scans/v1_p0203.webp,121990,f5699926c5fafc774dd1a2070b9c76c6d1e16e6e75cb6bc6d0d13c954d1e4cb5
img/scans/v1_p0204.webp,121990,86dab13446e3d019ba0ef39a246cdd90b1488e5f880c92f073fe877fc2ad4487
img/scans/v1_p0205.webp,123280,2b5d204fe894b4c2530be1314635200c8868da7cabbaa4be092dd782eaeec8e4
img/scans/v1_p0206.webp,124984,bd76b37ee2de9816bc10fad9862ff1ed35997e05cb03fbfd01e2128263dd8e77
img/scans/v1_p0207.webp,108184,4869a446aef6da02f14e72c9d38bbc182588ae8504bd5d2e90a865a4180a608f
img/scans/v1_p0208.webp,47628,33a708f076eec51ee2ef2bb17862de025fc856917910f776e18588058e415bb4
img/scans/v1_p0209.webp,92014,41144e8150fbff0de44e8320948388175ce97cbfc672e1305ca7a63f1e5e5d1a
img/scans/v1_p0210.webp,107846,6bbc7f96971be1481b96d269b7d52b9f50f013fcdf1a2b3c3b1ab2fa8c6717c2
img/scans/v1_p0211.webp,98190,212bb4f9b1ab63ea56ef18e82d9779194af3dd547254e227e7139ed91df083ff
img/scans/v1_p0212.webp,109258,5773db85858a3296a1f6517f12540d2eeb05e311c95472a1e99162a413a7f684
img/scans/v1_p0213.webp,112522,c7b52e2e52d5c29c9a37e4dd1fbd7507b3ad8784619953259d51df570c6de2cc
img/scans/v1_p0214.webp,101216,a746734b125b9bb28a8a2af84d8fceffc647e55e651bb5eb0c630b2488265760
img/scans/v1_p0215.webp,95360,e9788b74a922a3c3329ee035ac164914cf162c8a3d38608431d1f61ca9c37dea
img/scans/v1_p0216.webp,100998,f07a0b0ba843732b7bfc84aa21eed6406e03ee672647253c3e0aba864807397b
img/scans/v1_p0217.webp,112878,26188c5b446bc15f8598928f97a61471af7da8d6b08c86a3e891cca3795bb4e7
img/scans/v1_p0218.webp,119032,18fe2cf1096157fc544077b9a808064b2c7b702e212d00dd68ee5559aca59574
img/scans/v1_p0219.webp,113842,b5fc8e0bc2eb58bb6baad4df50f94c3ebf82ee29bb539aeb5a6752473b107cfd
img/scans/v1_p0220.webp,99680,f8245692081a434f32a866308cc08523efd212527a3d752feffdb0f2d1f1afa9
img/scans/v1_p0221.webp,108958,527fd7e291bc007fcb0663ed69ab4fdd7a93568ebf42fdd6067691744f610e15
img/scans/v1_p0222.webp,119892,769e5de287a80dabfcd63ab3be906fb2d09b65fdd95f874a947244262a94d469
img/scans/v1_p0223.webp,113836,d3fa062b3de68d746c9c6bfb428eb3105661f743bb25631825aad36d5ed2bea5
img/scans/v1_p0224.webp,126890,d939642e5ab89d20bf4335488fb833942a295ec5610340c03f1ae6f463440fa1
img/scans/v1_p0225.webp,125892,b912ed2a503b19a26683744af7781b881a67315109d1b5103a239b6f9492de28
img/scans/v1_p0226.webp,105628,4449db2b290ede261be82a3e171b57cbc097183856c30e88642e0ab6c19cb2ae
img/scans/v1_p0227.webp,113604,7943f9a072d9fdf9a3c02f5aa272132e5331fc71517c890106fa4f60c71aca8d
img/scans/v1_p0228.webp,122902,ae45faf2390a44d5e0bf88459b7cff74c54204a8f615efc241140a3a6bf79da0
img/scans/v1_p0229.webp,123618,acb2b31d1ce39a28d6bfe9c927dffbf164294c2c75d525c364eee52f95abae49
img/scans/v1_p0230.webp,113886,f1d1dc82229dd00c3632816c548796ae18ffd23856d3d377cdf05c3801ce1920
img/scans/v1_p0231.webp,98378,10dadd22e7664a718022a960ff987001589c0ddb10715971eefc6efe65af39d7
img/scans/v1_p0232.webp,110206,48344521ea6b8e5c48743a0f5e74fa26bac4786a14bc02f1480d994060941545
img/scans/v1_p0233.webp,115348,069614ca937c0a4a7f977fcaf72d729026c08ae4949258634df7cdd3c7ec9b8f
img/scans/v1_p0234.webp,107030,74f72345cbeaa073034a1eb3e52f5e8a3ca981cefa19013f5935900fd1386992
img/scans/v1_p0235.webp,87994,86ece780a4d5d840c9686c1c9a0190b2cd6436c39080f83cbc9e4acba463f97e
img/scans/v1_p0236.webp,81416,72131fd69a33fe009fcb6d421111652111513f7a90ac1b2f45653ffbd6a7598b
img/scans/v1_p0237.webp,109080,ee28f5f1e1258cd0ec0524bab866650818c70ff58b2d153406a077378fc78ce0
img/scans/v1_p0238.webp,112644,e0d55eab44726bbde2f43e8f68abb79018939dfbe6a12d69fc3c2c37add95b0f
img/scans/v1_p0239.webp,114646,289072913c820618550d874d9088843cc79bfad1494cda8ed1138b5f2d5a988e
img/scans/v1_p0240.webp,119610,bd10b778ab0033a02c3b5ebf3d385f6e6de356f621e7a9015eb55da873782fc0
img/scans/v1_p0241.webp,107310,f01357e2e0f790d96abe2969d9d848e5bbce8f01bfd22cb10b5783e7f3e58777
img/scans/v1_p0242.webp,113742,8de5455b2b9d066911857182cb2714abed4aa5bc2f2ade59080989178a4d9c34
img/scans/v1_p0243.webp,84014,39573c36376160d43bd6fa9e85ef5e3ce44f26c49b0fcad2fdaeaf4fd5e82be4
img/scans/v1_p0244.webp,88688,cd68d406819ad67a00a2c5222b35b802cc22354efd3e5b69d58fef3ce72d8066
img/scans/v1_p0245.webp,89296,8f48afbd3f44b5853c7580dac228e172a19a57f426ee3ad8860efa6bb1821ffa
img/scans/v1_p0246.webp,113550,27fb38fdb35656a0a98ffcc70b7b90b106664ecbd96518e06e502b69ff4dcdf2
img/scans/v1_p0247.webp,105852,d15b91e2f74581f95a42d7edb49bb8a2e09aab38f3930fa51ba674a55184c6cb
img/scans/v1_p0248.webp,110552,4176621e57fb3c38a08f91183942e688b3b82852d9e5d847be16c8067ac6122d
img/scans/v1_p0249.webp,106682,b073d1ea9615ef98de0b0effb46d05460c4607d72dbd0a1bedc8a7e7ebf21588
img/scans/v1_p0250.webp,102634,6e8e64e8471e7d19d5795150e829cf2bada999b67194aaa682660a9be05a4522
img/scans/v1_p0251.webp,110042,85bfd598217cad0aecdb637c9af3b73390db830aad33318d285a39f774d31350
img/scans/v1_p0252.webp,114186,1d94754170e4e947d5462cca96c85dc00bb429194698b589732c3343b912a8fd
img/scans/v1_p0253.webp,116080,d62ef5099f8045625e4bcbc502f5dac91882eff7d5c7552897ec4724e6b5ffe8
img/scans/v1_p0254.webp,112776,9276dc845639372dfd51d805129127ea8844eebe4e58274ed9a4c1ecd5767716
img/scans/v1_p0255.webp,101866,5041da8e6b2324e5ca023a317339cb5eb34dcc0a2be29c9dc7874c983bc5a88b
img/scans/v1_p0256.webp,96892,38c87c67e2482f18efca0d21f03714cf68d36ada97ee4d92107f79fceb02192e
img/scans/v1_p0257.webp,109234,2f61fb6e80a92606058bac83c4a0adde74e4c03333c2023de1bd09a679d3267e
img/scans/v1_p0258.webp,115094,fc7ab17d240a2b695b3926531e109b47f8baf0eb1bd71406a599713e8ef40933
img/scans/v1_p0259.webp,95456,3e55de71ba0d63b042273178573262429d1285d61164a899220f25fa6083faf4
img/scans/v1_p0260.webp,100878,ff0fe37549b5010f186ab0d1ca8b69f6b84ff450e09a056cd74ebcee5433607a
img/scans/v1_p0261.webp,102606,546b2018afc2cda4ec0e0d7a7e19ce7823789449a87dc0bad1a07622f36b6fb3
img/scans/v1_p0262.webp,98028,0b645ea8fbce0b3cd5143cf29db5a83b5135df7892da6a61cbb25d6d6cb84948
img/scans/v1_p0263.webp,109764,ae4bb03468bcbed66d2fdcfeaeb486f641076071b5d2e83167c0574e9a1a83bc
img/scans/v1_p0264.webp,125022,8d085e7e6a2180e0cc5abf298b7cc100ab2ce450b4aac0775d8c74342ebd8ca2
img/scans/v1_p0265.webp,111050,ec7e20e18c3b0e606667807ae6a6a58643eef556de34f520cc985f77214c833e
img/scans/v1_p0266.webp,108220,0c02a3e4c528323857d7d9d3d6e3c217462cc6c4067df5449ae763b39a5782cf
img/scans/v1_p0267.webp,101342,94c21fb441b1dab36754f0ef1ddd5200dca33b8460c50d632a11410245cecc02
img/scans/v1_p0268.webp,113570,61af13ca9907c31583dff93230c76294b20fe432770fc044e7533d7b22fe9093
img/scans/v1_p0269.webp,98454,a80a3689bdc9e7bec1e02acbe7b9f1959925ac390562ef77ca4a50df27b9f69a
img/scans/v1_p0270.webp,100526,414a03743fa4e806ff99a2dbb036157ec52f82da45511953bffd7b924a6d9930
img/scans/v1_p0271.webp,106852,b470e7fde71eae32f995f754a138b15e19dd2ad32312c881e135713e358b11d4
img/scans/v1_p0272.webp,101766,966612bc6f1032f9da1ad78a077138021b5cb223410845e451394e0b810fbbd9
img/scans/v1_p0273.webp,114856,01f59b6afce24417152eb4dafdcf7e637ce44cb31a674ff646e3e5c60a7ba7fa
img/scans/v1_p0274.webp,109130,bf3836567b7bbe292f2244a27f964981a7be6f9414f2a08791c065c54ae76079
img/scans/v1_p0275.webp,114688,8c74433b3a020f45b147ed29818c2b0023a44e2fff0262156c7b623e386e0197
img/scans/v1_p0276.webp,115300,a26e296373148e831c6aaeb47767c72299b2c7d58468c7c8a04e7e55b973f9b4
img/scans/v1_p0277.webp,109394,dc0098e5e94630b2b76329166f981ecf00644d17e619a4ed9197de3faf1bb072
img/scans/v1_p0278.webp,130794,03bb5aeb05f307376b73ad4c1d03f9b42d265fc8b7445f630bc577270fd865d1
img/scans/v1_p0279.webp,109082,1a7a741b962ddad6c82462228c21b7889fbf2ea203fde799fe03aa793a8d6211
img/scans/v1_p0280.webp,121180,41f76c6ce84372a6dd62b4bbdda37e3c3598305ed50ed6ba0c01904084779ae1
img/scans/v1_p0281.webp,109092,1faf203bcb6b580e79b729e35129d5c64fbbefa35b97fa6fc3512953c6a7732a
img/scans/v1_p0282.webp,104888,e1a9750299ecf1ac53fc135dfc4cd5679294cc74aeaa8c11fbc8ab2563968d8b
img/scans/v1_p0283.webp,106392,ab774744bb330b4ea8d7f615cc9ef5387ee6f1ab4ab2957f838e43adc5b588c6
img/scans/v1_p0284.webp,122158,5abbfe4ad3c54b063adbb6fd832977b1b9e9a5dc2cc067311affac9c4ad16e94
img/scans/v1_p0285.webp,84232,6bf1161a2b461ecf799c0df6a9f1cd65ffa277b51b52aa48df729d23fecf0b34
img/scans/v1_p0286.webp,112064,ddadeaf8c2594f0e3e2154edf5f95bc45e87a6eab87d378e241eefd37850eeb0
img/scans/v1_p0287.webp,93950,651f1e3eb7952a048c33246012295760df8d821004fb340e00aa9ed3e0d622ee
img/scans/v1_p0288.webp,122200,828db167e623798f4f40cb570dd818bf376fdc3bcacccd53c763eda99a50e2ca
img/scans/v1_p0289.webp,121338,babdbbcf16a37b736dd26c84aad1ed9cee1a99c58d92a62169ad68d1b44032cd
img/scans/v1_p0290.webp,114854,4c67c8bcfa245e0d548577fadec3a850f7e395902e88d0ae269aa8bcea54d1d7
img/scans/v1_p0291.webp,99868,32cfd9fd3ecfc0da4fd6e7871c600d74ad1bae7bbff12b39646983f68932b1b8
img/scans/v1_p0292.webp,103130,97a9d83f8e8584b2447eca2cf231313cb8257ce169fe5a11f46266cffa0a8fd9
img/scans/v1_p0293.webp,47460,bb43fa47003f4f3d3293b91427f1133afb0bbbea68ebd30089e9df74e4798f96
img/scans/v1_p0294.webp,93548,6afbbec7362d5fcd7b192de94c7a7c480222fdad8bf02daf45bde034fc3abdb4
img/scans/v1_p0295.webp,97738,0d0a4177a0049dd5d36378247829cf50c16bfd0bde538b3d09630a9af0074a9d
img/scans/v1_p0296.webp,116892,4208337a12d400818f2ef38b960019d064a50fb9873c8721d6316a83dd04fb9b
img/scans/v1_p0297.webp,115248,5d723f611f12b5e2764986bd4b66d03c10ad471bdfcb504ecfea07d2072f8009
img/scans/v1_p0298.webp,124848,4e0ca08889b67545a7010bb1b9f2dd91a7bfc613f34d6bd8bb436595a675c2bf
img/scans/v1_p0299.webp,109860,9e8d388502e40327fca1d5b7b534d918bc79fcdee36fccc19cd43ac19fa1f4b3
img/scans/v1_p0300.webp,110742,1a6c3d9977887bc5202b2f80c50f9e685f7b004d578fff9fa700e8d71cc4f540
img/scans/v1_p0301.webp,108322,d02e9353d13ef202b7323420a202a24140b7f8bf1002d20f332af54599c133eb
img/scans/v1_p0302.webp,112742,186def2431ec8963ca27e079449b340f1f950867342b274171cf4d574c094aa5
img/scans/v1_p0303.webp,111414,1ed053e5c72c2baa4f1430506a1abe3bb8992a3f90d05e776eeec979b5292afc
img/scans/v1_p0304.webp,111894,a7fd92e5678dad792a2922ac09da2a7b52202bc093f07913c4d84b9e58724063
img/scans/v1_p0305.webp,120844,4609e224d7c1619cd9afee39a0f15f70788678fd47843915d2596d5e43e8f74a
img/scans/v1_p0306.webp,116556,c28b7cda1c6569b2beb2fcfc0a81a063f197895b27bdf74e398b8d0dc9c15c81
img/scans/v1_p0307.webp,121612,2c19cedf7c9b997c82ab097e8a98e642d6dc9e395d121fd5d9607ad35133db98
img/scans/v1_p0308.webp,124336,0146444c1304f5b8e841044e9b51a3a517fc34612a6160b3d770442890e704d0
img/scans/v1_p0309.webp,119096,ee49333fb52d81794a6c7ce926184322ad0c2aa715a254e3cda0739032c938e3
img/scans/v1_p0310.webp,108550,cbbb6ef8da42df068c945d1b83036c866018e5048d58e773d56e8323cebec29b
img/scans/v1_p0311.webp,111154,1b06e06f096fb186bf16267a92e2dc64cdb972ac2997e3257d1119797a37718b
img/scans/v1_p0312.webp,115334,36b59e0b1820b5d8dde56c96c7416a1757de36ad22e1923f9fbebae8bba3d533
img/scans/v1_p0313.webp,104960,3ed9fc5afc9e4400bf0c03de8d910fd26b7167da184ab119c79d201d7a072c8b
img/scans/v1_p0314.webp,116180,1a9660b9d7843a7dfec6548eabe2a98eb03f6ff6e8c19f576c417bd480dc10df
img/scans/v1_p0315.webp,128804,68083bf293b9e0f8c9493358fbdef3bd2d83bae49c8afcaeca69fc6a46c27eae
img/scans/v1_p0316.webp,114232,9acefc0329c8e037805350dcc0dac2d7901e3270acf2c50c506016ab89196b87
img/scans/v1_p0317.webp,104068,98f62a75e0f7f77d4dd37ee6013ada8996a7f3999539d2675344fee972ece907
img/scans/v1_p0318.webp,119132,3a58ea861bc112e28f413a73b748fde4385b42f38612732fa9d6bd2c52b266eb
img/scans/v1_p0319.webp,37938,250b59e7f01a7d2907849e301012557ef4bdbc48c0d9fe674b3a47753c7bf078
img/scans/v1_p0320.webp,13216,84fc70cdc2e586d2fde0ec7700a7cbf6743e14f35eae856bfd4a6423085a8eb8
img/scans/v1_p0321.webp,3204,980661290ddf1764925f64220189f7b5262f6b6ea9db074ed0ea5d0ed3330a14
img/scans/v1_p0322.webp,107444,f2c9002d814abd312e6254869415b4a945a92ac0f6110fca23f0cd0baaec6aef
img/scans/v1_p0323.webp,119988,b36aefb6a469018a553114db869f50251551ec596898f6a847b20b0594c6cbea
img/scans/v1_p0324.webp,118076,132f5b604f72e535364a9a21fb1e547104dd2c925a5c72c54b4e262e5d21cb6f
img/scans/v1_p0325.webp,113996,3745a04e4d8e4dd2db44ad02de5eec63f07cd1571ef71a41455f3903d0619d47
img/scans/v1_p0326.webp,119752,55ddf287e468c0f6b31c6a4ef4123e9877be11e232102232a9bdda1402f9d7c0
img/scans/v1_p0327.webp,99872,c7773fd92c783a090af904add8d82cace319c73259a3adba5d865d361b1d07a0
img/scans/v1_p0328.webp,112706,4ad6a049a63fd5b5a19af6f4323d3cddfc41988e43f3c4179976fbecb154b5ab
img/scans/v1_p0329.webp,82748,b01c30a0e47b6b686eb7fc0ceea58a55e31e8d3e807124e801be39dfece4e706
img/scans/v1_p0330.webp,113878,0ce71be52b6dffe17da1478b15e07234cd18e641afe61abf3d0472aee9d2145a
img/scans/v1_p0331.webp,99402,7204872a5fdbfce3eaaee96ca739fe722f6a0f832a5780ca26992f09e30b71e7
img/scans/v1_p0332.webp,118360,199f07f4e615e4f123368b79958b0628331e1674994dae329fd828398f01c846
img/scans/v1_p0333.webp,107622,6571706d0d09b361759a1dfaa73a59934be4909e36d4b0702b3127d1a8f62c49
img/scans/v1_p0334.webp,108186,96670a2e09558db487cd12c8e1767a3a49c1c6f5535cf22489751d669cc687bc
img/scans/v1_p0335.webp,80474,dc435963b74b547031d45e8841b3d4f68ffa337aec3bfa2d3664000e37f69dac
img/scans/v1_p0336.webp,117918,97038cf3819c3424786295baaf2a4c28bbf014f4d9849c8ca17b408b49e70b1f
img/scans/v1_p0337.webp,94764,c5f1e030382da708b6ab825863588a4330aa6f1978a2d58f94f58e939816556e
img/scans/v1_p0338.webp,105042,12d53a683c9579de9365f31169bc00152ece42f20ff3c13776bb1024598a21ec
img/scans/v1_p0339.webp,115898,b071c81920a8c19578d1b2e81b8e2153492153cf51758eb265fd6e068fb52e59
img/scans/v1_p0340.webp,113144,e898d135282412c7c496f84d38f45bda8b2c63195544cbd9d74a461c91afb50d
img/scans/v1_p0341.webp,109324,27bc2d1240f35b81cf938459a5aab06d6a5518baa28cb3b9dc7bfead0bfc6044
img/scans/v1_p0342.webp,124564,491f2ba5ef4a07ce00e4943eaa6c3a628c8aad42d8aebbe8f3bc1c5ba578747a
img/scans/v1_p0343.webp,93868,3047ff9a28db42bd09bb856c454a374704d145866396a21af71998309315adc6
img/scans/v1_p0344.webp,113498,00c22375ca18a037923729634cb553be81d9ffc0b488b3bbbac2cc6aa37e0f05
img/scans/v1_p0345.webp,106938,f3613363e977d15a01910f457b81fb7471aa5883f23c3f792d5f4604143cba47
img/scans/v1_p0346.webp,109134,7fb9d8346b916e870bf2a39eff7edd429a80ae04156ac57d60affa2de24cacae
img/scans/v1_p0347.webp,105112,f0b2ef3eb35db68ebe26010222feb242be9c9d5edd3d29fc6d11082dea957037
img/scans/v1_p0348.webp,120668,cc24dd0a7c18c2c20ca2beef038e4269653d3ef6212c47b6cbb0abf66ff13123
img/scans/v1_p0349.webp,101816,fe301057451b70ad66f4e2a211cf40dc585a6433d06097e30889919c72a778ae
img/scans/v1_p0350.webp,116214,19a2fa93648b05f2876849cd9d30a0f4785fd53e6609afaaa8bf8efdb986e673
img/scans/v1_p0351.webp,103230,4633458c3890fa0b130f9276c5f067efa41aec3f59c793ffd2fbdd3422ff3920
img/scans/v1_p0352.webp,110002,2174d264f9734c08bb1c29b81c68e6eb709ee205ce3dfa3b183fb9ae455bf671
img/scans/v1_p0353.webp,105740,c99cccd559e12b3fce9bb394f73f39d2de12e3e9884343da4798fc8ee839185b
img/scans/v1_p0354.webp,91758,3d7a6d481c36fcefd005d25ceae92f87e2f70edcc121b84ad0f6130647f54b79
img/scans/v1_p0355.webp,80114,b3c6a3093453f5ee829884f68945af385970305a1cc961b52496ec4ac220f8c3
img/scans/v1_p0356.webp,112924,dcf6146bd684f1df5e6e4ed8a2b6d5591555f891ac6d17366e8fcdf28e008730
img/scans/v1_p0357.webp,96074,ca271de3629847825db70c34ad0f92cd1f79b5dc1c63db0bc142a0f857f0cc39
img/scans/v1_p0358.webp,113952,e360e9f7e4ebb85349eed469f3cf16ae02eafbaa1f019e703297c5c4d35799cd
img/scans/v1_p0359.webp,92922,5a0768c4a020424314156486bf47676851b7e2111b98c61da4304bab594a2c88
img/scans/v1_p0360.webp,116320,5b17b3326bf47eccfb469a3b4a0509430bd0721b7d42a3f819d08528c618cae0
img/scans/v1_p0361.webp,102326,c268f06a138c3a875030f47a7497fe31981d9455277fe13d7d30323346ab78a1
img/scans/v1_p0362.webp,108330,751b36471d886daaa886973390b0f599cf318370aac4e5528fd7b8159024759b
img/scans/v1_p0363.webp,103106,cd1bcd548f6f9fc8e207c8808d3d650752ceda234f61ac9fabd936abe73b1f39
img/scans/v1_p0364.webp,106274,e71055ce177dea9ee6568ae85d03393f50e943b18e97a2a3ba6be2f9c797f82a
img/scans/v1_p0365.webp,104542,c6a34fe87cf56e945fb1c899d4d6841a0ea61dd2e2e322bed6bf432c40567634
img/scans/v1_p0366.webp,99622,a5857e14afe5fc43e03dc6d4a2aece42db0388ccc451f48ffc4a0bff044df9a8
img/scans/v1_p0367.webp,92068,8cad0a5da9907713c42b703821f01615144e60f5bcacf346badde969ff538341
img/scans/v1_p0368.webp,92550,9519de6b462d938bbb79d4d15eac7ef66c2f43b19686dc76f07ace22ad48c2bc
img/scans/v1_p0369.webp,88816,0b50c78760e36f98761c6c849946ed44161894c529d0776b4efdfa54714fabdc
img/scans/v1_p0370.webp,108178,2998f9af35e270c976d62cde2f212dd13ad7b05f698bee28c21024eca55810fb
img/scans/v1_p0371.webp,65540,27e2ef2f2f957fd1ae40452df1994fdc526218bf66b7bba54fc0430eebd2a34c
img/scans/v1_p0372.webp,106908,2de0b269fec4c60d898fed245607be3772926403c4357d2a555ace39380e8203
img/scans/v1_p0373.webp,102858,77cb64f4fa7fc88f76e9a35639de42141495cd7c2387a69e989910005fbb0b06
img/scans/v1_p0374.webp,89990,4b194396949164570a9459a796db732e8a260dcd759f6bc33007974bafc4529f
img/scans/v1_p0375.webp,106096,f3ee9f3301ea85cb53be787637ddfac29325df351595a5ef0ea1a077c713ac8f
img/scans/v1_p0376.webp,121434,cc2e93749b5a529211ae36f7e7ac97bd2de76d9f23be1f5f8cf1afdb9d9d05c2
img/scans/v1_p0377.webp,96456,3f457a5c86c7aa0c16cc8058f057a72fee00ded6053db2cf7a095e469d8cd5b4
img/scans/v1_p0378.webp,108662,acec5f5fca5da22db2e663569a0d446a7895e72ca22f444a9254126d4f5afb5e
img/scans/v1_p0379.webp,114866,98465b6e4625ec83540d28543e16e1af4d8d037a0871d644acc905695a7a79e2
img/scans/v1_p0380.webp,125194,d16f225dff6a0fa3182a0b1530fd3e58dec54b37041604351f6c0e310e5650af
img/scans/v1_p0381.webp,99138,cb1a0c6f3adc57ea48c2c30c27fbab13dc5bd3d73f8c1e224e445e22e839df94
img/scans/v1_p0382.webp,122076,58506304bd48eeea84e529100cc76a52d09a0fb5b10969b51cf5436ae8e78879
img/scans/v1_p0383.webp,106146,5c5eb691f52138ec4f2e4d26cdeb8fcefa7a791ebc57c0b494da93bdee64ac11
img/scans/v1_p0384.webp,109692,e7f6ab3cf229a65a200254edafd085331a37f5c5570453d79d12ac5196b14260
img/scans/v1_p0385.webp,114586,45fcd2983176a27e31a2911147303fd43ca2668900ecf9418da2a5fda67bbe06
img/scans/v1_p0386.webp,118270,4585714563a5fe6d5f14fb22b7672c7340e617c1080d1ce49a61e310301ad6a5
img/scans/v1_p0387.webp,107250,757c61a49f13ec45ffddecb2be12cf5f65de3b720b3d864cdc4345a21fb4e9a0
img/scans/v1_p0388.webp,115746,8bd4149a1e1f3f6640bb691ae37b48739767f5c987e018ed99b30c60a0fa54cc
img/scans/v1_p0389.webp,102146,7c66b2e818ce882884b6131d4237941688ba5d0d179f4448e11c1db47e912525
img/scans/v1_p0390.webp,116786,25a79d8dd00555252f13b233994121ee42c439cc38d18654004c267e5b30ccd7
img/scans/v1_p0391.webp,115368,fba5b2ab26cc1afd9d51c45313717f1104e07aa52fc292fd146720e39c1c1728
img/scans/v1_p0392.webp,114522,ee0a9cd6b3082079263235e685036513ac96782a33506f6c96f74c230830ddef
img/scans/v1_p0393.webp,42416,4eb2c15dbf9c7285a7c8c8b07b38626b3ca674e4a17c05d6211f3172bb4a6f7d
img/scans/v1_p0394.webp,14682,92aef7995390c0c46af07b4a1af7b117852bb2109243fe684cc5e6cfb18e4373
img/scans/v1_p0395.webp,3150,eb3a8d4ab15ef27aa598b5457c8f5e94451c97d5ac3e99964a19ee3d62d9c9c0
img/scans/v1_p0396.webp,89532,1ef890bdbe86225ae50d96bc4ecf2fef8e6ae941e31533f86e41633540953503
img/scans/v1_p0397.webp,86446,15979265b47807d11e452fa1e80d51829ca3e32aa30fa5b80ecbab706cc6c0e8
img/scans/v1_p0398.webp,117856,625d6750894ac7efe78c1f22d618edffb05562bd8f5491ca4aa15953328fae98
img/scans/v1_p0399.webp,118468,1a2d460001b8ebf40bf7c56f7bb8a0fc5ca95e4f667b5499629f9f63eb469324
img/scans/v1_p0400.webp,102896,f634de690b97ad2a958271584e6e19a7bee8be3a860e8e13e66a9f49abfeeca2
img/scans/v1_p0401.webp,96806,1dfd6969e03a12db2dfe057252846909fdef8274c4d04f762e41443535d59f26
img/scans/v1_p0402.webp,110354,f117991a2aaffe97ab798d5730a13d76a88f9e1f1fae2e87dc0da2692f81366f
img/scans/v1_p0403.webp,101468,177b77780aa9e52afee55b81dd01e790a30fbd957315f4344888ffd06bfbfdcc
img/scans/v1_p0404.webp,114576,a432a71a882d4452f2baa262aa868b3c49af12d4e4e815e7f06731662a031b53
img/scans/v1_p0405.webp,111098,6362d07dfac467c0c920956a24c63a2b8a8efd8b8bcb8b803f875c808afc2288
img/scans/v1_p0406.webp,113958,7262316fa71b49b2a9d8774fc3ffebe9a3520ef0ac3b9c7cd2e717b919c4c44b
img/scans/v1_p0407.webp,111026,7e5acd195633cdb9d905937da7f902846ec5accce7fdbdb81387e8969834bf37
img/scans/v1_p0408.webp,100440,ba7f5fa30fac680fd0ba5706f569a2d543015e5f41dd5b755969f3bce2b5920f
img/scans/v1_p0409.webp,96280,c99b1cc95ea13c869961b9ebbca7092f8a218fcb925c539b0615537ed5cbab5f
img/scans/v1_p0410.webp,104402,4ee44467a01b7ff057713d7942bf719095929721e5153196079ae3aaa8608fa8
img/scans/v1_p0411.webp,116314,489a14bfd9188e08563f7ece2f630ad6e33289e018c6275170e1be129965080b
img/scans/v1_p0412.webp,114300,6e4358ee9f4920f3ba0ce707fe015372d9e537c08ba8757919433389b3cea615
img/scans/v1_p0413.webp,116372,e5943a5a57917f9cd3529d5bed3e351127462768750131df343f200df2c17951
img/scans/v1_p0414.webp,110046,98ca1f154486b3ec4694599d3315568b97168fc08ff9918ade9fd50bc2f56b6d
img/scans/v1_p0415.webp,106374,58c6061ade0d70bba779d1ce958737a526682f31dae54bb40238a158fd00376a
img/scans/v1_p0416.webp,101336,ab22526d27a7a530a707d2382f0df68d237d063b3d50045bd47320fc96179f94
img/scans/v1_p0417.webp,82126,bc1a690fac9774ab1997307be29c57ccfc0ee0a877bdb3c59abcaa1a1588dc56
img/scans/v1_p0418.webp,17504,c26f6061e66b364dd90065e7f68d50b2560a94a1312103a10c88e5dc84f120b5
img/scans/v1_p0419.webp,4216,76a4f14a348b98308ddffe60d95f7761e034007e3d3e2ea65260111b5c66e425
img/scans/v1_p0420.webp,102904,c3fd562ee5d7eeec08ebd5cc0a48eb8269a13cfbeebfe3653f282400df686734
img/scans/v1_p0421.webp,97362,c0f13d50f7a070ea80806a31eddb6e4f96165ac9386bd314c5eecb017cfd7f3c
img/scans/v1_p0422.webp,120562,35e10ecfa948871acd54016bf3aab01815a512f7d7be7f91ee34ff6b1d554f79
img/scans/v1_p0423.webp,111906,d23298873a10ee410da42c88e88cb94607d5706da121f1f66f54a452651712b0
img/scans/v1_p0424.webp,109074,0e7f725dc90ee7dc9d446267c3a00a161fdebb220f1240e90156539f30bad75d
img/scans/v1_p0425.webp,111512,ef3a1e598d23b54ebedc29b7f70a0d2d1f28ca44c3cbd46f609a92b7c9c76f8a
img/scans/v1_p0426.webp,113858,56ed9bd570d4cc4243aa65e2b1b43175550d492d37778a377d9ddf52c08cd7e4
img/scans/v1_p0427.webp,112056,a2cfcfa816dcc07b8246ae43ae73c68ceb2878521f3b04eeb25c8e8996c788d1
img/scans/v1_p0428.webp,115182,fbe25ca571f88deedf761eb5398ab1ebba9431cbd5629c429e5c3087d75a97d4
img/scans/v1_p0429.webp,121224,6cf9c4cc1064f87a2a75d4a463d9253fafe23ad24035d196d674836ed25e1862
img/scans/v1_p0430.webp,115262,7489d51170988183bb8ada7ea126afd0eb340d1f10092a61d5e6fffa011cc7fb
img/scans/v1_p0431.webp,111782,2373dbd9fbb1a10c763e1b4d23a7e6525bef034d41d5fac332ccce32e908b83e
img/scans/v1_p0432.webp,105998,57af1644d4d71361bf88bf89915d19ad6b9be682c64dc9ee307d62acec7a0fbb
img/scans/v1_p0433.webp,119004,85f5cb8388d06bd796627862f32468eca195daa14df0b5c1b598316d5ee0b946
img/scans/v1_p0434.webp,120468,09f9bdefb20b2a681f070389eafe52378c386e817aec563bcdcc80ee26b49474
img/scans/v1_p0435.webp,117032,591251a1116c2caaf7ce46ad50bf04cc22039c1989b5d6b2ffba7b1dbf1dc2a2
img/scans/v1_p0436.webp,115792,991eb11dea9ff7dbc0e7f3d8c5a5f964f7b7e7473778db66deef1e856e29e6c7
img/scans/v1_p0437.webp,119914,6233d8362ac8e886b7d6200c852eeaf6500c4d3aa80a35263cc953da4fc521a6
img/scans/v1_p0438.webp,112250,ebbb3fe8f655559a4f2436eb6aef98a2a250d3af63787ec2c349087e95d88545
img/scans/v1_p0439.webp,107112,b5ca997d2ab8158c9ce11504a78a9cfe586bc8212671a628d09dbc20f466c230
img/scans/v1_p0440.webp,108716,d47a6c52318c29af9afc18ea34de6a095de82a5adff546a825d6cfe41af81a9a
img/scans/v1_p0441.webp,111498,c11854a31a84b8a705cf1b33ea944af8e8e48c799dd49f84a32d7af4f9517ecb
img/scans/v1_p0442.webp,120890,fbea62b927dfc30b6f21bb4c10be590f2fb0ed7c776dfe3562df56e6062782e8
img/scans/v1_p0443.webp,112946,013f7fdac43d43e10b30f36afd688c63be568aee0a2a71d8203d6514f8ed33a2
img/scans/v1_p0444.webp,58192,1cb8087ca642cf480acec710db70ce37b5c8de8857e8217786e3a3dbbd15e5c4
img/scans/v1_p0445.webp,73808,ca5d1a04624b168324e133464c32ef0fd9fe6e2753a6ee12ec127b24dfe5a7fa
img/scans/v1_p0446.webp,45912,bcb49fe88aed129980bdabec4101c2fa223930ccfdf7fe3c177011183724c690
img/scans/v1_p0447.webp,39836,e611588d2ece1bf7f7a34ef66cb9f21093726f0f9f6fbc096262b76e1dadd426
img/scans/v1_p0448.webp,2972,8155b1dbe5c4a01bba08bda652efc29b2f36909aab818ca98a75335fcb3f99e7
img/scans/v1_p0449.webp,25448,d516dab5bcb9aa294286da4242131a22400deb128987efea431af83b4013afd2
img/scans/v1_p0450.webp,49554,5f4e1b784abc930234cf28b07218bd51da8f6eb6775eddf4725fd599e45df210
img/scans/v1_p0451.webp,16650,e3567161e7b539f78eb0a8001a02407462c355b1275047a30b45b0e63c7e2670
img/scans/v1_p0452.webp,30316,0a93d22f4dba6596e6cac5139f16bd9315a21eee9a1ec687a2fbd502a188e3a5
index.html,4991,fba7b575a0da8f55502b8f96de296f85297b615b1937f5a966559351dceca9cf
LICENSE,1317,23dacf9f34265f46a08b0fea8bcae4eb553fead5fc59da99db54ed127eaec150
LICENSE-DATA.md,1872,9f5f92dccaf3a615c1ac0684c3d45eccc2a202f1fa425f1759998b4e75350ed3
map/data/buildings.geojson,688342,e7d955295c6c9b161dd82c622785b55a1bd824c3725b5ea7b1d0fc3d0670d009
map/data/counties.geojson,224621,8fef220f353cf8bcd05b60ba65388816f979425ce9b9efe44a79df8d9c2dca27
map/data/footprints.geojson,138843,71132ba4eb80bf764d589e9033be3b93050a82fbdb984b25e578cd8a63f9eeb2
map/data/groups.geojson,79791,0858cf49e0b7b9214e4d75f96a8ca0bb828682866c8a348e323a49e246530d19
map/data/index.js,548601,a4486639ffd9149d5f0bc8096dd6696ed17b8107ca789b4fef09e29ea960b332
map/data/places.geojson,79415,9b4c01ce665a479743d52c984a9063125e497303d4871b875bc1907baaf8d1be
map/index.html,5514,b3d3ae010747ab6af4502dda502eed1e7c9ce4c033f2b405fab5f986abf597aa
map/map.css,11047,67c59e2d31e05e7935670f337a93fe59cadeb8daddb3e1140fdf1b8aecfa257d
map/map.js,43527,f3b8af90ca88c8ea2ccd2f361a52fd5fcc6657ae59b78eb64da3e8c8d75c64a5
map/vendor/maplibre-gl.css,65534,576b085fdd9487a65a19215328c1e086c07ce5bf6da09b666b3806d3d008dae9
map/vendor/maplibre-gl.js,803086,be9633c4d870e26fb37f1cfe5c5a77181667114003ea16207ac7850d8da8add1
README.md,1286,9e58da1a10cd1243c84247ef04d36fbdf7fb299e3145036850ad4efbc138a6a0
THIRD_PARTY_NOTICES.md,713,71c6f407667cf03389fba2a43d5b583975fdc94ee7d6d4bd2b351eaee2322c01
