{"type": "FeatureCollection", "features": [{"type": "Feature", "id": "v1_b_X024_b_pod_albita", "geometry": {"type": "Point", "coordinates": [28.154529, 46.792046]}, "properties": {"building_id": "v1_b_X024_b_pod_albita", "batch_id": "P2_01", "locatable": "point", "precision": "building", "status": "verified", "n_sources": "2", "n_agree": "2", "agreement_m": "50", "outcome_1977": "moderate", "outcome_quote": "tablierul s-a deplasat spre aval, rotindu-se în plan", "status_today": "standing", "status_source": "ro.wikipedia Podul Albița-Leușeni; piataauto.md 2023 (capital repair handed over); replacement bridge authorised 2025 (radiochisinau.md, constructiismart.ro)", "modern_address": "Podul rutier peste Prut, DN24B (RO) / M1 (MD), punctul de frontieră Albița (jud. Vaslui) - Leușeni (Rep. Moldova)", "historic_address_note": "No street address. Bridge carries DN24B/E581 across the Prut; Wikipedia gives length 163 m, 7.00 m carriageway + 2 x 0.70 m footways, which matches the report's dimensions. Build year 1954-1958 in sources vs 1955 in the report.", "dupacutremur_building_uid": "", "osm_footprint_ref": "way/185447012 (DN24B bridge, Romanian half) + way/28813742 (M1 bridge, Moldovan half)", "wikidata": "", "confidence": "high", "notes": "pass2: pass-1 point (customs node) was ~1 km from the bridge. The Prut crossing is at about 46.792,28.1545, confirmed by two independent families: the Wikipedia article's own coordinates and the OSM bridge ways (agree within ~50 m). Dimensions in the Wikipedia article match the report (7.00 m + 2x0.70 m). Wikipedia mentions a 1958 superstructure and a 1954 structure; the report says 1955.", "open_question": "", "review_note": "", "sources": "[{\"source\": \"wikipedia\", \"ref\": \"https://ro.wikipedia.org/wiki/Podul_Albi%C8%9Ba%E2%80%93Leu%C8%99eni\", \"lat\": 46.792046, \"lon\": 28.154529, \"precision\": \"building\", \"evidence\": \"Article on the bridge itself gives its coordinates; length 163 m, carriageway 7.00 m, footways 0.70 m.\", \"retrieved\": \"2026-10-05\", \"by\": \"agent\", \"d_m\": 0}, {\"source\": \"osm\", \"ref\": \"way/185447012\", \"lat\": 46.791683, \"lon\": 28.154146, \"precision\": \"building\", \"evidence\": \"OSM bridge=yes way on DN24B over the Prut (Romanian half; the Moldovan half is way/28813742 near 46.7921,28.1550); midpoint of the way.\", \"retrieved\": \"2026-10-05\", \"by\": \"agent\", \"d_m\": 50}, {\"source\": \"osm\", \"ref\": \"node/4358412989\", \"lat\": 46.7876359, \"lon\": 28.1435171, \"precision\": \"site\", \"evidence\": \"Pass-1 candidate: 'Vama Albița' police/customs node ~1 km SW of the bridge; it is the border-control complex, not the bridge. Superseded.\", \"retrieved\": \"2026-10-05\", \"by\": \"agent\", \"d_m\": 971}, {\"source\": \"wikidata\", \"ref\": \"Q2175114\", \"lat\": 46.797479, \"lon\": 28.14519, \"precision\": \"locality\", \"evidence\": \"Albița village centre; locality only.\", \"retrieved\": \"2026-10-05\", \"by\": \"agent\", \"d_m\": 933}]", "checked_by": "agent (sonnet) + auto (s21)", "flags": "footprint_ref_is_a_line", "name": "podul de șosea peste Prut la Albița", "type": "bc_pod", "class": "structure", "locality": "Albița", "address_1977": "", "period": "", "height": "", "system": "", "iv_classes": "", "iv_techniques": "", "iv_only_proposed": "", "outcome_unit": "v1_p0267_03"}}, {"type": "Feature", "id": "v1_b_X021_b_castel_balotesti_300", "geometry": {"type": "Point", "coordinates": [26.099013, 44.620882]}, "properties": {"building_id": "v1_b_X021_b_castel_balotesti_300", "batch_id": "P2_01", "locatable": "point", "precision": "site", "status": "probable", "n_sources": "2", "n_agree": "1", "agreement_m": "", "outcome_1977": "moderate", "outcome_quote": "fisuri orizontale pronunțate și pătrunse, zona ușii de acces", "status_today": "unknown", "status_source": "kompass.com / paginiaurii.ro directories (Fi-Ba Balotești SA, Șos. Unirii 145, active); waze place listing 'Fosta întreprindere Filatura și Finisajul' 145A", "modern_address": "Șoseaua Unirii nr. 145/145A (former Filatura și Finisajul Balotești), Balotești (Ilfov)", "historic_address_note": "Enterprise listed as 'Fosta întreprindere Filatura și Finisajul', Șos. Unirii 145A; successor company Fi-Ba Balotești SA at Șos. Unirii 145 (business directories).", "dupacutremur_building_uid": "", "osm_footprint_ref": "", "wikidata": "", "confidence": "low", "notes": "pass2: pass-1 'Filatura' node confirmed as being on the right road: the former Filatura și Finisajul / Fi-Ba is at Șos. Unirii 145-145A, and the 'Filatura' node sits ~50 m from the opposite (even) side of the same stretch, so the plant is probably within ~150 m of the point. The water tower itself is not identified (OSM has no industrial polygon or water-tower tag there; a CORINE industrial polygon way/27636396 lies ~300 m south). Directory entries copy each other and count as one family. Nominatim has no house 145.", "open_question": "Find the exact plot of Șos. Unirii 145/145A (cadastre or satellite view) and the water tower.", "review_note": "", "sources": "[{\"source\": \"osm\", \"ref\": \"node/10026998776\", \"lat\": 44.6208821, \"lon\": 26.0990134, \"precision\": \"site\", \"evidence\": \"OSM node named 'Filatura' on Șoseaua Unirii, opposite the 150-154 block of flats (even side); the stretch where the mill's 145/145A address lies.\", \"retrieved\": \"2026-10-05\", \"by\": \"agent\", \"d_m\": 0}, {\"source\": \"web\", \"ref\": \"https://ro.kompass.com/c/fi-ba-balotesti-sa/ro046513/\", \"lat\": null, \"lon\": null, \"precision\": \"address\", \"evidence\": \"Directory: Fi-Ba Balotești SA (fibre preparation and spinning), Șoseaua Unirii nr. 145, 077015 Balotești. Address only; no coordinates.\", \"retrieved\": \"2026-10-05\", \"by\": \"agent\"}, {\"source\": \"web\", \"ref\": \"waze place 'Fosta întreprindere Filatura şi Finisajul, 145A Șos. Unirii, Balotești'\", \"lat\": null, \"lon\": null, \"precision\": \"address\", \"evidence\": \"Map listing for the former enterprise at no. 145A (page could not be opened for coordinates).\", \"retrieved\": \"2026-10-05\", \"by\": \"agent\"}, {\"source\": \"wikidata\", \"ref\": \"Q2102634\", \"lat\": 44.616666666667, \"lon\": 26.1, \"precision\": \"locality\", \"evidence\": \"Balotești commune centre; locality only.\", \"retrieved\": \"2026-10-05\", \"by\": \"agent\", \"d_m\": 475}]", "checked_by": "agent (sonnet) + auto (s21)", "flags": "", "name": "castelul de 300 m³ de la Filatura Balotești", "type": "bc_industrial_special", "class": "structure", "locality": "Balotești", "address_1977": "", "period": "", "height": "", "system": "", "iv_classes": "", "iv_techniques": "", "iv_only_proposed": "", "outcome_unit": "v1_p0240_01"}}, {"type": "Feature", "id": "v1_b_P001_b_adriatica", "geometry": {"type": "Point", "coordinates": [26.097353, 44.437545]}, "properties": {"building_id": "v1_b_P001_b_adriatica", "batch_id": "P2_01", "locatable": "point", "precision": "address", "status": "single", "n_sources": "1", "n_agree": "1", "agreement_m": "", "outcome_1977": "severe", "outcome_quote": "avarii mari la structura de rezistență și la pereții exteriori și despărțitori", "status_today": "standing", "status_source": "propertyindex.ro Blocul Adriatica-Socomet Calea Victoriei 39; agerpres.ro 'Atunci și acum: Blocul Adriatica'; OSM address nodes (B1 TV at no. 39)", "modern_address": "Calea Victoriei 39, București (sector 1) - Blocul Adriatica-Socomet", "historic_address_note": "Calea Victoriei unchanged; no. 39 is the Adriatica-Socomet block next to Palatul Telefoanelor (interbelica.ro, propertyindex.ro). Not to be confused with the other 'Adriatica' P+10 block at Str. Doamnei 5 (register mdnrzy), which is a different building.", "dupacutremur_building_uid": "", "osm_footprint_ref": "way/125413584 (contains the no. 39 address point; OSM name 'Bl. 18A Sc. B', 8 levels, part of the L-shaped block)", "wikidata": "", "confidence": "high", "notes": "pass2: identity resolved. The report's 'blocul Adriatica (sediul IPROMET)' with bolted steel frame (P+6) is the Adriatica-Socomet block at Calea Victoriei 39 (three web sources: address 39, steel skeleton with bolts, IPROMET tenant), consistent with the report's no. 39 and with the OSM address point. The point is the OSM address point; the footprint is only approximately identified because OSM splits the block into several polygons. A postcard caption 'no. 11' and the Adriatica at Pța Națiunilor Unite / Str. Doamnei 5 are other blocks. Not in the register.", "open_question": "", "review_note": "", "sources": "[{\"source\": \"osm\", \"ref\": \"node/1726036452\", \"lat\": 44.4375445, \"lon\": 26.0973529, \"precision\": \"address\", \"evidence\": \"OSM address point Calea Victoriei 39, just north of Palatul Telefoanelor (no. 37, way/34910669); lies inside way/125413584.\", \"retrieved\": \"2026-10-05\", \"by\": \"agent\", \"d_m\": 0}, {\"source\": \"osm\", \"ref\": \"node/3342710393\", \"lat\": 44.437324, \"lon\": 26.0973628, \"precision\": \"address\", \"evidence\": \"OSM node 'B1 TV' tagged Calea Victoriei 39, 25 m south; same address and same OSM family (not independent of the address point).\", \"retrieved\": \"2026-10-05\", \"by\": \"agent+auto\", \"d_m\": 25}, {\"source\": \"web\", \"ref\": \"https://interbelica.ro/anul-1936-se-construieste-blocul-adriatica-socomet-calea-victoriei-39-arh-rudolf-fraenkel-teller-si-dem-savulescu/\", \"lat\": null, \"lon\": null, \"precision\": \"address\", \"evidence\": \"Blocul Adriatica-Socomet, Calea Victoriei 39, arh. Fraenkel; bolted steel frame by UFDR (Reșița), built near Palatul Telefoanelor.\", \"retrieved\": \"2026-10-05\", \"by\": \"agent\"}, {\"source\": \"web\", \"ref\": \"https://www.propertyindex.ro/residential/blocul-adriatica-socomet\", \"lat\": null, \"lon\": null, \"precision\": \"address\", \"evidence\": \"Blocul Adriatica-Socomet, Calea Victoriei nr. 39; steel structure with bolted joints; IPROMET offices on upper floors (per search summary).\", \"retrieved\": \"2026-10-05\", \"by\": \"agent\"}, {\"source\": \"web\", \"ref\": \"https://www.agerpres.ro/documentare/2019/06/21/atunci-si-acum-blocul-adriatica-de-pe-calea-victoriei--326173\", \"lat\": null, \"lon\": null, \"precision\": \"address\", \"evidence\": \"Adriatica block on Calea Victoriei, L-shaped, next to the former National Theatre site (search summary).\", \"retrieved\": \"2026-10-05\", \"by\": \"agent\"}]", "checked_by": "agent (sonnet) + auto (s21)", "flags": "", "name": "blocul Adriatica (sediul IPROMET)", "type": "bc_administrativ", "class": "structure", "locality": "București", "address_1977": "Calea Victoriei Nr.39 | București, Calea Victoriei", "period": "", "height": "P+6", "system": "ss_metalic", "iv_classes": "local", "iv_techniques": "ms_camasuire", "iv_only_proposed": "0", "outcome_unit": "v1_p0179_02"}}, {"type": "Feature", "id": "v1_b_P001_b_agiu", "geometry": {"type": "Point", "coordinates": [26.10039, 44.440665]}, "properties": {"building_id": "v1_b_P001_b_agiu", "batch_id": "P2_01", "locatable": "point", "precision": "address", "status": "single", "n_sources": "1", "n_agree": "1", "agreement_m": "", "outcome_1977": "unknown", "outcome_quote": "", "status_today": "replaced", "status_source": "bucuresticitynews.ro 'Blocul Scala' (Scala II built on the site, utilitarian, thermally wrapped); OSM way/162494231 'Bl. Scala'", "modern_address": "Bd. Nicolae Bălcescu nr. 36, colț cu Str. C.A. Rosetti, București (sector 1); today 'Bl. Scala' (Scala II)", "historic_address_note": "Agiu (also Algiu) block = the Scala block with Cofetăria Scala at the corner of Bd. Brătianu (now Bălcescu) and C.A. Rosetti. Address Bălcescu 36 per hartablocuri.ro. NOTE: the pass-1 point (Magheru 19) was Palais Scala with the cinema, on the other side of the boulevard, and was wrong.", "dupacutremur_building_uid": "", "osm_footprint_ref": "way/162494231 (Bl. Scala, 10 levels = Scala II, the replacement block)", "wikidata": "", "confidence": "high", "notes": "pass2: corrected the location. Pass 1 had used the 'Scala' building at Magheru 19 (Palais Scala with the cinema, wikidata Q37815754), which bucuresticitynews says is a different building across the street. Three independent families (hartablocuri address Bălcescu 36; news text with the Bălcescu x C.A. Rosetti corner and replacement Scala II; OSM names Bl. Scala / Cofetăria Scala) converge within ~30 m on the east side of Bălcescu. The Agiu = Scala identity is the report's own parenthesis, confirmed by viabucuresti. The report text only mentions 1940 damage, so outcome_1977 stays unknown (the 1977 total collapse is from other sources).", "open_question": "", "review_note": "", "sources": "[{\"source\": \"osm\", \"ref\": \"way/162494231\", \"lat\": 44.440665, \"lon\": 26.10039, \"precision\": \"building\", \"evidence\": \"OSM building named 'Bl. Scala' (10 levels, survey name) at the Bălcescu / C.A. Rosetti corner; the post-1977 replacement.\", \"retrieved\": \"2026-10-05\", \"by\": \"agent\", \"d_m\": 0}, {\"source\": \"osm\", \"ref\": \"node/2440136244\", \"lat\": 44.440773, \"lon\": 26.100619, \"precision\": \"address\", \"evidence\": \"OSM node 'Cofetăria Scala' on C.A. Rosetti, ~25 m from the polygon.\", \"retrieved\": \"2026-10-05\", \"by\": \"agent\", \"d_m\": 22}, {\"source\": \"osm\", \"ref\": \"node/2379858984\", \"lat\": 44.4403964, \"lon\": 26.1002599, \"precision\": \"address\", \"evidence\": \"OSM address node Bd. Nicolae Bălcescu 36, ~30 m SW of the polygon centre (inside the neighbouring way/232406717).\", \"retrieved\": \"2026-10-05\", \"by\": \"agent\", \"d_m\": 32}, {\"source\": \"web\", \"ref\": \"https://www.hartablocuri.ro/cutremur/\", \"lat\": null, \"lon\": null, \"precision\": \"address\", \"evidence\": \"List of buildings collapsed/damaged in 1977 and 1940: 'Algiu', Bd. Nicolae Bălcescu nr. 36, collapsed totally, 1935-1937.\", \"retrieved\": \"2026-10-05\", \"by\": \"agent\"}, {\"source\": \"web\", \"ref\": \"https://bucuresticitynews.ro/cutremur-1977-blocul-scala/\", \"lat\": null, \"lon\": null, \"precision\": \"street\", \"evidence\": \"Scala block on the corner of Bd. Bălcescu with Str. C.A. Rosetti; replaced by Scala II; explicitly distinct from Palais Scala (cinema) across the street.\", \"retrieved\": \"2026-10-05\", \"by\": \"agent\"}, {\"source\": \"web\", \"ref\": \"https://viabucuresti.ro/imobilul-si-cinematograful-scala/\", \"lat\": null, \"lon\": null, \"precision\": \"street\", \"evidence\": \"Algiu block known as 'blocul Scala' under communism because of the Cofetăria Scala on its ground floor.\", \"retrieved\": \"2026-10-05\", \"by\": \"agent\"}, {\"source\": \"nominatim\", \"ref\": \"way/14140940\", \"lat\": 44.4358554, \"lon\": 26.1024455, \"precision\": \"road\", \"evidence\": \"Nominatim: Bulevardul Nicolae Bălcescu, Colțea, Lipscani, Sector 3, București, 030015, România\", \"retrieved\": \"2026-10-05\", \"by\": \"auto\", \"d_m\": 559}]", "checked_by": "agent (sonnet) + auto (s21)", "flags": "", "name": "blocul Agiu (cofetăria Scala)", "type": "bc_bloc", "class": "structure", "locality": "București", "address_1977": "", "period": "interbelic", "height": "", "system": "ss_cadre_ba", "iv_classes": "", "iv_techniques": "", "iv_only_proposed": "", "outcome_unit": ""}}, {"type": "Feature", "id": "v1_b_P001_b_ateneul", "geometry": {"type": "Point", "coordinates": [26.097361, 44.441357]}, "properties": {"building_id": "v1_b_P001_b_ateneul", "batch_id": "G01", "locatable": "point", "precision": "building", "status": "verified", "n_sources": "2", "n_agree": "2", "agreement_m": "8", "outcome_1977": "moderate", "outcome_quote": "desprinderea portalului de intrare de corpul principal, fisuri în zidăria portantă a sălii principale și a sălii bibliotecii de la etajul I", "status_today": "standing", "status_source": "OSM way/16291602; Wikidata Q755457", "modern_address": "Strada Benjamin Franklin 1-3, București (sector 1)", "historic_address_note": "Same location.", "dupacutremur_building_uid": "", "osm_footprint_ref": "way/16291602", "wikidata": "Q755457", "confidence": "high", "notes": "Two sources agree within 10 m.", "open_question": "", "review_note": "", "sources": "[{\"source\": \"osm\", \"ref\": \"way/16291602\", \"lat\": 44.4413572, \"lon\": 26.097361, \"precision\": \"building\", \"evidence\": \"OSM Ateneul Român\", \"retrieved\": \"2026-10-05\", \"by\": \"agent+auto\", \"d_m\": 0}, {\"source\": \"wikidata\", \"ref\": \"Q755457\", \"lat\": 44.4413, \"lon\": 26.0973, \"precision\": \"building\", \"evidence\": \"Wikidata Romanian Athenaeum\", \"retrieved\": \"2026-10-05\", \"by\": \"agent+auto\", \"d_m\": 8}]", "checked_by": "agent (sonnet) + auto (s21)", "flags": "", "name": "Ateneul Român", "type": "bc_monument", "class": "structure", "locality": "București", "address_1977": "", "period": "", "height": "", "system": "ss_zidarie", "iv_classes": "", "iv_techniques": "", "iv_only_proposed": "", "outcome_unit": "v1_p0178_07"}}, {"type": "Feature", "id": "v1_b_P001_b_aula_rectoratului", "geometry": {"type": "Point", "coordinates": [26.100926, 44.435645]}, "properties": {"building_id": "v1_b_P001_b_aula_rectoratului", "batch_id": "G01", "locatable": "point", "precision": "building", "status": "verified", "n_sources": "2", "n_agree": "2", "agreement_m": "18", "outcome_1977": "severe", "outcome_quote": "proiect Institutul de Construcții București: contravântuiri metalice spațiale, injectare cu rășini epoxidice", "status_today": "standing", "status_source": "OSM way/1001039869", "modern_address": "Universitatea din București, Bd. Regina Elisabeta 4-12, București", "historic_address_note": "Rectorate is in the University's main building at Piața Universității.", "dupacutremur_building_uid": "", "osm_footprint_ref": "way/1001039869", "wikidata": "Q608338", "confidence": "medium", "notes": "Two sources agree within 20 m (same building). Placement of the aula within the building not verified; the dossier notes 'Universitatea' alone is unconfirmed as the Rectorate.", "open_question": "Confirm the aula of the Rectorate is in the Regina Elisabeta 4-12 building.", "review_note": "", "sources": "[{\"source\": \"osm\", \"ref\": \"way/1001039869\", \"lat\": 44.4356445, \"lon\": 26.1009263, \"precision\": \"building\", \"evidence\": \"OSM Universitatea din București main building, Bd. Regina Elisabeta 4-12\", \"retrieved\": \"2026-10-05\", \"by\": \"agent+auto\", \"d_m\": 0}, {\"source\": \"wikidata\", \"ref\": \"Q608338\", \"lat\": 44.435555555556, \"lon\": 26.101116666667, \"precision\": \"building\", \"evidence\": \"University of Bucharest\", \"retrieved\": \"2026-10-05\", \"by\": \"agent+auto\", \"d_m\": 18}]", "checked_by": "agent (sonnet) + auto (s21)", "flags": "", "name": "Universitatea București - Aula Rectoratului", "type": "bc_monument", "class": "structure", "locality": "București", "address_1977": "", "period": "", "height": "", "system": "", "iv_classes": "global;supports;local", "iv_techniques": "ms_contravantuiri;ms_elemente_suplimentare;ms_injectare", "iv_only_proposed": "0", "outcome_unit": "v1_p0178_07"}}, {"type": "Feature", "id": "v1_b_P001_b_belvedere", "geometry": {"type": "Point", "coordinates": [26.0944, 44.4338]}, "properties": {"building_id": "v1_b_P001_b_belvedere", "batch_id": "G01", "locatable": "point", "precision": "address", "status": "verified", "n_sources": "2", "n_agree": "2", "agreement_m": "42", "outcome_1977": "collapsed", "outcome_quote": "prăbușit la cutremurul din 4.03.1977", "status_today": "replaced", "status_source": "AGERPRES; press mention of replacement 'Belvedere 2'", "modern_address": "Str. Ion Brezoianu 7, colț cu Str. Domnița Anastasia, București (sector 5)", "historic_address_note": "Str. Brezoianu unchanged; Domnița Anastasia corner stated by AGERPRES.", "dupacutremur_building_uid": "", "osm_footprint_ref": "", "wikidata": "", "confidence": "medium", "notes": "Point is interpolated between OSM no. 5 (44.43346) and no. 9 (44.43410), which also sits at the Domnița Anastasia crossing, so it is not an object coordinate. The register has no no. 7 (collapsed); neighbours dupa 02npix (11), wqswmc (9). Replacement block 'Belvedere 2' by 1980.", "open_question": "Check the exact footprint of the replacement block at Brezoianu 7.", "review_note": "", "sources": "[{\"source\": \"web\", \"ref\": \"https://agerpres.ro/documentare/2022/02/25/cutremur-1977-cladiri-importante-din-bucuresti-distruse-in-urma-seismului-din-4-martie--875703\", \"lat\": 44.4338, \"lon\": 26.0944, \"precision\": \"address\", \"evidence\": \"Belvedere at Str. Brezoianu 7, corner Domnița Anastasia; coordinates interpolated from neighbours, see notes\", \"retrieved\": \"2026-10-05\", \"by\": \"agent\", \"d_m\": 0}, {\"source\": \"osm\", \"ref\": \"node/1731040955\", \"lat\": 44.433459, \"lon\": 26.0946343, \"precision\": \"address\", \"evidence\": \"OSM address points Brezoianu 3-5 and way/150803316 no. 9 (44.4341,26.0945) bracket no. 7\", \"retrieved\": \"2026-10-05\", \"by\": \"agent\", \"d_m\": 42}, {\"source\": \"nominatim\", \"ref\": \"way/119029862\", \"lat\": 44.4382296, \"lon\": 26.0930886, \"precision\": \"road\", \"evidence\": \"Nominatim: Strada Ion Brezoianu, Sărindar, Piața Romană, Cișmigiu, Sector 1, București, 010139, România\", \"retrieved\": \"2026-10-05\", \"by\": \"auto\", \"d_m\": 503}]", "checked_by": "agent (sonnet) + auto (s21)", "flags": "", "name": "blocul Belvedere", "type": "bc_bloc", "class": "structure", "locality": "București", "address_1977": "Str. Brezoianu 7", "period": "interbelic", "height": "2S+P+13", "system": "ss_cadre_ba", "iv_classes": "", "iv_techniques": "", "iv_only_proposed": "", "outcome_unit": "v1_p0082_02"}}, {"type": "Feature", "id": "v1_b_P001_b_brce", "geometry": {"type": "Point", "coordinates": [26.098312, 44.43352]}, "properties": {"building_id": "v1_b_P001_b_brce", "batch_id": "P2_01", "locatable": "point", "precision": "building", "status": "probable", "n_sources": "2", "n_agree": "1", "agreement_m": "", "outcome_1977": "moderate", "outcome_quote": "proiect IPB: cămășuire stâlpi etaj V și grinzi, injectare fisuri cu rășini epoxidice", "status_today": "standing", "status_source": "dupacutremur jazich; merg.in / bucurestifm.ro Blocul Rosenthal (former BRCE seat); partial demolition/renovation of the former Bancorex building reported by b365.ro", "modern_address": "Calea Victoriei 22-24, București (sector 3)", "historic_address_note": "Same address. Known as Blocul Rosenthal (1938, arh. Radu Dudescu); BRCE (Bancorex) seat from 1968.", "dupacutremur_building_uid": "jazich", "osm_footprint_ref": "way/1456390110 (same footprint as the register record)", "wikidata": "", "confidence": "high", "notes": "pass2: third independent family added (press/architecture pages identify no. 22-24 as Blocul Rosenthal, the former BRCE headquarters, same storey count). Register uid and footprint set. The register footprint coordinates equal the OSM building way, so those two are geometry-wise the same; identity evidence is the register record plus the web pages. b365 reports a partial demolition/renovation of the former Bancorex building; status kept 'standing'.", "open_question": "", "review_note": "", "sources": "[{\"source\": \"dupacutremur\", \"ref\": \"jazich\", \"lat\": 44.433532, \"lon\": 26.098114, \"precision\": \"building\", \"evidence\": \"Register: Calea Victoriei 22-24, 2S+P+8E, 1939, class RS2; footprint coincides with OSM way/1456390110.\", \"retrieved\": \"2026-10-05\", \"by\": \"agent+auto\", \"d_m\": 16}, {\"source\": \"osm\", \"ref\": \"node/1726036439\", \"lat\": 44.4334665, \"lon\": 26.0981006, \"precision\": \"address\", \"evidence\": \"OSM address point 22-24 Calea Victoriei.\", \"retrieved\": \"2026-10-05\", \"by\": \"agent\", \"d_m\": 18}, {\"source\": \"web\", \"ref\": \"https://merg.in/bucuresti/de-povestit/reportaje/blocul-rosenthal-7349.html\", \"lat\": null, \"lon\": null, \"precision\": \"address\", \"evidence\": \"Blocul Rosenthal, Calea Victoriei 22-24, built 1938, transferred in 1968 to Banca Română de Comerț Exterior; 2 basements + 8 upper levels (search summary).\", \"retrieved\": \"2026-10-05\", \"by\": \"agent\"}, {\"source\": \"nominatim\", \"ref\": \"way/1459923148\", \"lat\": 44.4345914, \"lon\": 26.0982886, \"precision\": \"road\", \"evidence\": \"Nominatim: Calea Victoriei, Blanduzia, Centrul Istoric, Sector 3, București, 030024, România\", \"retrieved\": \"2026-10-05\", \"by\": \"auto\", \"d_m\": 119}]", "checked_by": "agent (sonnet) + auto (s21)", "flags": "", "name": "Banca Română de Comerț Exterior", "type": "bc_administrativ", "class": "structure", "locality": "București", "address_1977": "Calea Victoriei 22-24", "period": "", "height": "S+P+8", "system": "ss_cadre_ba_monolit", "iv_classes": "local", "iv_techniques": "ms_camasuire;ms_fibre_sticla;ms_injectare", "iv_only_proposed": "0", "outcome_unit": "v1_p0178_06"}}, {"type": "Feature", "id": "v1_b_P001_b_brosteni", "geometry": {"type": "Point", "coordinates": [26.098202, 44.444806]}, "properties": {"building_id": "v1_b_P001_b_brosteni", "batch_id": "P2_01", "locatable": "point", "precision": "address", "status": "single", "n_sources": "1", "n_agree": "1", "agreement_m": "", "outcome_1977": "unknown", "outcome_quote": "", "status_today": "replaced", "status_source": "agerpres / search summaries: upper block collapsed in 1977, remainder demolished; OSM way/283091403 is a 10-level block at the NE corner", "modern_address": "Bd. General Gheorghe Magheru nr. 26, colț cu Str. Take Ionescu, București (sector 1)", "historic_address_note": "Casata = Broșteni block at the corner of Bd. Magheru and Str. Take Ionescu; Take Ionescu = former Str. Nikos Beloianis (bucurestiivechisinoi.ro, zf.ro; Dilema Veche: Atena street named Beloianis under communism, now Take Ionescu). Magheru nr. 26 per hartablocuri.ro.", "dupacutremur_building_uid": "", "osm_footprint_ref": "way/283091403 (10-level apartment block at the NE corner Magheru x Take Ionescu; presumed replacement, not confirmed)", "wikidata": "", "confidence": "medium", "notes": "pass2: upgraded from area to address. The corner (Magheru x Take Ionescu) is given by three press/archive sources; house number 26 by hartablocuri; the even number puts it on the east side, north of the Take Ionescu crossing (OSM address node 26 sits there). Which polygon is the replacement is inferred. The Gălășescu block is on the opposite (SW) corner of the same crossing. Report text only mentions 1940 damage -> outcome unknown.", "open_question": "Confirm from a 1970s photo/plan which corner of the Take Ionescu crossing Casata occupied, and what the 10-level block now on the NE corner is.", "review_note": "", "sources": "[{\"source\": \"osm\", \"ref\": \"node/2379858961\", \"lat\": 44.4448061, \"lon\": 26.0982022, \"precision\": \"address\", \"evidence\": \"OSM address node Bd. Magheru 26, NE of the Magheru x Take Ionescu crossing, ~12 m from way/283091403.\", \"retrieved\": \"2026-10-05\", \"by\": \"agent\", \"d_m\": 0}, {\"source\": \"osm\", \"ref\": \"way/283091403\", \"lat\": 44.444838, \"lon\": 26.098344, \"precision\": \"building\", \"evidence\": \"OSM building, 10 levels, apartments, at that NE corner; probable replacement of Casata.\", \"retrieved\": \"2026-10-05\", \"by\": \"agent\", \"d_m\": 12}, {\"source\": \"web\", \"ref\": \"https://www.hartablocuri.ro/cutremur/\", \"lat\": null, \"lon\": null, \"precision\": \"address\", \"evidence\": \"List of 1977/1940 casualties: Casata/Broșteni, Bd. Gheorghe Magheru nr. 26, 1937, collapsed in the direction of the 1940-damaged pillar.\", \"retrieved\": \"2026-10-05\", \"by\": \"agent\"}, {\"source\": \"web\", \"ref\": \"https://bucurestiivechisinoi.ro/2011/02/4-martie-1977-pe-magheru-2/\", \"lat\": null, \"lon\": null, \"precision\": \"street\", \"evidence\": \"Blocul Casata at the intersection of Str. Take Ionescu (formerly Nikos Beloianis) with Bd. Magheru.\", \"retrieved\": \"2026-10-05\", \"by\": \"agent\"}, {\"source\": \"web\", \"ref\": \"https://bucurestiulmeudrag.ro/fotografii/58ce21a9-f8ac-4b15-8251-4e95592b13d5\", \"lat\": null, \"lon\": null, \"precision\": \"street\", \"evidence\": \"Museum archive photo (March 1977): Blocul Casata at the intersection of Str. Take Ionescu with Bd. Gheorghe Magheru.\", \"retrieved\": \"2026-10-05\", \"by\": \"agent\"}, {\"source\": \"web\", \"ref\": \"https://www.romaniatv.net/?p=19080\", \"lat\": null, \"lon\": null, \"precision\": \"area\", \"evidence\": \"Casata described as being in Piața Romană close to the metro entrance (pass-1 candidate; coordinates dropped as only a pointer).\", \"retrieved\": \"2026-10-05\", \"by\": \"agent\"}, {\"source\": \"nominatim\", \"ref\": \"way/44499684\", \"lat\": 44.4455291, \"lon\": 26.0973513, \"precision\": \"road\", \"evidence\": \"Nominatim: Bulevardul General Gheorghe Magheru, A. Lahovary, Piața Romană, Cișmigiu, Sector 1, București, 010326, România\", \"retrieved\": \"2026-10-05\", \"by\": \"auto\", \"d_m\": 105}]", "checked_by": "agent (sonnet) + auto (s21)", "flags": "", "name": "blocul Broșteni (blocul Casata)", "type": "bc_bloc", "class": "structure", "locality": "București", "address_1977": "", "period": "interbelic", "height": "", "system": "ss_cadre_ba", "iv_classes": "", "iv_techniques": "", "iv_only_proposed": "", "outcome_unit": ""}}, {"type": "Feature", "id": "v1_b_P001_b_calea_victoriei_33", "geometry": {"type": "Point", "coordinates": [26.097693, 44.435802]}, "properties": {"building_id": "v1_b_P001_b_calea_victoriei_33", "batch_id": "P2_01", "locatable": "point", "precision": "address", "status": "verified", "n_sources": "2", "n_agree": "2", "agreement_m": "21", "outcome_1977": "unknown", "outcome_quote": "", "status_today": "unknown", "status_source": "", "modern_address": "Calea Victoriei 33, București (sector 1)", "historic_address_note": "Neighbour of Palatul Telefoanelor (no. 37); numbering along the west side runs 29 (Hotel Capitol), 31 (register), 33, then Palatul Telefoanelor 37.", "dupacutremur_building_uid": "", "osm_footprint_ref": "way/198047439 (contains the no. 33 address point; 6 levels, apartments)", "wikidata": "", "confidence": "medium", "notes": "pass2: kept the OSM address point; added footprint and two numbering anchors (register no. 31 to the south, Palatul Telefoanelor no. 37 to the north): no. 33 falls between them, which fits the report's 'neighbour of the Telephone Palace'. Still no source that names the occupant of no. 33. A web search summary even equates Calea Victoriei 33 with the Palatul Telefoanelor in some listings; Wikipedia and OSM say 37.", "open_question": "Identify the building at no. 33 (the report's possible pounding partner) from a photo archive.", "review_note": "", "sources": "[{\"source\": \"osm\", \"ref\": \"node/1726036447\", \"lat\": 44.4358021, \"lon\": 26.097693, \"precision\": \"address\", \"evidence\": \"OSM address point no. 33; lies inside way/198047439.\", \"retrieved\": \"2026-10-05\", \"by\": \"agent+auto\", \"d_m\": 0}, {\"source\": \"osm\", \"ref\": \"way/34910669\", \"lat\": 44.4363042, \"lon\": 26.0974633, \"precision\": \"building\", \"evidence\": \"Palatul Telefoanelor no. 37, ~60 m north; consistent with 'neighbouring building' (context only).\", \"retrieved\": \"2026-10-05\", \"by\": \"agent\", \"d_m\": 59}, {\"source\": \"dupacutremur\", \"ref\": \"2idf9k\", \"lat\": 44.435668, \"lon\": 26.097512, \"precision\": \"building\", \"evidence\": \"Register building at no. 31 (S+P+4E, 1909), ~35 m south of the no. 33 point; numbering continuity only, not the building itself.\", \"retrieved\": \"2026-10-05\", \"by\": \"agent\", \"d_m\": 21}]", "checked_by": "agent (sonnet) + auto (s21)", "flags": "", "name": "clădirea din Calea Victoriei Nr.33", "type": "", "class": "structure", "locality": "București", "address_1977": "Calea Victoriei Nr.33", "period": "", "height": "", "system": "", "iv_classes": "", "iv_techniques": "", "iv_only_proposed": "", "outcome_unit": ""}}, {"type": "Feature", "id": "v1_b_P001_b_calea_victoriei_95", "geometry": {"type": "Point", "coordinates": [26.092836, 44.443115]}, "properties": {"building_id": "v1_b_P001_b_calea_victoriei_95", "batch_id": "P2_01", "locatable": "point", "precision": "building", "status": "probable", "n_sources": "2", "n_agree": "1", "agreement_m": "", "outcome_1977": "severe", "outcome_quote": "stîlpi rupți; stîlpi și grinzi puternic fisurate", "status_today": "standing", "status_source": "dupacutremur 1n0hx8", "modern_address": "Calea Victoriei 95, București (sector 1)", "historic_address_note": "Same.", "dupacutremur_building_uid": "1n0hx8", "osm_footprint_ref": "way/465750862 (contains the OSM address point 95; the register centroid falls in the adjacent polygon way/465750866)", "wikidata": "", "confidence": "high", "notes": "pass2: added a third family (web page: 9-storey block, 1938, no. 95) which fits the report's S+P+9E+M better than the register's S+P+11E (floor-count convention). Register and OSM address point agree within 15 m. Top-level point is the register building centroid; the footprint ref is the OSM polygon holding the address point (OSM splits the building into two polygons).", "open_question": "", "review_note": "", "sources": "[{\"source\": \"dupacutremur\", \"ref\": \"1n0hx8\", \"lat\": 44.443175, \"lon\": 26.092999, \"precision\": \"building\", \"evidence\": \"Register: Calea Victoriei 95, S+P+11E, 1938, RS1 (building centroid; point record at 44.443175,26.092999).\", \"retrieved\": \"2026-10-05\", \"by\": \"agent+auto\", \"d_m\": 15}, {\"source\": \"osm\", \"ref\": \"node/11068961026\", \"lat\": 44.4431719, \"lon\": 26.0930027, \"precision\": \"address\", \"evidence\": \"OSM address point no. 95.\", \"retrieved\": \"2026-10-05\", \"by\": \"agent+auto\", \"d_m\": 15}, {\"source\": \"web\", \"ref\": \"https://politici.weebly.com/bucuresti---cal-victoriei/archives/01-2016/3\", \"lat\": null, \"lon\": null, \"precision\": \"address\", \"evidence\": \"Calea Victoriei no. 95: 9-storey residential block built 1938 (search summary); matches the report's 9 floors + attic and the interwar date.\", \"retrieved\": \"2026-10-05\", \"by\": \"agent\"}]", "checked_by": "agent (sonnet) + auto (s21)", "flags": "", "name": "blocul din Calea Victoriei 95", "type": "bc_bloc", "class": "structure", "locality": "București", "address_1977": "Calea Victoriei 95 | București, Calea Victoriei 95", "period": "interbelic", "height": "S+P+9E+M parțială", "system": "ss_cadre_ba", "iv_classes": "local", "iv_techniques": "ms_camasuire;ms_consolidare_locala;ms_fibre_sticla;ms_injectare;ms_placare_otel;ms_refacere_zidarie", "iv_only_proposed": "0", "outcome_unit": "v1_p0175_02"}}, {"type": "Feature", "id": "v1_b_P001_b_carlton", "geometry": {"type": "Point", "coordinates": [26.100917, 44.4375]}, "properties": {"building_id": "v1_b_P001_b_carlton", "batch_id": "P2_01", "locatable": "point", "precision": "building", "status": "verified", "n_sources": "2", "n_agree": "2", "agreement_m": "16", "outcome_1977": "unknown", "outcome_quote": "", "status_today": "replaced", "status_source": "OSM way/343523302 'Bl. Carlton' (apartments) stands at the corner today; Wikipedia: original demolished 10 Nov 1940", "modern_address": "Bd. Nicolae Bălcescu 9, colț cu Str. Ion Câmpineanu, București", "historic_address_note": "Same (Bălcescu); street name in 1940 was Brătianu.", "dupacutremur_building_uid": "", "osm_footprint_ref": "way/343523302 (Bl. Carlton, present block at the same corner; the original was destroyed in 1940)", "wikidata": "Q5042962", "confidence": "high", "notes": "pass2: added the OSM footprint 'Bl. Carlton' (named, ~15 m from the Wikipedia point) and status: the 1940 block is gone and a smaller block of the same name stands at the corner. Wikipedia/Wikidata coordinates may share an origin, but the OSM named footprint and address point are independent and agree within ~35 m. The Carlton collapse was in 1940, not 1977, so outcome_1977 stays 'unknown' (the report says collapse at the 10.11.1940 earthquake).", "open_question": "", "review_note": "", "sources": "[{\"source\": \"wikipedia\", \"ref\": \"https://en.wikipedia.org/wiki/Carlton_Bloc\", \"lat\": 44.4375, \"lon\": 26.100917, \"precision\": \"building\", \"evidence\": \"Wikipedia: 9 Bălcescu Blvd, corner of Royal St (now Ion Câmpineanu); coordinates 44°26′15.0″N 26°06′03.3″E.\", \"retrieved\": \"2026-10-05\", \"by\": \"agent\", \"d_m\": 0}, {\"source\": \"wikidata\", \"ref\": \"Q5042962\", \"lat\": 44.437506, \"lon\": 26.100904, \"precision\": \"building\", \"evidence\": \"Wikidata P625 for Carlton Bloc (may derive from the Wikipedia coordinates).\", \"retrieved\": \"2026-10-05\", \"by\": \"agent+auto\", \"d_m\": 1}, {\"source\": \"osm\", \"ref\": \"node/4311411532\", \"lat\": 44.4372707, \"lon\": 26.1010156, \"precision\": \"address\", \"evidence\": \"OSM address point no. 9 Bălcescu, ~30 m SW.\", \"retrieved\": \"2026-10-05\", \"by\": \"agent+auto\", \"d_m\": 27}, {\"source\": \"osm\", \"ref\": \"way/343523302\", \"lat\": 44.4376, \"lon\": 26.10077, \"precision\": \"building\", \"evidence\": \"OSM building named 'Bl. Carlton' at the same corner (the block that stands there now).\", \"retrieved\": \"2026-10-05\", \"by\": \"agent\", \"d_m\": 16}]", "checked_by": "agent (sonnet) + auto (s21)", "flags": "", "name": "blocul Carlton", "type": "bc_bloc", "class": "structure", "locality": "București", "address_1977": "", "period": "interbelic", "height": "2S+P+M+11", "system": "ss_cadre_ba", "iv_classes": "", "iv_techniques": "", "iv_only_proposed": "", "outcome_unit": ""}}, {"type": "Feature", "id": "v1_b_P001_b_carpati", "geometry": {"type": "Point", "coordinates": [26.099371, 44.435311]}, "properties": {"building_id": "v1_b_P001_b_carpati", "batch_id": "P2_01", "locatable": "point", "precision": "address", "status": "single", "n_sources": "1", "n_agree": "1", "agreement_m": "", "outcome_1977": "collapsed", "outcome_quote": "prăbușire parțială a colțului dintre Str. Academiei și Str. Edgar Quinet", "status_today": "replaced", "status_source": "agerpres.ro 'Atunci și acum: Strada Academiei' (corner at Edgar Quinet partially collapsed 4 Mar 1977 and rebuilt late 1970s)", "modern_address": "Str. Academiei 7, colț cu Str. Edgar Quinet, București (sector 1)", "historic_address_note": "Report: Str. Academiei 7 at the corner with Str. Edgar Quinet. A search summary gave 'Academiei nr. 5, P+9, 1930s' for the same block, one lot away. Today the corner building is Bd. Regina Elisabeta 16 / Academiei 7 (bookshop on the ground floor).", "dupacutremur_building_uid": "", "osm_footprint_ref": "way/1001043938 (contains the Academiei 7 address point; OSM: Bd. Regina Elisabeta 16, 10 levels, start_date 1935)", "wikidata": "", "confidence": "medium", "notes": "pass2: the corner Academiei x Edgar Quinet is supported by a press article and a museum photo caption (independent of OSM); the OSM address point Academiei 7 sits at that corner and inside a 1935 10-level building. The mapping 'Carpați block = Academiei 7' remains the dossier's inference from the list order, and a search summary gives nr. 5. The OSM footprint is 20 m from the point and may include the post-1977 rebuilt part.", "open_question": "Confirm the Academiei number (5 vs 7) of the Carpați / Ministry of Metallurgical Industry block and whether the 1935 OSM building is the surviving part.", "review_note": "", "sources": "[{\"source\": \"osm\", \"ref\": \"node/2587651158\", \"lat\": 44.4353112, \"lon\": 26.0993706, \"precision\": \"address\", \"evidence\": \"OSM address point Academiei 7 (bookshop on the ground floor), inside way/1001043938.\", \"retrieved\": \"2026-10-05\", \"by\": \"agent\", \"d_m\": 0}, {\"source\": \"osm\", \"ref\": \"way/1001043938\", \"lat\": 44.435138, \"lon\": 26.099297, \"precision\": \"building\", \"evidence\": \"OSM building at the Academiei / Bd. Regina Elisabeta / Edgar Quinet block: commercial, 10 levels, 1935 (matches an interwar P+9 block).\", \"retrieved\": \"2026-10-05\", \"by\": \"agent\", \"d_m\": 20}, {\"source\": \"osm\", \"ref\": \"way/23556928\", \"lat\": 44.4354239, \"lon\": 26.0987215, \"precision\": \"street\", \"evidence\": \"Str. Edgar Quinet, the cross street named in the report; ~60 m west.\", \"retrieved\": \"2026-10-05\", \"by\": \"agent\", \"d_m\": 53}, {\"source\": \"web\", \"ref\": \"https://agerpres.ro/documentare/2019/06/19/atunci-si-acum-strada-academiei--328617\", \"lat\": null, \"lon\": null, \"precision\": \"street\", \"evidence\": \"Academy library building at the intersection with Edgar Quinet partially collapsed on 4 Mar 1977 and was rebuilt in the late 1970s.\", \"retrieved\": \"2026-10-05\", \"by\": \"agent\"}, {\"source\": \"web\", \"ref\": \"https://bucurestiulmeudrag.ro/fotografii/58b87ec9-e878-48e2-9dc4-c475592b13d5\", \"lat\": null, \"lon\": null, \"precision\": \"street\", \"evidence\": \"Museum archive photo (March 1977): ruins of the block at the intersection of Edgar Quinet and Academiei streets.\", \"retrieved\": \"2026-10-05\", \"by\": \"agent\"}, {\"source\": \"nominatim\", \"ref\": \"node/2486977239\", \"lat\": 44.4354347, \"lon\": 26.0993527, \"precision\": \"shop\", \"evidence\": \"Nominatim: Librăria CLB Mihail Sadoveanu, 7, Strada Academiei, Blanduzia, Centrul Istoric, Sector 1, București, 010011, România\", \"retrieved\": \"2026-10-05\", \"by\": \"auto\", \"d_m\": 14}]", "checked_by": "agent (sonnet) + auto (s21)", "flags": "", "name": "Clădirea Ministerului Industriei Metalurgice (blocul Carpați)", "type": "bc_administrativ", "class": "structure", "locality": "București", "address_1977": "Str. Academiei nr.7", "period": "", "height": "S+P+M+7..8", "system": "ss_cadre_ba", "iv_classes": "", "iv_techniques": "", "iv_only_proposed": "", "outcome_unit": "v1_p0177_06"}}, {"type": "Feature", "id": "v1_b_P001_b_conta_3_5", "geometry": {"type": "Point", "coordinates": [26.101118, 44.43948]}, "properties": {"building_id": "v1_b_P001_b_conta_3_5", "batch_id": "P2_01", "locatable": "point", "precision": "building", "status": "probable", "n_sources": "2", "n_agree": "1", "agreement_m": "", "outcome_1977": "moderate", "outcome_quote": "deteriorări la rezemarea grinzilor pe stâlpi unde s-au suprimat pereții despărțitori pentru o încăpere foarte mare", "status_today": "standing", "status_source": "dupacutremur y00v8v", "modern_address": "Str. Vasile Conta 3-5, București (sector 2)", "historic_address_note": "Same.", "dupacutremur_building_uid": "y00v8v", "osm_footprint_ref": "way/197638571 (6 levels, apartments; contains the register point)", "wikidata": "", "confidence": "high", "notes": "pass2: footprint added (OSM way/197638571, 6 levels, matches S+P+5E+Ma). Two sources agree within 25 m; register verification_status is needs_review.", "open_question": "", "review_note": "", "sources": "[{\"source\": \"dupacutremur\", \"ref\": \"y00v8v\", \"lat\": 44.439445, \"lon\": 26.101004, \"precision\": \"building\", \"evidence\": \"Register: V. Conta 3-5, S+P+5E+Ma, 1940, RS2 (needs_review).\", \"retrieved\": \"2026-10-05\", \"by\": \"agent+auto\", \"d_m\": 10}, {\"source\": \"osm\", \"ref\": \"node/2615790507\", \"lat\": 44.4395676, \"lon\": 26.1013876, \"precision\": \"address\", \"evidence\": \"OSM address point 3-5.\", \"retrieved\": \"2026-10-05\", \"by\": \"agent+auto\", \"d_m\": 24}]", "checked_by": "agent (sonnet) + auto (s21)", "flags": "", "name": "blocul din Str. V. Conta 3-5", "type": "bc_bloc", "class": "structure", "locality": "București", "address_1977": "Str. V. Conta 3-5", "period": "", "height": "", "system": "ss_cadre_ba", "iv_classes": "", "iv_techniques": "", "iv_only_proposed": "", "outcome_unit": "v1_p0176_07"}}, {"type": "Feature", "id": "v1_b_P001_b_conta_7_9", "geometry": {"type": "Point", "coordinates": [26.10108, 44.43982]}, "properties": {"building_id": "v1_b_P001_b_conta_7_9", "batch_id": "G02", "locatable": "point", "precision": "address", "status": "verified", "n_sources": "2", "n_agree": "2", "agreement_m": "12", "outcome_1977": "unknown", "outcome_quote": "", "status_today": "standing", "status_source": "dupacutremur register records lc3wwx, 4y4ms5 (built 1941)", "modern_address": "Str. Vasile Conta 7-9, Bucuresti (sector 2)", "historic_address_note": "Str. V. Conta = Str. Vasile Conta, same street, number 7-9 unchanged (register and OSM both carry 7-9).", "dupacutremur_building_uid": "lc3wwx; 4y4ms5", "osm_footprint_ref": "", "wikidata": "", "confidence": "medium", "notes": "Best point is the mean of the two register footprints (about 20 m apart), which agrees with the OSM address node within about 10 m. The register holds two buildings under 7-9 (a tall S+P+10E block and a lower P+5E+Ma block); the report text (frame with diagonals, basement garages) does not say which. The second mention (garages of Conta 3-5 and 7-9) is also in the register (3-5: y00v8v, 1940).", "open_question": "Which of the two 7-9 buildings is meant (11-storey vs 7-storey)? The 1977 report only says reinforced concrete frame with diagonals.", "review_note": "", "sources": "[{\"source\": \"dupacutremur\", \"ref\": \"lc3wwx\", \"lat\": 44.439874, \"lon\": 26.100952, \"precision\": \"building\", \"evidence\": \"Register: Str. Vasile Conta 7-9, built 1941, S+P+10E, class RS1.\", \"retrieved\": \"2026-10-05\", \"by\": \"agent\", \"d_m\": 12}, {\"source\": \"dupacutremur\", \"ref\": \"4y4ms5\", \"lat\": 44.439727, \"lon\": 26.101207, \"precision\": \"building\", \"evidence\": \"Register: second record at Str. Vasile Conta 7-9, built 1941, P+5E+Ma, RS1.\", \"retrieved\": \"2026-10-05\", \"by\": \"agent\", \"d_m\": 14}, {\"source\": \"osm\", \"ref\": \"node/2615790545\", \"lat\": 44.4398389, \"lon\": 26.1009712, \"precision\": \"address\", \"evidence\": \"Nominatim: address node 7-9, Strada Vasile Conta, sector 2 (independent OSM address point).\", \"retrieved\": \"2026-10-05\", \"by\": \"agent+auto\", \"d_m\": 9}]", "checked_by": "agent (sonnet) + auto (s21)", "flags": "dupacutremur_uid_not_in_snapshot", "name": "blocul din Str. V. Conta nr.7-9", "type": "bc_bloc", "class": "structure", "locality": "București", "address_1977": "Str. V. Conta nr.7-9", "period": "după 1940", "height": "", "system": "ss_cadre_ba", "iv_classes": "", "iv_techniques": "", "iv_only_proposed": "", "outcome_unit": ""}}, {"type": "Feature", "id": "v1_b_P001_b_dcs", "geometry": {"type": "Point", "coordinates": [26.10305, 44.42492]}, "properties": {"building_id": "v1_b_P001_b_dcs", "batch_id": "P2_01", "locatable": "area", "precision": "area", "status": "area", "n_sources": "1", "n_agree": "1", "agreement_m": "", "outcome_1977": "severe", "outcome_quote": "scara principală prăbușită", "status_today": "demolished", "status_source": "V. Trebici, 'Însemnări din memorie' (sas.unibuc.ro): the red building on Splaiul Unirii 28, near the Șerban Vodă bridge, 'astăzi ea nu mai există'", "modern_address": "Fost Splaiul Unirii nr. 28 ('clădirea roșie' lângă podul Șerban Vodă), zona Piața Unirii / capătul nordic al Căii Șerban Vodă, București (clădire dispărută)", "historic_address_note": "1977 Splaiul Unirii 28 = the red building near the Șerban Vodă bridge that housed the Institutul Central de Statistică (V. Trebici memoir). The old Splaiul Unirii along the Dâmbovița bank was rebuilt in the 1980s (canalisation, Bd. Unirii) and the numbering does not survive.", "dupacutremur_building_uid": "", "osm_footprint_ref": "", "wikidata": "", "confidence": "low", "notes": "pass2: moved from locality_only to area. A memoir independently places Splaiul Unirii 28 beside the Șerban Vodă bridge and says the building is gone; the bridge approach (north end of Calea Șerban Vodă at the Dâmbovița) is the anchor from OSM. This is an area, not a plot: the 1977 numbering and the exact bank side cannot be mapped. The later INS seat (Bd. Libertății 16) is a different building.", "open_question": "Old city plan (1930s-70s) or aerial photo of Splaiul Unirii at the Șerban Vodă bridge to locate the plot.", "review_note": "", "sources": "[{\"source\": \"osm\", \"ref\": \"way/23478594\", \"lat\": 44.42492, \"lon\": 26.10305, \"precision\": \"area\", \"evidence\": \"End node of Calea Șerban Vodă at the Dâmbovița, where Podul Șerban Vodă started; used only as an anchor for 'near the Șerban Vodă bridge' (uncertainty a few hundred metres).\", \"retrieved\": \"2026-10-05\", \"by\": \"agent\", \"d_m\": 0}, {\"source\": \"paper\", \"ref\": \"https://www2.sas.unibuc.ro/storage/downloads/memorii-68/V_Trebici_Insemnari_din_memorie.pdf\", \"lat\": null, \"lon\": null, \"precision\": \"area\", \"evidence\": \"Memoir: Institutul Central de Statistică in the red building at Splaiul Unirii nr. 28 beside the Șerban Vodă bridge; gone today; the institute later kept statistical machines there.\", \"retrieved\": \"2026-10-05\", \"by\": \"agent\"}, {\"source\": \"web\", \"ref\": \"https://ro.wikipedia.org/wiki/Institutul_Central_de_Statistic%C4%83\", \"lat\": null, \"lon\": null, \"precision\": \"street\", \"evidence\": \"Search summary: the Romanian Statistical Society was at Splaiul Unirii no. 20, at the headquarters of the Central Institute of Statistics.\", \"retrieved\": \"2026-10-05\", \"by\": \"agent\"}]", "checked_by": "agent (sonnet) + auto (s21)", "flags": "", "name": "Direcția Centrală de Statistică", "type": "bc_administrativ", "class": "structure", "locality": "București", "address_1977": "Splaiul Unirii 28", "period": "etape 1920, 1938 și 1954", "height": "S+P+4", "system": "ss_mixt", "iv_classes": "local", "iv_techniques": "ms_injectare;ms_refacere_zidarie;ms_tiranti", "iv_only_proposed": "0", "outcome_unit": "v1_p0178_06"}}, {"type": "Feature", "id": "v1_b_P001_b_fac_chimie", "geometry": {"type": "Point", "coordinates": [26.08749, 44.43288]}, "properties": {"building_id": "v1_b_P001_b_fac_chimie", "batch_id": "P2_01", "locatable": "point", "precision": "site", "status": "single", "n_sources": "1", "n_agree": "1", "agreement_m": "", "outcome_1977": "collapsed", "outcome_quote": "prăbușire parțială", "status_today": "demolished", "status_source": "bucuresticitynews.ro 'Știi colțul ăla al parcului Izvor de la podul Hașdeu?'; hartablocuri.ro (demolished 1978-1979)", "modern_address": "Fost Splaiul Independenței nr. 87-89, la marginea cartierului Izvor, azi în Parcul Izvor, lângă podul Hașdeu, București (sector 5)", "historic_address_note": "Built 1925 for the Institute of Theoretical Chemistry (L-shaped, 3 storeys) at Splaiul Independenței 87-89, across from the Faculty of Biology (91-95); collapsed partly in 1977, demolished 1978-79; the Izvor district was cleared in the 1980s.", "dupacutremur_building_uid": "", "osm_footprint_ref": "way/14262324 (Parcul Izvor, the park that covers the site; the point lies inside it)", "wikidata": "", "confidence": "medium", "notes": "pass2: identity and site confirmed. The pass-1 doubt ('does no. 87 belong to Chemistry?') is resolved by three independent sources (faculty history, a press article, the 1977 list) that all say 87 or 87-89 on Splaiul Independenței, now Izvor Park. The point is the address-range node on the park edge, between the Biology faculty (91-95) and the Hașdeu bridge (~100 m east); the exact footprint of the vanished L-shaped building is not mapped. The new Chemistry seat (Șos. Panduri 90-92) is irrelevant to 1977.", "open_question": "Overlay a pre-1980 plan to get the exact footprint.", "review_note": "", "sources": "[{\"source\": \"osm\", \"ref\": \"node/7146485589\", \"lat\": 44.43288, \"lon\": 26.08749, \"precision\": \"street\", \"evidence\": \"Address-range node 81-89 Splaiul Independenței (contains 87-89); on the edge of Parcul Izvor; interpolation, not a footprint.\", \"retrieved\": \"2026-10-05\", \"by\": \"agent\", \"d_m\": 0}, {\"source\": \"osm\", \"ref\": \"way/14262324\", \"lat\": 44.431618, \"lon\": 26.086919, \"precision\": \"area\", \"evidence\": \"Parcul Izvor polygon (what covers the site today); centroid, context only.\", \"retrieved\": \"2026-10-05\", \"by\": \"agent\", \"d_m\": 147}, {\"source\": \"web\", \"ref\": \"https://www.hartablocuri.ro/cutremur/\", \"lat\": null, \"lon\": null, \"precision\": \"address\", \"evidence\": \"Facultatea de Chimie, Splaiul Independenței nr. 87, demolished 1978-1979.\", \"retrieved\": \"2026-10-05\", \"by\": \"agent\"}, {\"source\": \"web\", \"ref\": \"https://bucuresticitynews.ro/stii-coltul-ala-al-parcului-izvor-de-la-podul-hasdeu/\", \"lat\": null, \"lon\": null, \"precision\": \"site\", \"evidence\": \"Chemistry Faculty stood at Splaiul Independenței 87-89, at the corner of Izvor Park near Podul Hașdeu, across from the Faculty of Biology; the site is now park.\", \"retrieved\": \"2026-10-05\", \"by\": \"agent\"}, {\"source\": \"web\", \"ref\": \"https://chimie.unibuc.ro/index.php/despre-facultate/59-istoric/97-facultatea-de-chimie-istorie-si-traditie\", \"lat\": null, \"lon\": null, \"precision\": \"site\", \"evidence\": \"Faculty history page (search summary): building begun 1925 at Splaiul Independenței 87-89; collapsed in the 1977 earthquake; land now in Izvor Park.\", \"retrieved\": \"2026-10-05\", \"by\": \"agent\"}]", "checked_by": "agent (sonnet) + auto (s21)", "flags": "footprint_far:147m", "name": "Facultatea de Chimie", "type": "bc_scoala", "class": "structure", "locality": "București", "address_1977": "Splaiul Independenței nr.87", "period": "", "height": "P+3", "system": "ss_zidarie", "iv_classes": "", "iv_techniques": "", "iv_only_proposed": "", "outcome_unit": "v1_p0178_02"}}, {"type": "Feature", "id": "v1_b_P001_b_fac_medicina_generala", "geometry": {"type": "Point", "coordinates": [26.069722, 44.434722]}, "properties": {"building_id": "v1_b_P001_b_fac_medicina_generala", "batch_id": "P2_01", "locatable": "point", "precision": "building", "status": "probable", "n_sources": "2", "n_agree": "1", "agreement_m": "", "outcome_1977": "severe", "outcome_quote": "deplasări ale coloanelor și dislocarea frontonului triunghiular la intrarea principală, crăpături și dislocări în zidăriile exterioare și interioare", "status_today": "standing", "status_source": "ro.wikipedia Palatul Facultății de Medicină din București (LMI B-II-m-A-18706); vatra-mcp.ro; UMFCD restoration project", "modern_address": "Palatul Facultății de Medicină, Bd. Eroii Sanitari nr. 8, București (sector 5)", "historic_address_note": "Facultatea de medicină generală of the IMF in 1977 = the 1903 Faculty of Medicine palace (arh. Louis Pierre Blanc) at Bd. Eroii Sanitari 8; identification from the report's description (load-bearing brick masonry, steel-beam floors, colonnade and triangular pediment at the main entrance).", "dupacutremur_building_uid": "", "osm_footprint_ref": "way/23608617 (UMF Carol Davila campus polygon that covers the point; the palace is not mapped as a separate building)", "wikidata": "", "confidence": "medium", "notes": "pass2: replaced the bus-stop proxy with the palace itself. Wikipedia gives the building's coordinates, the Wikidata statue item (same Eroii Sanitari 8 ensemble) agrees within ~35 m, and the OSM campus polygon contains the point. The report's pediment/colonnade damage fits this neoclassical palace, but the dossier never states the street address, so the identification is an inference (medium), not a printed address.", "open_question": "Confirm that the 'Facultatea de medicină generală' of annex IV.31 is the Eroii Sanitari palace and not an IMF annex building.", "review_note": "", "sources": "[{\"source\": \"wikipedia\", \"ref\": \"https://ro.wikipedia.org/wiki/Palatul_Facult%C4%83%C8%9Bii_de_Medicin%C4%83_din_Bucure%C8%99ti\", \"lat\": 44.434722, \"lon\": 26.069722, \"precision\": \"building\", \"evidence\": \"Article gives 44°26′05″N 26°04′11″E for the palace; main facade with colonnade and pediment; LMI B-II-m-A-18706.\", \"retrieved\": \"2026-10-05\", \"by\": \"agent\", \"d_m\": 0}, {\"source\": \"wikidata\", \"ref\": \"Q12741328\", \"lat\": 44.4343801, \"lon\": 26.0696035, \"precision\": \"site\", \"evidence\": \"Wikidata item for the Carol Davila statue, same LMI ensemble at Bd. Eroii Sanitari 8, in front of the palace (~35 m south).\", \"retrieved\": \"2026-10-05\", \"by\": \"agent\", \"d_m\": 39}, {\"source\": \"osm\", \"ref\": \"way/23608617\", \"lat\": 44.435307, \"lon\": 26.069724, \"precision\": \"area\", \"evidence\": \"OSM polygon of the UMF Carol Davila campus; the palace lies inside it.\", \"retrieved\": \"2026-10-05\", \"by\": \"agent\", \"d_m\": 65}, {\"source\": \"osm\", \"ref\": \"node/1725252712\", \"lat\": 44.4341786, \"lon\": 26.0694354, \"precision\": \"street\", \"evidence\": \"Pass-1 candidate: bus stop 'Facultatea de Medicină' on Bd. Eroii Sanitari; context only.\", \"retrieved\": \"2026-10-05\", \"by\": \"agent\", \"d_m\": 65}]", "checked_by": "agent (sonnet) + auto (s21)", "flags": "", "name": "Facultatea de medicină generală", "type": "bc_monument | bc_scoala", "class": "structure", "locality": "București", "address_1977": "", "period": "", "height": "", "system": "ss_zidarie", "iv_classes": "global;local", "iv_techniques": "ms_injectare;ms_nucleu_ba", "iv_only_proposed": "0", "outcome_unit": "v1_p0178_07"}}, {"type": "Feature", "id": "v1_b_P001_b_galasescu", "geometry": {"type": "Point", "coordinates": [26.097593, 44.444226]}, "properties": {"building_id": "v1_b_P001_b_galasescu", "batch_id": "P2_01", "locatable": "point", "precision": "address", "status": "single", "n_sources": "1", "n_agree": "1", "agreement_m": "", "outcome_1977": "severe", "outcome_quote": "stîlpi și grinzi rupte, inclusiv unele noduri", "status_today": "standing", "status_source": "hartablocuri.ro (P+11, 1938, 51 flats, damaged in both earthquakes, strengthened); OSM way/241932509 (14-level block at the SW corner)", "modern_address": "Str. Take Ionescu nr. 8, colț cu Bd. Magheru (SW), București (sector 1)", "historic_address_note": "Str. N. Beloianis = Str. Take Ionescu today (verified: Dilema Veche, bucurestiivechisinoi.ro, zf.ro - Beloianis was the communist-era name of the former Atena street, now Take Ionescu). The task-note rule 'Beloianis = Pictor Arthur Verona' is NOT supported and caused the pass-1 error. hartablocuri.ro lists Gălășescu/Podgoria at Str. Tache Ionescu nr. 8.", "dupacutremur_building_uid": "", "osm_footprint_ref": "way/241932509 (14 levels, apartments, SW corner Magheru x Take Ionescu; Take Ionescu 8/8A shops on its ground floor)", "wikidata": "", "confidence": "medium", "notes": "pass2: corrected. Pass 1 followed a wrong renaming (Beloianis -> Pictor Arthur Verona). Three sources say Beloianis = Take Ionescu; hartablocuri.ro puts Gălășescu/Podgoria at Take Ionescu 8, which matches the report's 'Beloianis 8 (colț cu Bd. Magheru)'. OSM address 8 and 8A are on the SW corner polygon (14 levels, plausible for S+P+11E+M); the footprint match is inferred, not named. Casata is on the opposite (NE) corner of the same crossing. The 1940 damage is in the list; the 1977 damage (columns/beams broken) is described under the 'Podgoria' name.", "open_question": "Confirm that the 14-level OSM block is the 1938 Podgoria block (photo/Street View).", "review_note": "", "sources": "[{\"source\": \"osm\", \"ref\": \"way/241932509\", \"lat\": 44.444226, \"lon\": 26.097593, \"precision\": \"building\", \"evidence\": \"OSM 14-level apartment block at the SW corner of the Magheru x Take Ionescu crossing, with the Take Ionescu 8/8A shops on its ground floor.\", \"retrieved\": \"2026-10-05\", \"by\": \"agent\", \"d_m\": 0}, {\"source\": \"osm\", \"ref\": \"node/2469082081\", \"lat\": 44.444229, \"lon\": 26.097825, \"precision\": \"address\", \"evidence\": \"OSM address node Str. Tache Ionescu 8 (shop 'Kix'), at the corner, ~18 m east of the polygon centre.\", \"retrieved\": \"2026-10-05\", \"by\": \"agent\", \"d_m\": 18}, {\"source\": \"web\", \"ref\": \"https://www.hartablocuri.ro/cutremur/\", \"lat\": null, \"lon\": null, \"precision\": \"address\", \"evidence\": \"Gălășescu/Podgoria, Strada Tache Ionescu nr. 8, 1938, damaged in 1940 and 1977.\", \"retrieved\": \"2026-10-05\", \"by\": \"agent\"}, {\"source\": \"web\", \"ref\": \"https://dilemaveche.ro/sectiune/societate/ieri-cu-vedere-spre-azi/nume-de-strazi-i-615415.html\", \"lat\": null, \"lon\": null, \"precision\": \"street\", \"evidence\": \"Atena street was named Nikos Beloianis under the old regime; renamed Ionescu Tache after 1989 (renaming evidence).\", \"retrieved\": \"2026-10-05\", \"by\": \"agent\"}, {\"source\": \"web\", \"ref\": \"https://bucurestiivechisinoi.ro/2011/02/4-martie-1977-pe-magheru-2/\", \"lat\": null, \"lon\": null, \"precision\": \"street\", \"evidence\": \"Str. Take Ionescu = 'fosta Nikos Beloianis inainte de 1989' (renaming evidence).\", \"retrieved\": \"2026-10-05\", \"by\": \"agent\"}]", "checked_by": "agent (sonnet) + auto (s21)", "flags": "", "name": "blocul Gălășescu", "type": "bc_bloc", "class": "structure", "locality": "București", "address_1977": "Str. N. Beloianis 8 | București, Str. N. Beloianis 8 (colț cu Bd. Magheru)", "period": "interbelic", "height": "S+P+8...11E", "system": "ss_cadre_ba", "iv_classes": "local", "iv_techniques": "ms_camasuire;ms_injectare;ms_plombare", "iv_only_proposed": "0", "outcome_unit": "v1_p0175_02"}}, {"type": "Feature", "id": "v1_b_P001_b_hotel_ambasador", "geometry": {"type": "Point", "coordinates": [26.09954, 44.44198]}, "properties": {"building_id": "v1_b_P001_b_hotel_ambasador", "batch_id": "G02", "locatable": "point", "precision": "building", "status": "verified", "n_sources": "2", "n_agree": "2", "agreement_m": "3", "outcome_1977": "unknown", "outcome_quote": "", "status_today": "standing", "status_source": "OSM way/442813528; Wikidata Q42767437 heritage site; web: hotel acquired by Julius Meinl Living, to reopen 2027", "modern_address": "Hotel Ambasador, Bd. General Gheorghe Magheru 8-10, Bucuresti (sector 1)", "historic_address_note": "Report gives no address; Hotel Ambasador (opened 1939) is on Bd. Magheru, so no street renaming involved.", "dupacutremur_building_uid": "", "osm_footprint_ref": "way/442813528", "wikidata": "Q42767437", "confidence": "high", "notes": "Two coordinate sources agree within 5 m, and a news article gives the same street. Only one hotel Ambasador exists in Bucharest. Wikidata coordinates may derive from OSM, so independence is partial.", "open_question": "", "review_note": "", "sources": "[{\"source\": \"osm\", \"ref\": \"way/442813528\", \"lat\": 44.4419862, \"lon\": 26.0995591, \"precision\": \"building\", \"evidence\": \"OSM tourism object Hotel Ambasador, 8-10 Bd. General Gheorghe Magheru.\", \"retrieved\": \"2026-10-05\", \"by\": \"agent+auto\", \"d_m\": 2}, {\"source\": \"wikidata\", \"ref\": \"Q42767437\", \"lat\": 44.44196, \"lon\": 26.09951, \"precision\": \"building\", \"evidence\": \"Wikidata item Hotel Ambasador, heritage site in Bucharest.\", \"retrieved\": \"2026-10-05\", \"by\": \"agent+auto\", \"d_m\": 3}, {\"source\": \"web\", \"ref\": \"startupcafe.ro / revistabiz.ro (search result)\", \"lat\": null, \"lon\": null, \"precision\": \"address\", \"evidence\": \"Articles describe the Art Deco hotel at Bd. Magheru 10-10A, opened 1939 (no coordinates).\", \"retrieved\": \"2026-10-05\", \"by\": \"agent\"}]", "checked_by": "agent (sonnet) + auto (s21)", "flags": "", "name": "hotel Ambasador", "type": "bc_hotel", "class": "structure", "locality": "București", "address_1977": "", "period": "", "height": "", "system": "", "iv_classes": "", "iv_techniques": "", "iv_only_proposed": "", "outcome_unit": ""}}, {"type": "Feature", "id": "v1_b_P001_b_hotel_union", "geometry": {"type": "Point", "coordinates": [26.099289, 44.437245]}, "properties": {"building_id": "v1_b_P001_b_hotel_union", "batch_id": "P2_01", "locatable": "point", "precision": "building", "status": "verified", "n_sources": "3", "n_agree": "3", "agreement_m": "16", "outcome_1977": "severe", "outcome_quote": "proiect IPB: manșonare și cămășuire stâlpi, cămășuire grinzi, injectări, diafragme noi din zidărie", "status_today": "standing", "status_source": "bucuresticitynews.ro Hotel Union (now offices, standing); OSM way/171237958", "modern_address": "Fost Hotel Union (Union building), colț Str. Academiei / Str. Ion Câmpineanu, București (sector 1)", "historic_address_note": "Hotel Union, Str. Academiei, at the corner with Str. Ion Câmpineanu; 1930-34 Art Deco building by Arghir Culina, basement + ground + 7 floors (matches the report's 2S+P+7).", "dupacutremur_building_uid": "", "osm_footprint_ref": "way/171237958 (Hotel Union, 9 levels)", "wikidata": "Q137721232", "confidence": "high", "notes": "pass2: three coordinate sources (OSM footprint, Wikidata, a photo page's map link) agree within ~15 m; two press pages give the same corner and the same 1930s S+7 building. The photo page's street address ('Doamnei 5') is wrong and ignored. Wikidata and OSM may be cross-linked.", "open_question": "", "review_note": "", "sources": "[{\"source\": \"osm\", \"ref\": \"way/171237958\", \"lat\": 44.437245, \"lon\": 26.099289, \"precision\": \"building\", \"evidence\": \"OSM tourism=hotel 'Hotel Union' footprint at Academiei x Ion Câmpineanu.\", \"retrieved\": \"2026-10-05\", \"by\": \"agent\", \"d_m\": 0}, {\"source\": \"wikidata\", \"ref\": \"Q137721232\", \"lat\": 44.4373, \"lon\": 26.099168, \"precision\": \"building\", \"evidence\": \"Wikidata item 'Union building', P625 (OSM carries this QID).\", \"retrieved\": \"2026-10-05\", \"by\": \"agent+auto\", \"d_m\": 11}, {\"source\": \"web\", \"ref\": \"https://foto.czarnota.org/architektura/2023/08/24/union-strada-academiei-strada-ion-campineanu-bucuresti-romania-bukareszt-rumunia/\", \"lat\": 44.437255, \"lon\": 26.099087, \"precision\": \"building\", \"evidence\": \"Architecture photo page: Union building at Str. Academiei x Str. Ion Câmpineanu; map-link coordinates (the page's address text is unreliable).\", \"retrieved\": \"2026-10-05\", \"by\": \"agent\", \"d_m\": 16}]", "checked_by": "agent (sonnet) + auto (s21)", "flags": "", "name": "hotel Union", "type": "bc_hotel", "class": "structure", "locality": "București", "address_1977": "Str. Academiei", "period": "", "height": "2S+P+7", "system": "ss_cadre_ba", "iv_classes": "global;local", "iv_techniques": "ms_camasuire;ms_diafragme_moi;ms_diafragme_noi;ms_fibre_sticla;ms_injectare;ms_manson", "iv_only_proposed": "0", "outcome_unit": "v1_p0178_06"}}, {"type": "Feature", "id": "v1_b_P001_b_hotel_victoria", "geometry": {"type": "Point", "coordinates": [26.097101, 44.432579]}, "properties": {"building_id": "v1_b_P001_b_hotel_victoria", "batch_id": "P2_01", "locatable": "point", "precision": "address", "status": "single", "n_sources": "1", "n_agree": "1", "agreement_m": "", "outcome_1977": "collapsed", "outcome_quote": "prăbușire parțială", "status_today": "demolished", "status_source": "centenar.infocons.ro 'CEC, Hotel de France, Magazinul Victoria' (vacant land, then Bucharest Financial Plaza in the 1990s); b365.ro Hotel de France", "modern_address": "Calea Victoriei nr. 15, București (sector 3): site of the former Hotel Victoria (Hotel de France), now Bucharest Financial Plaza", "historic_address_note": "Hotel de France / Hotel Victoria stood between the CEC Palace (no. 13) and the Magazinul Victoria, i.e. at no. 15; demolished after 1977.", "dupacutremur_building_uid": "", "osm_footprint_ref": "way/150803285 (Bucharest Financial Plaza, Calea Victoriei 15, what stands on the plot today)", "wikidata": "", "confidence": "medium", "notes": "pass2: independent confirmation of the location by position, not by number: infocons/b365 place the hotel between the CEC Palace (no. 13, OSM way 973712798, directly to the south) and the Victoria store, and say Bucharest Financial Plaza (OSM: no. 15) now occupies the plot. The number 15 itself still rests on the report. The pass-1 'two OSM candidates' were one family and are now merged with the footprint. Top point is the frontage address node.", "open_question": "A pre-1977 source naming 'Calea Victoriei 15' for Hotel Victoria would close this.", "review_note": "", "sources": "[{\"source\": \"osm\", \"ref\": \"node/1726036401\", \"lat\": 44.4325787, \"lon\": 26.0971014, \"precision\": \"address\", \"evidence\": \"OSM address node Calea Victoriei 15 on the street frontage.\", \"retrieved\": \"2026-10-05\", \"by\": \"agent\", \"d_m\": 0}, {\"source\": \"osm\", \"ref\": \"way/150803285\", \"lat\": 44.432775, \"lon\": 26.096266, \"precision\": \"building\", \"evidence\": \"OSM Bucharest Financial Plaza, Calea Victoriei 15, the building that now occupies the plot (footprint centre).\", \"retrieved\": \"2026-10-05\", \"by\": \"agent\", \"d_m\": 70}, {\"source\": \"osm\", \"ref\": \"way/973712798\", \"lat\": 44.432016, \"lon\": 26.096453, \"precision\": \"building\", \"evidence\": \"Palatul CEC, no. 13, directly south: context for 'between CEC Palace and Victoria store'.\", \"retrieved\": \"2026-10-05\", \"by\": \"agent\", \"d_m\": 81}, {\"source\": \"web\", \"ref\": \"https://centenar.infocons.ro/en/tablouri/cec-hotel-de-france-magazinul-victoria-4/\", \"lat\": null, \"lon\": null, \"precision\": \"street\", \"evidence\": \"Hotel de France (1881, later Hotel Victoria) between the CEC Palace and the Victoria store; the 1977 earthquake ended it; vacant until the 1990s, then Bucharest Financial Plaza.\", \"retrieved\": \"2026-10-05\", \"by\": \"agent\"}, {\"source\": \"nominatim\", \"ref\": \"way/180685587\", \"lat\": 44.4359791, \"lon\": 26.0978722, \"precision\": \"road\", \"evidence\": \"Nominatim: Calea Victoriei, Teatrului, Cișmigiu, Sector 1, București, 010061, România\", \"retrieved\": \"2026-10-05\", \"by\": \"auto\", \"d_m\": 383}]", "checked_by": "agent (sonnet) + auto (s21)", "flags": "", "name": "Hotelul Victoria", "type": "bc_hotel", "class": "structure", "locality": "București", "address_1977": "Calea Victoriei Nr.15", "period": "", "height": "P+3", "system": "ss_zidarie", "iv_classes": "", "iv_techniques": "", "iv_only_proposed": "", "outcome_unit": "v1_p0178_01"}}, {"type": "Feature", "id": "v1_b_P001_b_lengyel", "geometry": {"type": "Point", "coordinates": [26.100587, 44.439643]}, "properties": {"building_id": "v1_b_P001_b_lengyel", "batch_id": "P2_01", "locatable": "point", "precision": "address", "status": "verified", "n_sources": "2", "n_agree": "2", "agreement_m": "31", "outcome_1977": "unknown", "outcome_quote": "", "status_today": "unknown", "status_source": "", "modern_address": "Bd. Nicolae Balcescu 28, Bucuresti (sector 1)", "historic_address_note": "Bd. Balcescu 28: street name unchanged since 1977; numbering assumed unchanged (not independently verified).", "dupacutremur_building_uid": "", "osm_footprint_ref": "", "wikidata": "", "confidence": "low", "notes": "pass2: no further evidence found for the Lengyel block itself. Numbering is monotone in OSM along Bălcescu (24 at 44.4391, 26 at 44.4394, 28 at 44.4396, 30 at 44.4399) and Pherekyde at no. 24 is confirmed in the same 1940 list, so 28 is probably unchanged; but the Italian church (1916) now holds no. 28 and the register has no no. 28, so the block may be a neighbouring lot or demolished. No web page naming 'blocul Lengyel' was found.", "open_question": "Check whether the Lengyel block is the church's neighbour (Bălcescu 26-30) or shares an address with the Italian church plot; 1940 literature (Beleș) or a cadastral history is needed.", "review_note": "", "sources": "[{\"source\": \"osm\", \"ref\": \"node/2379858967\", \"lat\": 44.4396429, \"lon\": 26.1005874, \"precision\": \"address\", \"evidence\": \"Nominatim/OSM address node 28 Bd. Nicolae Bălcescu (the Italian church way/232464795, 1916, also carries no. 28, ~10 m away).\", \"retrieved\": \"2026-10-05\", \"by\": \"agent\", \"d_m\": 0}, {\"source\": \"dupacutremur\", \"ref\": \"wtjuvr\", \"lat\": 44.439922, \"lon\": 26.100591, \"precision\": \"building\", \"evidence\": \"Register building at Bălcescu 30 (1936, RS1), ~30 m north; numbering continuity only (24, 26, 28, 30 run monotonically in OSM).\", \"retrieved\": \"2026-10-05\", \"by\": \"agent\", \"d_m\": 31}, {\"source\": \"nominatim\", \"ref\": \"way/232464795\", \"lat\": 44.4396697, \"lon\": 26.100702, \"precision\": \"amenity\", \"evidence\": \"Nominatim: Biserica Italiană, 28, Bulevardul Nicolae Bălcescu, Amzei, Piața Romană, Cișmigiu, Sector 1, București, 010054, România\", \"retrieved\": \"2026-10-05\", \"by\": \"auto\", \"d_m\": 10}]", "checked_by": "agent (sonnet) + auto (s21)", "flags": "", "name": "blocul Lengyel", "type": "bc_bloc", "class": "structure", "locality": "București", "address_1977": "Bd. Bălcescu 28", "period": "interbelic", "height": "", "system": "ss_cadre_ba", "iv_classes": "", "iv_techniques": "", "iv_only_proposed": "", "outcome_unit": ""}}, {"type": "Feature", "id": "v1_b_P001_b_mica", "geometry": {"type": "Point", "coordinates": [26.094531, 44.441355]}, "properties": {"building_id": "v1_b_P001_b_mica", "batch_id": "P2_01", "locatable": "point", "precision": "site", "status": "single", "n_sources": "1", "n_agree": "1", "agreement_m": "", "outcome_1977": "collapsed", "outcome_quote": "prăbușire totală a corpului A dinspre Calea Victoriei", "status_today": "replaced", "status_source": "zf.ro 'Casele Bucureștilor (XXXVI)'; hartablocuri.ro; OSM Radisson Blu node (63-81)", "modern_address": "Calea Victoriei nr. 63-69 (azi parte din complexul Radisson Blu, Calea Victoriei 63-81), vizavi de Athénée Palace, București (sector 1)", "historic_address_note": "Blocul Nestor / Mica (Cofetăria Nestor, hotel Splendid Parc): Calea Victoriei 63-69, opposite the Athénée Palace; partly collapsed in 1977, the rear part was integrated into Hotel București, now Radisson Blu.", "dupacutremur_building_uid": "", "osm_footprint_ref": "", "wikidata": "", "confidence": "medium", "notes": "pass2: upgraded from a single address-range node to a site. Independent descriptions (press: opposite the Athénée Palace; hartablocuri: 63-69; summary: remnant absorbed into Hotel București / Radisson Blu) all point to the Radisson plot, which faces the Athénée Palace across Calea Victoriei in OSM too. The Radisson occupies 63-81, so the exact Nestor plot within it (the 63-69 southern part) is still approximate (tens of metres). The 'Mica' name (Mica mining society) is the report's own parenthesis.", "open_question": "Locate the 63-69 part within the Radisson plot using a 1970s aerial photo.", "review_note": "", "sources": "[{\"source\": \"osm\", \"ref\": \"node/1678136950\", \"lat\": 44.441355, \"lon\": 26.094531, \"precision\": \"site\", \"evidence\": \"OSM node 'Radisson Blu', Calea Victoriei 63-81, the hotel complex on the site (no polygon in OSM for the hotel).\", \"retrieved\": \"2026-10-05\", \"by\": \"agent\", \"d_m\": 0}, {\"source\": \"osm\", \"ref\": \"node/1726036465\", \"lat\": 44.4414019, \"lon\": 26.094556, \"precision\": \"address\", \"evidence\": \"Address-range node 63-81 Calea Victoriei (pass-1 candidate; same OSM family).\", \"retrieved\": \"2026-10-05\", \"by\": \"agent\", \"d_m\": 6}, {\"source\": \"osm\", \"ref\": \"way/232347742\", \"lat\": 44.441472, \"lon\": 26.095576, \"precision\": \"building\", \"evidence\": \"InterContinental Athénée Palace, ~90 m east across Calea Victoriei: context for 'opposite the Athénée Palace'.\", \"retrieved\": \"2026-10-05\", \"by\": \"agent\", \"d_m\": 84}, {\"source\": \"web\", \"ref\": \"https://www.hartablocuri.ro/cutremur/\", \"lat\": null, \"lon\": null, \"precision\": \"address\", \"evidence\": \"Nestor block, Calea Victoriei nr. 63-69, 1937, partially collapsed in 1977.\", \"retrieved\": \"2026-10-05\", \"by\": \"agent\"}, {\"source\": \"web\", \"ref\": \"https://www.zf.ro/ziarul-de-duminica/casele-bucurestilor-xxxvi-disparute-iv-la-cutremurul-din-1977-de-dr-alexandru-popescu-15254480\", \"lat\": null, \"lon\": null, \"precision\": \"street\", \"evidence\": \"Blocul Nestor on Calea Victoriei opposite the Athénée Palace Hotel, with the Nestor pastry shop and the Splendid Parc hotel.\", \"retrieved\": \"2026-10-05\", \"by\": \"agent\"}, {\"source\": \"web\", \"ref\": \"https://www.bucuresti.ro/articole/ucenicul-lui-grigore-capsa-i-a-devenit-rival-in-afaceri-povestea-celui-care-a-fondat-cofetaria-nestor-din-bucuresti-2290\", \"lat\": null, \"lon\": null, \"precision\": \"site\", \"evidence\": \"Search summary: rear part of the building left standing and integrated into Hotel București (now Radisson Blu).\", \"retrieved\": \"2026-10-05\", \"by\": \"agent\"}]", "checked_by": "agent (sonnet) + auto (s21)", "flags": "", "name": "Clădirea administrativă blocul Mica (cofetăria Nestor)", "type": "bc_administrativ", "class": "structure", "locality": "București", "address_1977": "Calea Victoriei nr.63-69", "period": "", "height": "S+P+M+7..8", "system": "ss_cadre_ba", "iv_classes": "", "iv_techniques": "", "iv_only_proposed": "", "outcome_unit": "v1_p0178_00"}}, {"type": "Feature", "id": "v1_b_P001_b_min_constr_masini", "geometry": {"type": "Point", "coordinates": [26.089026, 44.44768]}, "properties": {"building_id": "v1_b_P001_b_min_constr_masini", "batch_id": "P3_01", "locatable": "point", "precision": "site", "status": "verified", "n_sources": "2", "n_agree": "2", "agreement_m": "37", "outcome_1977": "moderate", "outcome_quote": "avariate la recentul cutremur", "status_today": "demolished", "status_source": "https://bucurestiivechisinoi.ro/2010/02/a-fost-odata-ministerul-industriei-constructiilor-de-masini/", "modern_address": "Calea Victoriei 133-135, București (sector 1) - site of the former MICM building", "historic_address_note": "Bucureștii Vechi și Noi (2010): the 1937-38 office palace of the Societatea Română a Poștelor at Calea Victoriei 133-135 housed the Ministry (1963 guide: Ministerul Metalurgiei și Construcțiilor de Mașini, later MICM); structure damaged in 1940 and 1977; demolished 2007.", "dupacutremur_building_uid": "", "osm_footprint_ref": "", "wikidata": "", "confidence": "medium", "notes": "Searches: WebSearch, WebFetch of the article, nom 133/135, osm-near, dupa victoriei 135. Point = mean of the address node and the register record (~25 m apart). Register shows a 1940 building although the article says the palace was demolished in 2007 - flag.", "open_question": "Check whether the register record a3nobw is a surviving/replacement building; confirm the ministry used this building in 1977 (a 1963 guide is the only dated source).", "review_note": "", "sources": "[{\"source\": \"osm\", \"ref\": \"node/1726036388\", \"lat\": 44.4475937, \"lon\": 26.08948, \"precision\": \"address\", \"evidence\": \"Nominatim address point 133-135 Calea Victoriei\", \"retrieved\": \"2026-10-05\", \"by\": \"agent\", \"d_m\": 37}, {\"source\": \"dupacutremur\", \"ref\": \"a3nobw\", \"lat\": 44.447767, \"lon\": 26.089252, \"precision\": \"address\", \"evidence\": \"Register record Calea Victoriei 135, S+P+9E, built 1940 (needs_review; may be a stale or neighbouring record)\", \"retrieved\": \"2026-10-05\", \"by\": \"agent\", \"d_m\": 20}, {\"source\": \"web\", \"ref\": \"https://bucurestiivechisinoi.ro/2010/02/a-fost-odata-ministerul-industriei-constructiilor-de-masini/\", \"lat\": null, \"lon\": null, \"precision\": \"address\", \"evidence\": \"Ministry seat at Calea Victoriei 133-135, demolished 2007\", \"retrieved\": \"2026-10-05\", \"by\": \"agent\"}]", "checked_by": "agent (sonnet) + auto (s21)", "flags": "", "name": "Ministerul Industriei Construcțiilor de Mașini", "type": "bc_administrativ", "class": "structure", "locality": "București", "address_1977": "", "period": "", "height": "", "system": "", "iv_classes": "", "iv_techniques": "", "iv_only_proposed": "", "outcome_unit": "v1_p0178_06"}}, {"type": "Feature", "id": "v1_b_P001_b_palatul_justitiei", "geometry": {"type": "Point", "coordinates": [26.099315, 44.428714]}, "properties": {"building_id": "v1_b_P001_b_palatul_justitiei", "batch_id": "G02", "locatable": "point", "precision": "building", "status": "verified", "n_sources": "2", "n_agree": "2", "agreement_m": "30", "outcome_1977": "moderate", "outcome_quote": "fisuri în pilaștrii de zidărie", "status_today": "standing", "status_source": "OSM relation/2230395; Wikipedia/Wikidata Q3361010", "modern_address": "Palatul de Justitie, Splaiul Independentei 5, Bucuresti (sector 4)", "historic_address_note": "Palace of Justice (1890-95), same building today.", "dupacutremur_building_uid": "", "osm_footprint_ref": "relation/2230395", "wikidata": "Q3361010", "confidence": "high", "notes": "Two sources agree within 35 m. Wikipedia (web search) gives 44.4288 N 26.0990 E, same origin family as Wikidata. The only Palace of Justice in Bucharest.", "open_question": "", "review_note": "", "sources": "[{\"source\": \"osm\", \"ref\": \"relation/2230395\", \"lat\": 44.4287142, \"lon\": 26.0993154, \"precision\": \"building\", \"evidence\": \"Nominatim: Palatul de Justitie, 5 Splaiul Independentei.\", \"retrieved\": \"2026-10-05\", \"by\": \"agent+auto\", \"d_m\": 0}, {\"source\": \"wikidata\", \"ref\": \"Q3361010\", \"lat\": 44.4288, \"lon\": 26.09896, \"precision\": \"building\", \"evidence\": \"Wikidata: Palatul de Justitie din Bucuresti, courthouse.\", \"retrieved\": \"2026-10-05\", \"by\": \"agent+auto\", \"d_m\": 30}]", "checked_by": "agent (sonnet) + auto (s21)", "flags": "", "name": "Palatul Justiției", "type": "bc_monument", "class": "structure", "locality": "București", "address_1977": "", "period": "", "height": "", "system": "ss_zidarie", "iv_classes": "", "iv_techniques": "", "iv_only_proposed": "", "outcome_unit": "v1_p0178_07"}}, {"type": "Feature", "id": "v1_b_P001_b_palatul_mttc", "geometry": {"type": "Point", "coordinates": [26.07723, 44.444491]}, "properties": {"building_id": "v1_b_P001_b_palatul_mttc", "batch_id": "P2_01", "locatable": "point", "precision": "building", "status": "single", "n_sources": "1", "n_agree": "1", "agreement_m": "", "outcome_1977": "moderate", "outcome_quote": "numeroase fisuri și crăpături la zidăria de umplutură și pereții despărțitori; avarii similare și în 1940", "status_today": "standing", "status_source": "OSM way/405553833 (office=government); adevarul.ro/digi24 articles on the Ministry of Transport in Palatul CFR", "modern_address": "Palatul CFR (Ministerul Transporturilor), Bd. Dinicu Golescu nr. 38, București (sector 1)", "historic_address_note": "Palatul administrativ MTTc = Palatul CFR, Bd. Dinicu Golescu 38 (Wikidata/LMI address); begun 1937, welded steel frame in protective concrete, facing Gara de Nord.", "dupacutremur_building_uid": "", "osm_footprint_ref": "way/405553833 (12 levels, office=government: the front block P+11; with way/405553834 and way/405553835, 10 levels, the side wings)", "wikidata": "Q12737404", "confidence": "medium", "notes": "pass2: tightened to the building footprint. The only 12-level polygon in the complex (way/405553833) matches the report's P+11 front block, with two 10-level wings (P+8 in the report) beside it, so the three OSM polygons reproduce the report's massing. Identity (welded steel frame, Dinicu Golescu, Gara de Nord) is confirmed by press and the LMI item's address; coordinates still come only from OSM, so confidence stays medium. The register's Dinicu Golescu 23-25 (P+11, 1960) is a different building.", "open_question": "", "review_note": "", "sources": "[{\"source\": \"osm\", \"ref\": \"way/405553833\", \"lat\": 44.444491, \"lon\": 26.07723, \"precision\": \"building\", \"evidence\": \"OSM 12-level government office building on Bd. Dinicu Golescu: the front block (report: P+11, 58 m).\", \"retrieved\": \"2026-10-05\", \"by\": \"agent\", \"d_m\": 0}, {\"source\": \"osm\", \"ref\": \"relation/3226681\", \"lat\": 44.4442549, \"lon\": 26.0772077, \"precision\": \"building\", \"evidence\": \"Pass-1 candidate: OSM/Nominatim 'Ministerul Transporturilor, 38 Bd. Dinicu Golescu' (same OSM family; ~26 m from the footprint).\", \"retrieved\": \"2026-10-05\", \"by\": \"agent\", \"d_m\": 26}, {\"source\": \"wikidata\", \"ref\": \"Q12737404\", \"lat\": null, \"lon\": null, \"precision\": \"address\", \"evidence\": \"Palatul CFR (LMI heritage item): address Bd. Dinicu Golescu 38 sector 1; no coordinates on the item.\", \"retrieved\": \"2026-10-05\", \"by\": \"agent\"}, {\"source\": \"web\", \"ref\": \"https://adevarul.ro/ (pass-1 search: adevarul.ro / digi24 / newsweek lift-incident articles)\", \"lat\": null, \"lon\": null, \"precision\": \"address\", \"evidence\": \"Press: the ministry sits in Palatul CFR on Bd. Dinicu Golescu; first civil building on a welded steel frame in Romania (pass-1 finding, no URL kept).\", \"retrieved\": \"2026-10-05\", \"by\": \"agent\"}]", "checked_by": "agent (sonnet) + auto (s21)", "flags": "", "name": "Palatul administrativ MTTc", "type": "bc_administrativ", "class": "structure", "locality": "București", "address_1977": "Bd. Dinicu Golescu", "period": "", "height": "P+11 / P+8", "system": "ss_metalic", "iv_classes": "", "iv_techniques": "", "iv_only_proposed": "", "outcome_unit": "v1_p0179_02"}}, {"type": "Feature", "id": "v1_b_P001_b_palatul_telefoanelor", "geometry": {"type": "Point", "coordinates": [26.097463, 44.436304]}, "properties": {"building_id": "v1_b_P001_b_palatul_telefoanelor", "batch_id": "G02", "locatable": "point", "precision": "building", "status": "verified", "n_sources": "2", "n_agree": "2", "agreement_m": "8", "outcome_1977": "severe", "outcome_quote": "avarii în zona scării și lifturilor, fisuri în planșee, deplasări remanente de 10...15 cm la cadrele longitudinale din fațadă", "status_today": "standing", "status_source": "OSM way/34910669; Wikipedia (ro): strengthening 1995-2005", "modern_address": "Palatul Telefoanelor, Calea Victoriei 37, Bucuresti (sector 1)", "historic_address_note": "Report says Calea Victoriei; neighbours: nr. 33 (to the south) mentioned as possible collision partner, consistent with no. 37.", "dupacutremur_building_uid": "", "osm_footprint_ref": "way/34910669", "wikidata": "", "confidence": "high", "notes": "Two sources agree within 10 m and the Wikipedia article mentions the 1977 damage and a later 10-year strengthening.", "open_question": "", "review_note": "", "sources": "[{\"source\": \"osm\", \"ref\": \"way/34910669\", \"lat\": 44.4363042, \"lon\": 26.0974633, \"precision\": \"building\", \"evidence\": \"Nominatim: Palatul Telefoanelor, 37 Calea Victoriei.\", \"retrieved\": \"2026-10-05\", \"by\": \"agent+auto\", \"d_m\": 0}, {\"source\": \"wikipedia\", \"ref\": \"https://ro.wikipedia.org/wiki/Palatul_Telefoanelor_din_Bucure%C8%99ti\", \"lat\": 44.436294, \"lon\": 26.097567, \"precision\": \"building\", \"evidence\": \"ro Wikipedia coordinates for the Telephone Palace, Calea Victoriei 37; mentions 1977 earthquake damage.\", \"retrieved\": \"2026-10-05\", \"by\": \"agent\", \"d_m\": 8}]", "checked_by": "agent (sonnet) + auto (s21)", "flags": "", "name": "Palatul telefoanelor", "type": "bc_administrativ", "class": "structure", "locality": "București", "address_1977": "Calea Victoriei", "period": "", "height": "P+2 până la P+10", "system": "ss_metalic", "iv_classes": "", "iv_techniques": "", "iv_only_proposed": "", "outcome_unit": "v1_p0179_02"}}, {"type": "Feature", "id": "v1_b_P001_b_pherikyde", "geometry": {"type": "Point", "coordinates": [26.101156, 44.439138]}, "properties": {"building_id": "v1_b_P001_b_pherikyde", "batch_id": "P2_02", "locatable": "point", "precision": "address", "status": "single", "n_sources": "1", "n_agree": "1", "agreement_m": "", "outcome_1977": "severe", "outcome_quote": "gradul foarte ridicat de avariere suferit la cutremurul din 4.03.1977", "status_today": "standing", "status_source": "https://www.hartablocuri.ro/cutremur/ ; https://observatornews.ro (listed monument, occupied)", "modern_address": "Blocul Pherekyde, Bd. Nicolae Bălcescu 24, București (sector 1)", "historic_address_note": "Bd. Bălcescu 24 in 1977: street keeps its name; arhitectura-1906 (State Baloșin itinerary) and hartablocuri.ro both give 'Bd. N. Bălcescu 24' for the Pherekyde block (built 1934 / 1928 per sources; observatornews says 1913). Not to be confused with the other 'Pherekyde' block at Calea Victoriei 122 (arch. T. Niga, 1936; e-zeppelin.ro).", "dupacutremur_building_uid": "", "osm_footprint_ref": "way/232464718 (apartments polygon touching the address node; no tags, identity inferred from position next to node 24)", "wikidata": "", "confidence": "high", "notes": "pass2: address 24 now confirmed by three independent web families (architect itinerary, hartablocuri list, press) besides the report's own 7 mentions; coordinates still come from one family (OSM address node), but the address is unambiguous and the footprint polygon adjoins the node. Not in the seismic register at no. 24 (dupa returns 0 matches). Year-built discrepancy across sources (1913/1928/1934) does not affect location. Wilson (no. 25) and Lengyel (no. 28) are on the same boulevard.", "open_question": "Heritage-list (LMI B-II-m-B) code not retrieved; OSM polygon way/232464718 carries no tags, so the exact footprint (it may be one wing of two adjoining polygons, e.g. way/232464726) should be confirmed on imagery.", "review_note": "", "sources": "[{\"source\": \"osm\", \"ref\": \"node/2379858967\", \"lat\": 44.4391375, \"lon\": 26.1011556, \"precision\": \"address\", \"evidence\": \"OSM/Nominatim address node 24 Bd. Nicolae Bălcescu (Piața Romană area).\", \"retrieved\": \"2026-10-05\", \"by\": \"agent\", \"d_m\": 0}, {\"source\": \"osm\", \"ref\": \"way/232464718\", \"lat\": 44.439065, \"lon\": 26.101157, \"precision\": \"building\", \"evidence\": \"Untagged OSM 'apartments' polygon (44.43888-44.43921 N, 26.10083-26.10147 E) containing/adjoining node 24 and reaching the Bălcescu frontage; probable footprint of the block, not named in OSM.\", \"retrieved\": \"2026-10-05\", \"by\": \"agent\", \"d_m\": 8}, {\"source\": \"web\", \"ref\": \"https://arhitectura-1906.ro/2013/08/itinerar-de-arhitect-state-balosin/\", \"lat\": null, \"lon\": null, \"precision\": \"address\", \"evidence\": \"Architect itinerary lists 'Blocul Pherekyde, Bd. N. Bălcescu 24 (1934)', by State Baloșin; address only.\", \"retrieved\": \"2026-10-05\", \"by\": \"agent\"}, {\"source\": \"web\", \"ref\": \"https://www.hartablocuri.ro/cutremur/\", \"lat\": null, \"lon\": null, \"precision\": \"address\", \"evidence\": \"List of 1977/1940 damaged blocks: 'Bulevardul Nicolae Bălcescu nr. 24 (Pherekyde)', P+12, 119 apartments; address only.\", \"retrieved\": \"2026-10-05\", \"by\": \"agent\"}, {\"source\": \"web\", \"ref\": \"https://observatornews.ro/eveniment/un-bloc-din-bucuresti-monument-istoric-mutilat-de-un-locatar-vecinii-au-sesizat-politia-dar-proprietarul-e-relaxat-vedem-ce-vorbim-si-asta-e-528160.html\", \"lat\": null, \"lon\": null, \"precision\": \"street\", \"evidence\": \"Pherekyde block on Bd. Nicolae Bălcescu is a listed monument in a protected zone; no number in the article.\", \"retrieved\": \"2026-10-05\", \"by\": \"agent\"}]", "checked_by": "agent (sonnet) + auto (s21)", "flags": "", "name": "blocul Pherikyde", "type": "bc_bloc", "class": "structure", "locality": "București", "address_1977": "Bd. Bălcescu 24 | Bd.Bălcescu 24 | București, Bd. Bălcescu 24", "period": "interbelic", "height": "2S+P+12E", "system": "ss_cadre_ba", "iv_classes": "supports;local;temporary", "iv_techniques": "ms_consolidare_locala;ms_elemente_suplimentare;ms_fibre_sticla;ms_injectare;ms_sprijinire", "iv_only_proposed": "0", "outcome_unit": "v1_p0375_04"}}, {"type": "Feature", "id": "v1_b_P001_b_spital_caritas", "geometry": {"type": "Point", "coordinates": [26.11843, 44.428106]}, "properties": {"building_id": "v1_b_P001_b_spital_caritas", "batch_id": "P3_01", "locatable": "point", "precision": "site", "status": "verified", "n_sources": "2", "n_agree": "2", "agreement_m": "22", "outcome_1977": "moderate", "outcome_quote": "proiect IPCT: cămășuirea unor stâlpi și grinzi, remedierea zidăriei, 6 stâlpi noi la parter și etajul I", "status_today": "unknown", "status_source": "https://ro.wikipedia.org/wiki/Spitalul_Caritas_din_Bucure%C8%99ti (hospital closed 2011; press reports demolition of the former building)", "modern_address": "Str. Traian 29, București (sector 3) - former Spitalul Caritas site", "historic_address_note": "Photo volume (Foto 60a/b) gives Str. Traian nr. 29; street name unchanged. Wikipedia ro (Spitalul Caritas din București) gives the same address.", "dupacutremur_building_uid": "", "osm_footprint_ref": "way/84203454 (Spitalul Clinic Caritas, historic=yes)", "wikidata": "Q65250404", "confidence": "high", "notes": "Searches: nom Spitalul Caritas, nom Str. Traian 29, wd, osm-near, dupa traian 29 (0), WebSearch. OSM way and Wikidata agree within ~30 m; point is their mean. The 'Pavilionul clinic medical' is one building of the complex, which is not separately identified, hence precision site.", "open_question": "Which pavilion of the complex was the clinical medical pavilion; current status of buildings (partial demolition reported).", "review_note": "", "sources": "[{\"source\": \"osm\", \"ref\": \"way/84203454\", \"lat\": 44.428294, \"lon\": 26.118338, \"precision\": \"site\", \"evidence\": \"OSM object 'Spitalul Clinic Caritas - Academician Nicolae Cajal', historic=yes, on Str. Traian\", \"retrieved\": \"2026-10-05\", \"by\": \"agent\", \"d_m\": 22}, {\"source\": \"wikidata\", \"ref\": \"Q65250404\", \"lat\": 44.4279172341692, \"lon\": 26.118523342771194, \"precision\": \"site\", \"evidence\": \"Wikidata item of Spitalul Caritas din București, coordinates on the same plot\", \"retrieved\": \"2026-10-05\", \"by\": \"agent+auto\", \"d_m\": 22}, {\"source\": \"web\", \"ref\": \"https://ro.wikipedia.org/wiki/Spitalul_Caritas_din_Bucure%C8%99ti\", \"lat\": null, \"lon\": null, \"precision\": \"address\", \"evidence\": \"Hospital at Str. Traian 29, Sector 3, active 1880-2011\", \"retrieved\": \"2026-10-05\", \"by\": \"agent\"}]", "checked_by": "agent (sonnet) + auto (s21)", "flags": "", "name": "spitalul Caritas", "type": "bc_spital", "class": "structure", "locality": "București", "address_1977": "", "period": "", "height": "S+P+4", "system": "ss_zidarie", "iv_classes": "supports;local", "iv_techniques": "ms_camasuire;ms_elemente_suplimentare", "iv_only_proposed": "0", "outcome_unit": "v1_p0178_06"}}, {"type": "Feature", "id": "v1_b_P001_b_spital_chirurgie_plastica", "geometry": {"type": "Point", "coordinates": [26.079366, 44.4587]}, "properties": {"building_id": "v1_b_P001_b_spital_chirurgie_plastica", "batch_id": "P3_01", "locatable": "point", "precision": "building", "status": "verified", "n_sources": "2", "n_agree": "2", "agreement_m": "10", "outcome_1977": "moderate", "outcome_quote": "avariate la recentul cutremur", "status_today": "standing", "status_source": "OSM way/244846500", "modern_address": "Str. Arh. Ion Mincu 7, București (sector 1) - Spitalul Clinic de Urgență Prof. Dr. Agrippa Ionescu", "historic_address_note": "From 1958 to c.1989 the Clinical Hospital of Traumatology, Plastic and Reconstructive Surgery was at Str. Arhitect Mincu nr. 7 (arsuri.ro/istoric; ro.wikipedia Agrippa Ionescu); the move to Calea Griviței 218 was in 1993. Identification with the report's 'spitalul de Chirurgie-plastică' is inferred.", "dupacutremur_building_uid": "", "osm_footprint_ref": "way/244846500", "wikidata": "Q42767884", "confidence": "medium", "notes": "Searches: WebSearch (x2), WebFetch arsuri.ro, nom Arh. Ion Mincu 7, osm-near, dupa mincu 7 (0). Not the Calea Griviței 218 site (occupied only from 1993).", "open_question": "The report gives no address; the identification rests on the hospital's name and its documented 1977 seat.", "review_note": "", "sources": "[{\"source\": \"osm\", \"ref\": \"way/244846500\", \"lat\": 44.4587, \"lon\": 26.079366, \"precision\": \"building\", \"evidence\": \"Hospital building at Str. Arh. Ion Mincu 7 (wikidata Q42767884)\", \"retrieved\": \"2026-10-05\", \"by\": \"agent\", \"d_m\": 0}, {\"source\": \"web\", \"ref\": \"https://arsuri.ro/istoric/\", \"lat\": null, \"lon\": null, \"precision\": \"address\", \"evidence\": \"Plastic surgery hospital located at Str. Arhitect Mincu nr. 7 in 1958-1989\", \"retrieved\": \"2026-10-05\", \"by\": \"agent\"}, {\"source\": \"web\", \"ref\": \"https://ro.wikipedia.org/wiki/Agrippa_Ionescu\", \"lat\": null, \"lon\": null, \"precision\": \"address\", \"evidence\": \"Hospital founded 1958 at Str. Arh. Ion Mincu 7\", \"retrieved\": \"2026-10-05\", \"by\": \"agent\"}, {\"source\": \"wikidata\", \"ref\": \"Q42767884\", \"lat\": 44.458634, \"lon\": 26.079451, \"precision\": \"building\", \"evidence\": \"Wikidata P625\", \"retrieved\": \"2026-10-05\", \"by\": \"auto\", \"d_m\": 10}]", "checked_by": "agent (sonnet) + auto (s21)", "flags": "", "name": "spitalul de Chirurgie-plastică", "type": "bc_spital", "class": "structure", "locality": "București", "address_1977": "", "period": "", "height": "", "system": "", "iv_classes": "", "iv_techniques": "", "iv_only_proposed": "", "outcome_unit": "v1_p0178_06"}}, {"type": "Feature", "id": "v1_b_P001_b_spital_colentina", "geometry": {"type": "Point", "coordinates": [26.1135, 44.45427]}, "properties": {"building_id": "v1_b_P001_b_spital_colentina", "batch_id": "G02", "locatable": "point", "precision": "site", "status": "verified", "n_sources": "2", "n_agree": "2", "agreement_m": "53", "outcome_1977": "unknown", "outcome_quote": "", "status_today": "standing", "status_source": "OSM way/242479478; Wikidata Q30280101 / Q110132388", "modern_address": "Spitalul Clinic Colentina, Sos. Stefan cel Mare 19-21, Bucuresti (sector 2)", "historic_address_note": "Hospital site unchanged; report gives the name only.", "dupacutremur_building_uid": "", "osm_footprint_ref": "way/242479478", "wikidata": "Q30280101", "confidence": "medium", "notes": "Two sources agree within 60 m at the hospital site. The report does not say which pavilion was damaged, so the site-level point is used. Hospital is a large campus.", "open_question": "Which pavilions were damaged is not stated.", "review_note": "", "sources": "[{\"source\": \"osm\", \"ref\": \"way/242479478\", \"lat\": 44.4542656, \"lon\": 26.1135048, \"precision\": \"site\", \"evidence\": \"Nominatim: Spitalul Clinic Colentina, 19-21 Sos. Stefan cel Mare.\", \"retrieved\": \"2026-10-05\", \"by\": \"agent\", \"d_m\": 1}, {\"source\": \"wikidata\", \"ref\": \"Q30280101\", \"lat\": 44.453796, \"lon\": 26.113551, \"precision\": \"site\", \"evidence\": \"Wikidata: Spitalul Clinic Colentina, hospital in Bucharest.\", \"retrieved\": \"2026-10-05\", \"by\": \"agent+auto\", \"d_m\": 53}]", "checked_by": "agent (sonnet) + auto (s21)", "flags": "", "name": "spitalul Colentina", "type": "bc_spital", "class": "structure", "locality": "București", "address_1977": "", "period": "", "height": "", "system": "", "iv_classes": "", "iv_techniques": "", "iv_only_proposed": "", "outcome_unit": ""}}, {"type": "Feature", "id": "v1_b_P001_b_spital_coltea", "geometry": {"type": "Point", "coordinates": [26.103984, 44.434508]}, "properties": {"building_id": "v1_b_P001_b_spital_coltea", "batch_id": "G02", "locatable": "point", "precision": "site", "status": "verified", "n_sources": "2", "n_agree": "2", "agreement_m": "9", "outcome_1977": "unknown", "outcome_quote": "", "status_today": "standing", "status_source": "OSM relation/2184619; Wikidata Q15647350", "modern_address": "Spitalul Clinic Coltea, Bd. Ion C. Bratianu 1, Bucuresti (sector 3)", "historic_address_note": "Hospital site unchanged since the 18th century; report gives the name only.", "dupacutremur_building_uid": "", "osm_footprint_ref": "relation/2184619", "wikidata": "Q15647350", "confidence": "medium", "notes": "Two sources agree within 10 m, but Wikidata coordinates may derive from OSM, so independence is weak. Unambiguous hospital name.", "open_question": "", "review_note": "", "sources": "[{\"source\": \"osm\", \"ref\": \"relation/2184619\", \"lat\": 44.4344515, \"lon\": 26.1038967, \"precision\": \"site\", \"evidence\": \"Nominatim: Spitalul Clinic Coltea, Bd. Ion Constantin Bratianu.\", \"retrieved\": \"2026-10-05\", \"by\": \"agent\", \"d_m\": 9}, {\"source\": \"wikidata\", \"ref\": \"Q15647350\", \"lat\": 44.434508, \"lon\": 26.103984, \"precision\": \"site\", \"evidence\": \"Wikidata: Colțea Hospital, Bucharest.\", \"retrieved\": \"2026-10-05\", \"by\": \"agent+auto\", \"d_m\": 0}]", "checked_by": "agent (sonnet) + auto (s21)", "flags": "", "name": "spitalul Colțea", "type": "bc_spital", "class": "structure", "locality": "București", "address_1977": "", "period": "", "height": "", "system": "", "iv_classes": "", "iv_techniques": "", "iv_only_proposed": "", "outcome_unit": ""}}, {"type": "Feature", "id": "v1_b_P001_b_spital_fundeni", "geometry": {"type": "Point", "coordinates": [26.155953, 44.465434]}, "properties": {"building_id": "v1_b_P001_b_spital_fundeni", "batch_id": "P2_02", "locatable": "point", "precision": "site", "status": "verified", "n_sources": "2", "n_agree": "2", "agreement_m": "24", "outcome_1977": "moderate", "outcome_quote": "deteriorări la stâlpi, grinzi și zidărie; avarii la corpul mai înalt prin ciocnire cu corpuri mai joase", "status_today": "standing", "status_source": "OSM way/37196543; Wikidata Q12730478", "modern_address": "Institutul Clinic Fundeni (Spitalul Fundeni), Șos. Fundeni 258, București (sector 2)", "historic_address_note": "Spitalul Fundeni = today's Institutul Clinic Fundeni (Wikidata Q12730478; OSM campus polygon named 'Spitalul Fundeni' carries the same wikidata).", "dupacutremur_building_uid": "", "osm_footprint_ref": "way/37196543 (Clădirea A, hospital) within campus way/23737371", "wikidata": "Q12730478", "confidence": "high", "notes": "pass2: second independent family (Wikidata) agrees within ~25 m; campus polygon agrees at ~100 m. The report names only the hospital, not which block; the taller body hit by the lower ones' roof terrace is not identifiable, so precision stays 'site'.", "open_question": "Which wing is the taller body that was hit by pounding (needs the annex / photos).", "review_note": "", "sources": "[{\"source\": \"osm\", \"ref\": \"way/37196543\", \"lat\": 44.465434, \"lon\": 26.1559525, \"precision\": \"site\", \"evidence\": \"OSM hospital building 'Institutul Clinic Fundeni (Clădirea A)', 258 Șos. Fundeni.\", \"retrieved\": \"2026-10-05\", \"by\": \"agent\", \"d_m\": 0}, {\"source\": \"wikidata\", \"ref\": \"Q12730478\", \"lat\": 44.46564714366578, \"lon\": 26.15599506853488, \"precision\": \"site\", \"evidence\": \"Wikidata item Institutul Clinic Fundeni (hospital), coordinates ~24 m from the OSM building.\", \"retrieved\": \"2026-10-05\", \"by\": \"agent+auto\", \"d_m\": 24}, {\"source\": \"osm\", \"ref\": \"way/23737371\", \"lat\": 44.465057, \"lon\": 26.1572, \"precision\": \"area\", \"evidence\": \"OSM hospital campus polygon 'Spitalul Fundeni' (wikidata Q12730478); centre ~100 m east, whole-campus level.\", \"retrieved\": \"2026-10-05\", \"by\": \"agent\", \"d_m\": 108}]", "checked_by": "agent (sonnet) + auto (s21)", "flags": "", "name": "spitalul Fundeni", "type": "bc_spital", "class": "structure", "locality": "București", "address_1977": "", "period": "", "height": "", "system": "ss_cadre_ba", "iv_classes": "", "iv_techniques": "", "iv_only_proposed": "", "outcome_unit": "v1_p0178_06"}}, {"type": "Feature", "id": "v1_b_P001_b_spital_grivita", "geometry": {"type": "Point", "coordinates": [26.078956, 44.456453]}, "properties": {"building_id": "v1_b_P001_b_spital_grivita", "batch_id": "P3_01", "locatable": "point", "precision": "address", "status": "single", "n_sources": "1", "n_agree": "1", "agreement_m": "", "outcome_1977": "moderate", "outcome_quote": "avariate la recentul cutremur", "status_today": "standing", "status_source": "OSM node/1170044778; https://spitalsfmaria.ro", "modern_address": "Bd. Ion Mihalache 37-39, București (sector 1) - Spitalul Clinic Sfânta Maria (fost Grivița)", "historic_address_note": "Foto 59a-d: Bd. 1 Mai nr. 37 = Bd. Ion Mihalache (renaming in data/street_renamings.csv, 'probable'). Hospital known for long as Spitalul Grivița, now Sf. Maria, at Ion Mihalache 37-39.", "dupacutremur_building_uid": "", "osm_footprint_ref": "way/156654280 (6 levels)", "wikidata": "Q124711740", "confidence": "medium", "notes": "Searches: nom, wd, osm-near, WebSearch. The OSM building and node are both OSM (same family); web page confirms the Grivița=Sf. Maria identity and address. Report says P+6 (7 levels) vs OSM 6 levels, so the exact building within the complex is not certain.", "open_question": "Confirm which block of the complex is the P+6 framed building.", "review_note": "", "sources": "[{\"source\": \"osm\", \"ref\": \"way/156654280\", \"lat\": 44.456453, \"lon\": 26.078956, \"precision\": \"building\", \"evidence\": \"Building at the hospital point, 6 levels\", \"retrieved\": \"2026-10-05\", \"by\": \"agent\", \"d_m\": 0}, {\"source\": \"osm\", \"ref\": \"node/1170044778\", \"lat\": 44.4564896, \"lon\": 26.0790405, \"precision\": \"address\", \"evidence\": \"Spitalul Clinic Sfânta Maria, Bd. Ion Mihalache 37-39\", \"retrieved\": \"2026-10-05\", \"by\": \"agent+auto\", \"d_m\": 8}, {\"source\": \"web\", \"ref\": \"https://www.bucuresteni.ro/despre/spitalul-clinic-grivita-sfanta-maria/\", \"lat\": null, \"lon\": null, \"precision\": \"address\", \"evidence\": \"Hospital named Spitalul Clinic Grivița - Sfânta Maria, Ion Mihalache 37-39\", \"retrieved\": \"2026-10-05\", \"by\": \"agent\"}]", "checked_by": "agent (sonnet) + auto (s21)", "flags": "", "name": "spitalul Grivița", "type": "bc_spital", "class": "structure", "locality": "București", "address_1977": "", "period": "", "height": "", "system": "", "iv_classes": "", "iv_techniques": "", "iv_only_proposed": "", "outcome_unit": "v1_p0178_06"}}, {"type": "Feature", "id": "v1_b_P001_b_wilson", "geometry": {"type": "Point", "coordinates": [26.100129, 44.439379]}, "properties": {"building_id": "v1_b_P001_b_wilson", "batch_id": "P2_02", "locatable": "point", "precision": "address", "status": "probable", "n_sources": "2", "n_agree": "1", "agreement_m": "", "outcome_1977": "collapsed", "outcome_quote": "zona de colț prăbușită la cutremur", "status_today": "standing", "status_source": "https://newsweek.ro/istorie/blocul-wilson-unicul-din-europa-centrala-si-de-est-numit-dupa-un-presedinte-al-sua-prabusit-partial-in-1977 ; bucurestiivechisinoi.ro (corner rebuilt after 1977, set back ~4 m)", "modern_address": "Blocul Wilson, Bd. Nicolae Bălcescu 25, colț cu Str. Dem. I. Dobrescu 13, București (sector 1)", "historic_address_note": "Bd. Bălcescu 25 unchanged. 'Strada Wilson'/Oneşti = today's Str. Dem. I. Dobrescu (Newsweek.ro; arhitectura-1906 gives 'Bd. N. Bălcescu 25 colț cu str. Dem. Dobrescu 13', 1933).", "dupacutremur_building_uid": "", "osm_footprint_ref": "way/337861945 (apartments, 11 levels, 'Sc. A'; probable part of the Wilson block)", "wikidata": "", "confidence": "high", "notes": "pass2: address 25 + Dobrescu corner now confirmed by four web families (architect itinerary, hartablocuri, Newsweek, bucurestiivechisinoi) besides OSM; coordinates rest on the OSM address node and on the footprint adjacent to the Dobrescu junction (~23 m). Collapsed corner was rebuilt set back ~4 m, so the historic corner differs from today's by metres only.", "open_question": "way/337861945 (Sc. A) is probably one of several polygons forming the Wilson block (Sc. 2 etc.); confirm the full footprint on imagery.", "review_note": "", "sources": "[{\"source\": \"osm\", \"ref\": \"node/2379858960\", \"lat\": 44.4393792, \"lon\": 26.1001292, \"precision\": \"address\", \"evidence\": \"OSM address node 25 Bd. Nicolae Bălcescu at the Dobrescu junction.\", \"retrieved\": \"2026-10-05\", \"by\": \"agent\", \"d_m\": 0}, {\"source\": \"osm\", \"ref\": \"way/337861945\", \"lat\": 44.439357, \"lon\": 26.09986, \"precision\": \"building\", \"evidence\": \"OSM apartments polygon, 11 levels, north of Dobrescu and west of Bălcescu; matches 'corner of Bălcescu x Dobrescu' and the 11-level height after the corner was rebuilt lower.\", \"retrieved\": \"2026-10-05\", \"by\": \"agent\", \"d_m\": 22}, {\"source\": \"web\", \"ref\": \"https://arhitectura-1906.ro/2013/08/itinerar-de-arhitect-state-balosin/\", \"lat\": null, \"lon\": null, \"precision\": \"address\", \"evidence\": \"Architect itinerary: Wilson (Imobilul Creditul Rural), Bd. N. Bălcescu 25 colț cu str. Dem. Dobrescu 13, 1933; address only.\", \"retrieved\": \"2026-10-05\", \"by\": \"agent\"}, {\"source\": \"web\", \"ref\": \"https://newsweek.ro/istorie/blocul-wilson-unicul-din-europa-centrala-si-de-est-numit-dupa-un-presedinte-al-sua-prabusit-partial-in-1977\", \"lat\": 44.4391, \"lon\": 26.1001, \"precision\": \"street\", \"evidence\": \"Article: block at corner Bălcescu x Str. Wilson (now Dobrescu); coordinate is read off OSM street geometry, so NOT independent in coordinates (pass-1 candidate kept for traceability).\", \"retrieved\": \"2026-10-05\", \"by\": \"agent\", \"d_m\": 31}, {\"source\": \"web\", \"ref\": \"https://www.hartablocuri.ro/cutremur/\", \"lat\": null, \"lon\": null, \"precision\": \"address\", \"evidence\": \"List of damaged blocks: 'Bulevardul Nicolae Bălcescu nr. 25 (Wilson)', built 1933, 11 floors; address only.\", \"retrieved\": \"2026-10-05\", \"by\": \"agent\"}]", "checked_by": "agent (sonnet) + auto (s21)", "flags": "", "name": "blocul Wilson", "type": "bc_bloc", "class": "structure", "locality": "București", "address_1977": "Bd. Bălcescu 25 | București, Bd. Bălcescu 25", "period": "interbelic", "height": "2S+P+11E", "system": "ss_cadre_ba", "iv_classes": "local", "iv_techniques": "ms_camasuire;ms_rebetonare", "iv_only_proposed": "0", "outcome_unit": "v1_p0175_02"}}, {"type": "Feature", "id": "v1_b_X004_b_bloc_e5_balta_alba", "geometry": {"type": "Point", "coordinates": [26.168104, 44.42042]}, "properties": {"building_id": "v1_b_X004_b_bloc_e5_balta_alba", "batch_id": "P2_02", "locatable": "area", "precision": "area", "status": "area", "n_sources": "1", "n_agree": "1", "agreement_m": "", "outcome_1977": "unknown", "outcome_quote": "", "status_today": "unknown", "status_source": "", "modern_address": "Cartierul Balta Albă (Titan - Balta Albă), București sector 3", "historic_address_note": "Block 'E.5' in Balta Albă; no street or number printed. Sector-3 documents use letter+digit block names there (N5 Bd. Camil Ressu, M1, A6...), so an 'E5' may exist but was not found.", "dupacutremur_building_uid": "", "osm_footprint_ref": "way/230446519 (neighbourhood polygon only)", "wikidata": "", "confidence": "low", "notes": "pass2: no further evidence found. Searched the OSM Nominatim index for 'Bloc E5' (nothing) and the web for the INCERC records (nothing beyond the name). Point = neighbourhood centroid only.", "open_question": "INCERC strong-motion catalogue (Balta Albă station coordinates) or Sector 3 block lists (E5) would resolve it.", "review_note": "", "sources": "[{\"source\": \"osm\", \"ref\": \"way/230446519\", \"lat\": 44.4204204, \"lon\": 26.1681043, \"precision\": \"area\", \"evidence\": \"OSM suburb polygon 'Titan - Balta Albă'; no block-level object named E5 found.\", \"retrieved\": \"2026-10-05\", \"by\": \"agent\", \"d_m\": 0}, {\"source\": \"web\", \"ref\": \"INCERC/AGIR/UTCB papers (search result)\", \"lat\": null, \"lon\": null, \"precision\": \"area\", \"evidence\": \"Papers confirm the INCERC MO-2 accelerograph on the 9th floor of 'bloc E5, Balta Albă' but give no street, number or coordinates.\", \"retrieved\": \"2026-10-05\", \"by\": \"agent\"}]", "checked_by": "agent (sonnet) + auto (s21)", "flags": "footprint_far:412m", "name": "Bloc E.5 - Balta Albă", "type": "bc_bloc", "class": "structure", "locality": "București", "address_1977": "Balta Albă", "period": "", "height": "cel puțin 9 etaje", "system": "", "iv_classes": "", "iv_techniques": "", "iv_only_proposed": "", "outcome_unit": ""}}, {"type": "Feature", "id": "v1_b_X004_b_incerc_pantelimon", "geometry": {"type": "Point", "coordinates": [26.161236, 44.441636]}, "properties": {"building_id": "v1_b_X004_b_incerc_pantelimon", "batch_id": "P2_02", "locatable": "point", "precision": "site", "status": "single", "n_sources": "1", "n_agree": "1", "agreement_m": "", "outcome_1977": "unknown", "outcome_quote": "", "status_today": "standing", "status_source": "OSM way/1133248207; https://www.incd.ro/", "modern_address": "INCD URBAN-INCERC, Șos. Pantelimon 266, București (sector 2)", "historic_address_note": "Șos. Pantelimon 266 unchanged; paper sources confirm INCERC headquarters at this address with the SMAC-B in the basement of a single-storey light building.", "dupacutremur_building_uid": "", "osm_footprint_ref": "way/1133248207 (campus amenity polygon, 266 Șos. Pantelimon)", "wikidata": "", "confidence": "medium", "notes": "pass2: address/site confirmed by a second family (INCERC papers); the OSM candidates are one origin. Point = mean of the three pass-1 OSM objects (inside the campus). The specific light building of the accelerograph is unknown.", "open_question": "Exact building within the campus (INCERC history or 1977 photos).", "review_note": "", "sources": "[{\"source\": \"osm\", \"ref\": \"way/1133248207\", \"lat\": 44.440743, \"lon\": 26.1613246, \"precision\": \"site\", \"evidence\": \"OSM research-institute campus polygon URBAN INCD INCERC, addr 266 (large polygon, centroid ~44.4413,26.1603).\", \"retrieved\": \"2026-10-05\", \"by\": \"agent\", \"d_m\": 100}, {\"source\": \"osm\", \"ref\": \"node/13531402273\", \"lat\": 44.4420719, \"lon\": 26.1611381, \"precision\": \"address\", \"evidence\": \"OSM office node INCD URBAN-INCERC, addr 266.\", \"retrieved\": \"2026-10-05\", \"by\": \"agent\", \"d_m\": 49}, {\"source\": \"osm\", \"ref\": \"node/4743942572\", \"lat\": 44.4420933, \"lon\": 26.1612451, \"precision\": \"address\", \"evidence\": \"OSM address node 266 Șos. Pantelimon.\", \"retrieved\": \"2026-10-05\", \"by\": \"agent\", \"d_m\": 51}, {\"source\": \"osm\", \"ref\": \"way/781354223\", \"lat\": 44.44113, \"lon\": 26.160227, \"precision\": \"building\", \"evidence\": \"Small OSM building named 'INCERC' inside the campus (possible station building; not identified as such).\", \"retrieved\": \"2026-10-05\", \"by\": \"agent\", \"d_m\": 98}, {\"source\": \"paper\", \"ref\": \"https://uac.incd.ro/Art/v1n2a13.pdf (via search snippet)\", \"lat\": null, \"lon\": null, \"precision\": \"site\", \"evidence\": \"INCERC paper: first 1977 record by SMAC-B at INCERC Bucharest headquarters, Șos. Pantelimon 266, basement of a one-storey building; no coordinates.\", \"retrieved\": \"2026-10-05\", \"by\": \"agent\"}]", "checked_by": "agent (sonnet) + auto (s21)", "flags": "", "name": "stația seismică INCERC București, Șos. Pantelimon 266", "type": "bc_administrativ", "class": "structure", "locality": "București", "address_1977": "Sos. Pantelimon 266", "period": "", "height": "parter (subsol)", "system": "", "iv_classes": "", "iv_techniques": "", "iv_only_proposed": "", "outcome_unit": ""}}, {"type": "Feature", "id": "v1_b_X014_b_od16_bucuresti", "geometry": {"type": "Point", "coordinates": [26.02967, 44.433787]}, "properties": {"building_id": "v1_b_X014_b_od16_bucuresti", "batch_id": "P2_02", "locatable": "point", "precision": "building", "status": "single", "n_sources": "3", "n_agree": "0", "agreement_m": "", "outcome_1977": "collapsed", "outcome_quote": "tronsonul F prăbușit și răsturnat în mijlocul Bd. Păcii, în urma cedării diafragmelor de la parter", "status_today": "standing", "status_source": "OSM way/152828811; collapsed tronson F reportedly rebuilt after ~4 years (web search summaries)", "modern_address": "Bl. OD16, Bd. Iuliu Maniu 57, Militari, București (sector 6)", "historic_address_note": "Bd. Păcii (Lujerului - Autogara Militari section) was merged with Bd. Armata Poporului under the name Iuliu Maniu in 1995 (ro.wikipedia / bucuresti.ro). The 1977 'Păcii nr. 7' is today's 'Iuliu Maniu 57, bl. OD16' (hartablocuri: 'Bd. Păcii nr. 7 = actual Iuliu Maniu'; wikimapia, postcode listings and OSM name the block 'OD16, nr. 57'). Numbering was therefore changed. Pass-1 remark that 'Iuliu Maniu 7 is the Politehnica campus' is irrelevant.", "dupacutremur_building_uid": "s420nn", "osm_footprint_ref": "way/152828811 (Bl. OD16, 11 levels, Iuliu Maniu 57)", "wikidata": "", "confidence": "high", "notes": "pass2: located. Four independent families (OSM survey, seismic register, wikimapia/postcode address records, hartablocuri/Flickr) agree on 'bl. OD16' at Iuliu Maniu 57 in Militari; the Păcii -> Iuliu Maniu renaming is verified. The row (OD16 + OSM 'Bl. 16B', 'Bl. 16C' to the west, unnamed block at the east end) spans ~210 m, near the 225 m of the report. Which end carried collapsed tronson F is not established; point is the OSM polygon centre. Register says 1972/S+P+11E vs report 1973-74/S+P+10E: minor.", "open_question": "Which staircase end (A-F) is today's reconstructed F; check 1977 photos (Flickr set) against the OSM row.", "review_note": "", "sources": "[{\"source\": \"osm\", \"ref\": \"way/152828811\", \"lat\": 44.4337947, \"lon\": 26.0287795, \"precision\": \"building\", \"evidence\": \"OSM apartments polygon 'Bl. OD16', addr Bd. Iuliu Maniu 57, 11 levels (survey-sourced address); spans 26.02837-26.03018 E.\", \"retrieved\": \"2026-10-05\", \"by\": \"agent+auto\", \"d_m\": 71}, {\"source\": \"dupacutremur\", \"ref\": \"s420nn\", \"lat\": 44.433877, \"lon\": 26.028686, \"precision\": \"building\", \"evidence\": \"Seismic register: Bd. Iuliu Maniu 57, S+P+11E, 1972, class RS2 (footprint centroid equals the OSM polygon, so geometry may be copied; a separate register point lies ~90 m west at 44.433877,26.028686).\", \"retrieved\": \"2026-10-05\", \"by\": \"agent+auto\", \"d_m\": 79}, {\"source\": \"web\", \"ref\": \"http://wikimapia.org/1386616/OD16\", \"lat\": null, \"lon\": null, \"precision\": \"address\", \"evidence\": \"Wikimapia object 'Bloc OD16 - București Bulevardul Iuliu Maniu, 57' (search snippet; page not retrievable).\", \"retrieved\": \"2026-10-05\", \"by\": \"agent\"}, {\"source\": \"web\", \"ref\": \"https://www.coduripostale.net/en/Bucure%C8%99ti/Bulevardul%20Maniu%20Iuliu/57/bl.OD16/\", \"lat\": null, \"lon\": null, \"precision\": \"address\", \"evidence\": \"Postcode listing: Bd. Iuliu Maniu nr. 57, bl. OD16 (061081); a wikimapia address lists 'bl. OD16, sc. E' i.e. staircases A-F as in the report.\", \"retrieved\": \"2026-10-05\", \"by\": \"agent\"}, {\"source\": \"web\", \"ref\": \"https://www.hartablocuri.ro/cutremur/\", \"lat\": null, \"lon\": null, \"precision\": \"address\", \"evidence\": \"'Bulevardul Păcii nr. 7 (OD16), actual Iuliu Maniu, staircase F collapsed'; Flickr set 'Blocul OD16 Păcii (tronsonul F)'.\", \"retrieved\": \"2026-10-05\", \"by\": \"agent\"}, {\"source\": \"web\", \"ref\": \"https://romania.europalibera.org/a/cutremur-bucuresti/32262239.html\", \"lat\": 44.43425, \"lon\": 26.03475, \"precision\": \"area\", \"evidence\": \"Pass-1 candidate: article places OD16 in Militari; coordinate is the Militari centroid (area only).\", \"retrieved\": \"2026-10-05\", \"by\": \"agent\", \"d_m\": 407}]", "checked_by": "agent (sonnet) + auto (s21)", "flags": "", "name": "blocul OD 16 din București", "type": "bc_bloc", "class": "structure", "locality": "București", "address_1977": "Bd. Păcii nr.7 (sector 7) | Bd. Păcii | București, Bd. Păcii 7 | Bd. Păcii 7", "period": "1973-1974", "height": "subsol tehnic + parter + 10 etaje | S+P+10E", "system": "ss_diafragme_ba | ss_sectiune_od", "iv_classes": "local", "iv_techniques": "ms_camasuire;ms_injectare;ms_restabilire_capacitate;ms_torcretare", "iv_only_proposed": "0", "outcome_unit": "v1_p0155_06"}}, {"type": "Feature", "id": "v1_b_X015_b_centrul_calcul_mttc", "geometry": {"type": "Point", "coordinates": [26.078849, 44.443794]}, "properties": {"building_id": "v1_b_X015_b_centrul_calcul_mttc", "batch_id": "P2_02", "locatable": "point", "precision": "site", "status": "single", "n_sources": "1", "n_agree": "1", "agreement_m": "", "outcome_1977": "collapsed", "outcome_quote": "prăbușit complet corpul principal tehnologic la 4.03.1977", "status_today": "replaced", "status_source": "https://www.hartablocuri.ro/cutremur/ ('P+2, built 1968, reconstructed after the earthquake in a different style'); OSM way/293214269", "modern_address": "Informatică Feroviară (successor of the CFR computing centre), Str. Gării de Nord 1, București (sector 1)", "historic_address_note": "Report: 'Strada Gării de Nord'; 1977 photo caption (muzeuldefotografie.ro): 'Centrul de calcul al MTTc, pe str. Gării'. Street still exists as Str. Gării de Nord (OSM). The CFR computing centre (created 1967, 'Centrul de calcul electronic al MTTc' from 1971) is today Informatică Feroviară, HQ Str. Gării de Nord 1 (infofer.ro).", "dupacutremur_building_uid": "", "osm_footprint_ref": "way/293214269 (Informatică Feroviară, 3 levels, Str. Gării de Nord 1)", "wikidata": "", "confidence": "medium", "notes": "pass2: street-level answer upgraded to site. Evidence is institutional continuity (same organisation, same street, P+2 building today, reconstructed in another style) rather than a document naming the plot. One web claim (search summary: 'a Piața Romană metro exit now stands where it was') conflicts with the report and the 1977 caption (Str. Gării, by Gara de Nord) and was rejected: Piața Romană is ~3 km away.", "open_question": "Confirm on 1977 aerial/photo that the collapsed 30 x 30 m body stood on the plot of Str. Gării de Nord 1 (Flickr set 'Centrul de Calcul al Ministerului Transporturilor').", "review_note": "", "sources": "[{\"source\": \"osm\", \"ref\": \"way/293214269\", \"lat\": 44.443794, \"lon\": 26.078849, \"precision\": \"building\", \"evidence\": \"OSM building 'Informatică Feroviară', 3 levels, addr Str. Gării de Nord 1 (survey), footprint ~50 x 60 m.\", \"retrieved\": \"2026-10-05\", \"by\": \"agent\", \"d_m\": 0}, {\"source\": \"web\", \"ref\": \"https://infofer.ro/istorie/\", \"lat\": null, \"lon\": null, \"precision\": \"address\", \"evidence\": \"Institution history: Centrul de calcul MCF (1967) -> Centrul de calcul electronic MTTc (1971) -> CFR computing centre -> Informatică Feroviară; HQ Str. Gării de Nord 1.\", \"retrieved\": \"2026-10-05\", \"by\": \"agent\"}, {\"source\": \"web\", \"ref\": \"https://www.muzeuldefotografie.ro/2015/03/bucuresti-3-zile-dupa-marele-cutremur/\", \"lat\": null, \"lon\": null, \"precision\": \"street\", \"evidence\": \"1977 photo caption by Virgil Iordache: computing centre of MTTc on str. Gării, collapsed.\", \"retrieved\": \"2026-10-05\", \"by\": \"agent\"}, {\"source\": \"web\", \"ref\": \"https://www.hartablocuri.ro/cutremur/\", \"lat\": null, \"lon\": null, \"precision\": \"none\", \"evidence\": \"Entry: P+2 building of 1968, rebuilt after the quake in a different style (no address given).\", \"retrieved\": \"2026-10-05\", \"by\": \"agent\"}, {\"source\": \"osm\", \"ref\": \"way/227617363\", \"lat\": 44.4444159, \"lon\": 26.0786184, \"precision\": \"street\", \"evidence\": \"Pass-1 candidate: Str. Gării de Nord road segment midpoint (street only).\", \"retrieved\": \"2026-10-05\", \"by\": \"agent\", \"d_m\": 72}]", "checked_by": "agent (sonnet) + auto (s21)", "flags": "", "name": "Centrul de Calcul MTTc", "type": "bc_administrativ", "class": "structure", "locality": "București", "address_1977": "Strada Gării de Nord", "period": "1967-1968", "height": "P+2 | parter și 2 etaje", "system": "ss_cadre_ba_monolit", "iv_classes": "", "iv_techniques": "", "iv_only_proposed": "", "outcome_unit": "v1_p0170_02"}}, {"type": "Feature", "id": "v1_b_X016_b_dinamo_bloc", "geometry": {"type": "Point", "coordinates": [26.102311, 44.455076]}, "properties": {"building_id": "v1_b_X016_b_dinamo_bloc", "batch_id": "P3_01", "locatable": "area", "precision": "area", "status": "area", "n_sources": "1", "n_agree": "1", "agreement_m": "", "outcome_1977": "moderate", "outcome_quote": "avarii similare la stâlpii de la parter", "status_today": "unknown", "status_source": "", "modern_address": "Zona Stadionului Dinamo, Calea Floreasca / Șos. Ștefan cel Mare, București", "historic_address_note": "", "dupacutremur_building_uid": "", "osm_footprint_ref": "", "wikidata": "", "confidence": "low", "notes": "NOT_FOUND: the block 'next to Dinamo stadium' is not named by address or label; point is the stadium, not the block. Searches: photon, nom, prior pass.", "open_question": "Identify the new block (framed, ground-floor columns) near the stadium.", "review_note": "", "sources": "[{\"source\": \"osm\", \"ref\": \"way/28212482\", \"lat\": 44.455076, \"lon\": 26.102311, \"precision\": \"area\", \"evidence\": \"Stadionul Dinamo (reference point only, the block itself is not identified)\", \"retrieved\": \"2026-10-05\", \"by\": \"agent\", \"d_m\": 0}]", "checked_by": "agent (sonnet) + auto (s21)", "flags": "", "name": "blocul de lîngă Stadionul Dinamo", "type": "bc_bloc", "class": "structure", "locality": "București", "address_1977": "lîngă Stadionul Dinamo", "period": "", "height": "", "system": "", "iv_classes": "", "iv_techniques": "", "iv_only_proposed": "", "outcome_unit": "v1_p0184_04"}}, {"type": "Feature", "id": "v1_b_X016_b_od16a_bd_pacii", "geometry": {"type": "Point", "coordinates": [26.030587, 44.433722]}, "properties": {"building_id": "v1_b_X016_b_od16a_bd_pacii", "batch_id": "P2_02", "locatable": "point", "precision": "building", "status": "single", "n_sources": "1", "n_agree": "1", "agreement_m": "", "outcome_1977": "unknown", "outcome_quote": "", "status_today": "standing", "status_source": "OSM way/153173553", "modern_address": "Block at the east end of OD16, Bd. Iuliu Maniu (ex-Bd. Păcii), Militari, București sector 6 (OSM: unnamed)", "historic_address_note": "Added at the ends of OD16 on the south side of Bd. Păcii (= today's Iuliu Maniu, renaming verified, see OD16 answer).", "dupacutremur_building_uid": "", "osm_footprint_ref": "way/153173553", "wikidata": "", "confidence": "low", "notes": "pass2: located relative to the now-resolved OD16 (Iuliu Maniu 57). The OSM row west->east is: Bl. 16B (26.02795-26.02814E), Bl. 16C (26.02809-26.02837), OD16 (26.02837-26.03018), unnamed polygon (26.03045-26.03070). Report says 16.a and 16.b were added at the ENDS of OD16. 'Bl. 16C' (way/199289807, 44.433823,26.028194) sits next to 16B and is the alternative reading. Only OSM supports this; no register record for these blocks.", "open_question": "Confirm labelling (16A/16B/16C) from site survey or the report's fig. III.20 plan.", "review_note": "", "sources": "[{\"source\": \"osm\", \"ref\": \"way/153173553\", \"lat\": 44.433722, \"lon\": 26.030587, \"precision\": \"building\", \"evidence\": \"OSM apartments polygon, east end of the OD16 row; OSM polygon unnamed (inferred, by position only).\", \"retrieved\": \"2026-10-05\", \"by\": \"agent\", \"d_m\": 0}, {\"source\": \"osm\", \"ref\": \"way/152828811\", \"lat\": 44.433787, \"lon\": 26.02967, \"precision\": \"building\", \"evidence\": \"OD16 itself (located in pass 2); 16.a/16.b are defined by their position at its ends.\", \"retrieved\": \"2026-10-05\", \"by\": \"agent\", \"d_m\": 73}]", "checked_by": "agent (sonnet) + auto (s21)", "flags": "", "name": "blocul 16.a (Bd. Păcii)", "type": "bc_bloc", "class": "structure", "locality": "București", "address_1977": "", "period": "", "height": "", "system": "", "iv_classes": "", "iv_techniques": "", "iv_only_proposed": "", "outcome_unit": ""}}, {"type": "Feature", "id": "v1_b_X016_b_od16b_bd_pacii", "geometry": {"type": "Point", "coordinates": [26.028066, 44.433757]}, "properties": {"building_id": "v1_b_X016_b_od16b_bd_pacii", "batch_id": "P2_02", "locatable": "point", "precision": "building", "status": "single", "n_sources": "1", "n_agree": "1", "agreement_m": "", "outcome_1977": "unknown", "outcome_quote": "", "status_today": "standing", "status_source": "OSM way/274179988", "modern_address": "Block at the west end of OD16, Bd. Iuliu Maniu (ex-Bd. Păcii), Militari, București sector 6 (OSM: Bl. 16B)", "historic_address_note": "Added at the ends of OD16 on the south side of Bd. Păcii (= today's Iuliu Maniu, renaming verified, see OD16 answer).", "dupacutremur_building_uid": "", "osm_footprint_ref": "way/274179988", "wikidata": "", "confidence": "medium", "notes": "pass2: located relative to the now-resolved OD16 (Iuliu Maniu 57). The OSM row west->east is: Bl. 16B (26.02795-26.02814E), Bl. 16C (26.02809-26.02837), OD16 (26.02837-26.03018), unnamed polygon (26.03045-26.03070). Report says 16.a and 16.b were added at the ENDS of OD16. OSM also has 'Bl. 16C' (way/199289807) between 16B and OD16 which has no counterpart in the report. Only OSM supports this; no register record for these blocks.", "open_question": "Confirm labelling (16A/16B/16C) from site survey or the report's fig. III.20 plan.", "review_note": "", "sources": "[{\"source\": \"osm\", \"ref\": \"way/274179988\", \"lat\": 44.433757, \"lon\": 26.028066, \"precision\": \"building\", \"evidence\": \"OSM apartments polygon, west end of the OD16 row; OSM name 'Bl. 16B' (survey).\", \"retrieved\": \"2026-10-05\", \"by\": \"agent\", \"d_m\": 0}, {\"source\": \"osm\", \"ref\": \"way/152828811\", \"lat\": 44.433787, \"lon\": 26.02967, \"precision\": \"building\", \"evidence\": \"OD16 itself (located in pass 2); 16.a/16.b are defined by their position at its ends.\", \"retrieved\": \"2026-10-05\", \"by\": \"agent\", \"d_m\": 127}]", "checked_by": "agent (sonnet) + auto (s21)", "flags": "", "name": "blocul 16.b (Bd. Păcii)", "type": "bc_bloc", "class": "structure", "locality": "București", "address_1977": "", "period": "", "height": "", "system": "", "iv_classes": "", "iv_techniques": "", "iv_only_proposed": "", "outcome_unit": ""}}, {"type": "Feature", "id": "v1_b_X016_b_stefan_lizeanu", "geometry": {"type": "Point", "coordinates": [26.120946, 44.452001]}, "properties": {"building_id": "v1_b_X016_b_stefan_lizeanu", "batch_id": "G03", "locatable": "point", "precision": "building", "status": "verified", "n_sources": "2", "n_agree": "2", "agreement_m": "11", "outcome_1977": "collapsed", "outcome_quote": "prăbușire parțială a unei porțiuni de capăt", "status_today": "standing", "status_source": "OSM way/217996873; register records tronson as consolidated", "modern_address": "Șos. Ștefan cel Mare 33 (Bl. 30), corner Str. Lizeanu, București (sector 2)", "historic_address_note": "Șos. Ștefan cel Mare 33 and Str. Lizeanu unchanged; text says 'bloc 30'", "dupacutremur_building_uid": "g4vhhn", "osm_footprint_ref": "way/217996873 (Bl. 30, 9 levels)", "wikidata": "", "confidence": "high", "notes": "Block name 'Bl. 30', number 33 and the Lizeanu junction all match. Register lists three tronsoane (a,b,c); year 1963 vs 1961-62 in the report. Collapsed west end (tronson a, ~10 m) was rebuilt.", "open_question": "Register year 1963 vs 1961-62 in report (minor).", "review_note": "", "sources": "[{\"source\": \"osm\", \"ref\": \"way/217996873\", \"lat\": 44.452001, \"lon\": 26.120946, \"precision\": \"building\", \"evidence\": \"OSM 'Bl. 30', addr Șos. Ștefan cel Mare 33, 9 levels, at Lizeanu junction\", \"retrieved\": \"2026-10-05\", \"by\": \"agent\", \"d_m\": 0}, {\"source\": \"dupacutremur\", \"ref\": \"g4vhhn\", \"lat\": 44.452126, \"lon\": 26.120508, \"precision\": \"building\", \"evidence\": \"Register: Ștefan cel Mare 33, 1963, S+P+9E, tronson nearest Str. Lizeanu\", \"retrieved\": \"2026-10-05\", \"by\": \"agent+auto\", \"d_m\": 37}, {\"source\": \"dupacutremur\", \"ref\": \"bk49oj\", \"lat\": 44.451979, \"lon\": 26.121079, \"precision\": \"building\", \"evidence\": \"Register: Ștefan cel Mare 33 tronson, 'Consolidat'\", \"retrieved\": \"2026-10-05\", \"by\": \"agent\", \"d_m\": 11}, {\"source\": \"dupacutremur\", \"ref\": \"ramx8r\", \"lat\": 44.451842, \"lon\": 26.121487, \"precision\": \"building\", \"evidence\": \"Register: third tronson of Ștefan cel Mare 33\", \"retrieved\": \"2026-10-05\", \"by\": \"agent\", \"d_m\": 46}]", "checked_by": "agent (sonnet) + auto (s21)", "flags": "", "name": "blocul din Sos.Stefan cel Mare, colț cu Str. Lizeanu", "type": "bc_bloc", "class": "structure", "locality": "București", "address_1977": "Sos.Stefan cel Mare, colț cu Str. Lizeanu | Sos. Stefan cel Mare, colț cu Str. Lizeanu | București, Sos. Stefan cel Mare 33 (colt cu Str. Lizeanu)", "period": "1961-1962", "height": "parter + 8 etaje complete și etaj 9 parțial retras | P+9E", "system": "ss_diafragme_ba", "iv_classes": "global;local;demolition", "iv_techniques": "ms_camasuire;ms_consolidare_locala;ms_demolare;ms_diafragme_noi;ms_injectare", "iv_only_proposed": "0", "outcome_unit": "v1_p0183_04"}}, {"type": "Feature", "id": "v1_b_X017_b_almo_obor", "geometry": {"type": "Point", "coordinates": [26.12674, 44.450304]}, "properties": {"building_id": "v1_b_X017_b_almo_obor", "batch_id": "P2_02", "locatable": "point", "precision": "site", "status": "single", "n_sources": "1", "n_agree": "1", "agreement_m": "", "outcome_1977": "moderate", "outcome_quote": "La această clădire cu structura în cadre de beton armat monolit s-au constatat numeroase fisuri în riglele cadrelor", "status_today": "standing", "status_source": "OSM way/23705784, way/205056118", "modern_address": "Complex ALMO / Bucur Obor, Șos. Colentina 2 - Șos. Mihai Bravu 1-3, Piața Obor, București sector 2", "historic_address_note": "ALMO estate (1975-76) stands at the Mihai Bravu / Colentina junction at Obor, as in the report; OSM names the blocks Bl. ALMO 1-5.", "dupacutremur_building_uid": "", "osm_footprint_ref": "way/23705784 (Bucur Obor retail, 1975); tall body probably way/205056118 (Bl. ALMO 2)", "wikidata": "", "confidence": "high", "notes": "pass2: complex identity is solid (name + junction + Bucur Obor store at mezzanine in report = OSM Bucur Obor retail; two web/OSM families). Level count of Bl. ALMO 2 (16) matches the tall body, but the report treats the whole 'three-body' complex as one building, so the complex centre (podium) is kept as the point; ALMO 2 is ~90 m SSW.", "open_question": "Whether to anchor to ALMO 2 (tall frontal body) instead of the podium.", "review_note": "", "sources": "[{\"source\": \"osm\", \"ref\": \"way/23705784\", \"lat\": 44.450304, \"lon\": 26.12674, \"precision\": \"site\", \"evidence\": \"OSM 'Bucur Obor' retail building, 1975, Șos. Colentina 2 (podium of the complex).\", \"retrieved\": \"2026-10-05\", \"by\": \"agent\", \"d_m\": 0}, {\"source\": \"osm\", \"ref\": \"way/37793270\", \"lat\": 44.450558, \"lon\": 26.12622, \"precision\": \"building\", \"evidence\": \"OSM Bl. ALMO 1, 11 levels, 1975, Șos. Colentina 2.\", \"retrieved\": \"2026-10-05\", \"by\": \"agent\", \"d_m\": 50}, {\"source\": \"osm\", \"ref\": \"way/205056118\", \"lat\": 44.449721, \"lon\": 26.125914, \"precision\": \"building\", \"evidence\": \"OSM Bl. ALMO 2, 16 levels (= P + mezzanine + 14), 1975, Șos. Mihai Bravu 1: best match for the report's tall frontal body (subsol, parter, mezanin, 14 etaje).\", \"retrieved\": \"2026-10-05\", \"by\": \"agent\", \"d_m\": 92}, {\"source\": \"web\", \"ref\": \"https://www.economica.net/hipermarketul-comunist-din-bucuresti-care-o-duce-din-ce-in-ce-mai-bine_127610.html\", \"lat\": null, \"lon\": null, \"precision\": \"site\", \"evidence\": \"Article: Bucur Obor store / ALMO housing estate, 1975, at Obor; no coordinates.\", \"retrieved\": \"2026-10-05\", \"by\": \"agent\"}]", "checked_by": "agent (sonnet) + auto (s21)", "flags": "", "name": "blocul \"ALMO\" - Obor", "type": "bc_bloc", "class": "structure", "locality": "București", "address_1977": "Obor | București, Sos. Mihai Bravu, la intersecția cu Sos. Colentina", "period": "", "height": "S+P+M+14 | S+P+M+14E (corpul cel mai înalt)", "system": "ss_cadre_ba_monolit", "iv_classes": "global;local", "iv_techniques": "ms_camasuire;ms_diafragme_moi;ms_diafragme_noi;ms_fibre_sticla;ms_injectare;ms_placare_otel;ms_refacere_zidarie;ms_rigidizare_suplimentara", "iv_only_proposed": "0", "outcome_unit": "v1_p0199_00"}}, {"type": "Feature", "id": "v1_b_X017_b_b2_sos_pantelimon", "geometry": {"type": "Point", "coordinates": [26.18135, 44.441273]}, "properties": {"building_id": "v1_b_X017_b_b2_sos_pantelimon", "batch_id": "P3_02", "locatable": "point", "precision": "building", "status": "probable", "n_sources": "2", "n_agree": "1", "agreement_m": "", "outcome_1977": "moderate", "outcome_quote": "avarii (zdrobirea betonului, flambarea armăturii) la 15 stâlpi de la etajele I, IV, VII, VIII și IX", "status_today": "unknown", "status_source": "", "modern_address": "Bl. B2, Șos. Pantelimon 359 (Aleea Pantelimon), București, sector 2", "historic_address_note": "Șos. Pantelimon unchanged; block label B2 only.", "dupacutremur_building_uid": "", "osm_footprint_ref": "", "wikidata": "", "confidence": "low", "notes": "NOT_FOUND: photo captions (Foto 91g/h, p.205) say only 'Blocuri de locuințe din București, Soseaua Pantelimon. Avarierea unor stîlpi la etaj I (Blocul B2)'. Searches: dupa Pantelimon (no B2 label), osm-near around both B2 blocks, nom 'Bl. B2 Pantelimon', web (no source). Two OSM 'Bl. B2' lie within ~2 km of the road (Mozaicului 4 and Pantelimon 359); estate rule considered, but the Mozaicului block has only 9 levels (floor IX impossible) and the 359 block's height is unknown, so neither adopted. Point = Bucharest centroid.", "open_question": "Check height of the B2 near Șos. Pantelimon 359 (if >=10 levels it is the better match); Sector 2 block lists.", "review_note": "Bloc B2: OSM way/328070288 'Bl. B2' on Aleea Pantelimon, its ground-floor bank addressed 'Șoseaua Pantelimon 359', neighbour 'Bl. B1'. Text p.197: damaged columns on floors I, IV, VII, VIII, IX (>= P+9); Part IV Foto 91 g,h: Șos. Pantelimon frame blocks P+10...12. Rejected: Bl. B2 Aleea Mozaicului 4 (9 levels < floor IX). Probable: label + street match, single family (OSM).", "sources": "[{\"source\": \"wikidata\", \"ref\": \"Q19660\", \"lat\": 44.41336, \"lon\": 26.09778, \"precision\": \"locality\", \"evidence\": \"Bucharest, locality only.\", \"retrieved\": \"2026-10-05\", \"by\": \"agent\", \"d_m\": 7326}, {\"source\": \"osm\", \"ref\": \"way/328226731\", \"lat\": 44.437863, \"lon\": 26.160349, \"precision\": \"building\", \"evidence\": \"Bl. B2, Aleea Mozaicului 4 (Delfinului), 9 levels: label match, NOT adopted; the report has damage on floors I-IX so the block needs at least 10 levels.\", \"retrieved\": \"2026-10-05\", \"by\": \"agent\", \"d_m\": 1710}, {\"source\": \"osm\", \"ref\": \"way/328070288\", \"lat\": 44.441273, \"lon\": 26.18135, \"precision\": \"building\", \"evidence\": \"Bl. B2 next to Șos. Pantelimon 359 (Aleea Pantelimon), levels untagged; neighbouring blocks have 5 levels; not adopted.\", \"retrieved\": \"2026-10-05\", \"by\": \"agent\", \"d_m\": 0}]", "checked_by": "agent (sonnet) + auto (s21); claude-opus-5.5", "flags": "reviewed", "name": "blocul B2 din Sos. Pantelimon", "type": "bc_bloc", "class": "structure", "locality": "București", "address_1977": "Sos. Pantelimon", "period": "", "height": "", "system": "ss_cadre_ba", "iv_classes": "", "iv_techniques": "", "iv_only_proposed": "", "outcome_unit": "v1_p0197_01"}}, {"type": "Feature", "id": "v1_b_X017_b_bl47_sos_pantelimon_256", "geometry": {"type": "Point", "coordinates": [26.158373, 44.442277]}, "properties": {"building_id": "v1_b_X017_b_bl47_sos_pantelimon_256", "batch_id": "P2_02", "locatable": "point", "precision": "building", "status": "single", "n_sources": "1", "n_agree": "1", "agreement_m": "", "outcome_1977": "moderate", "outcome_quote": "injectarea cu rășini epoxidice în fisurile grinzilor nu s-a putut practica din cauza cofrajelor pierdute", "status_today": "standing", "status_source": "OSM way/28530710", "modern_address": "Bl. 47, Șos. Pantelimon 258 (OSM; report says 256), București sector 2", "historic_address_note": "Report: 'blocul nr. 47 din Sos. Pantelimon 256'. OSM has a block named 'Bl. 47' at no. 258 (way/28530710, 10 levels) and 'Bl. 53' at no. 256 (way/104485928, 12 levels), ~140 m apart. Block numbers 47, 53, 59-60 (no. 244-250), 63-64A run consecutively along this stretch, supporting the naming.", "dupacutremur_building_uid": "", "osm_footprint_ref": "way/28530710 (Bl. 47)", "wikidata": "", "confidence": "medium", "notes": "pass2: point moved to the polygon centroid of Bl. 47 (pass-1 point was an edge position). Name is the more specific key than the street number (a number can be a shared estate address or a typo); both OSM objects are on the same stretch ~140 m apart, so the location is good to ~150 m either way. No register record at 256/258; no second family.", "open_question": "256 vs 258 discrepancy; second source for 'Bl. 47' (Sector 2 rehabilitation lists).", "review_note": "", "sources": "[{\"source\": \"osm\", \"ref\": \"way/28530710\", \"lat\": 44.4422087, \"lon\": 26.1577326, \"precision\": \"building\", \"evidence\": \"OSM 'Bl. 47', Șos. Pantelimon 258, 10 levels (centroid of polygon).\", \"retrieved\": \"2026-10-05\", \"by\": \"agent+auto\", \"d_m\": 51}, {\"source\": \"osm\", \"ref\": \"way/104485928\", \"lat\": 44.442384, \"lon\": 26.156583, \"precision\": \"building\", \"evidence\": \"OSM 'Bl. 53', Șos. Pantelimon 256, 12 levels: number match, block-name mismatch (alternative reading).\", \"retrieved\": \"2026-10-05\", \"by\": \"agent\", \"d_m\": 143}]", "checked_by": "agent (sonnet) + auto (s21)", "flags": "", "name": "blocul nr. 47 din Sos. Pantelimon 256", "type": "bc_bloc", "class": "structure", "locality": "București", "address_1977": "Sos. Pantelimon 256", "period": "", "height": "", "system": "ss_cadre_ba", "iv_classes": "", "iv_techniques": "", "iv_only_proposed": "1", "outcome_unit": "v1_p0198_06"}}, {"type": "Feature", "id": "v1_b_X017_b_bl4_bd_armata_poporului", "geometry": {"type": "Point", "coordinates": [26.051138, 44.43438]}, "properties": {"building_id": "v1_b_X017_b_bl4_bd_armata_poporului", "batch_id": "P2_02", "locatable": "area", "precision": "street", "status": "area", "n_sources": "1", "n_agree": "1", "agreement_m": "", "outcome_1977": "light", "outcome_quote": "ușoare fisuri în 4 buiandrugi", "status_today": "unknown", "status_source": "", "modern_address": "Bd. Iuliu Maniu (ex-Bd. Armata Poporului, Piața Leul - Lujerului section), București sector 6; block not identified", "historic_address_note": "Verified: during the communist period the boulevard was 'Armata Poporului' from Piața Leul to Lujerului and 'Păcii' from Lujerului to Autogara Militari; both merged as Iuliu Maniu in 1995 (ro.wikipedia Bulevardul Iuliu Maniu; bucuresti.ro). So Block 4 lies between Piața Leul (~26.058E) and Lujerului (~26.045E), not in the Păcii/Militari part.", "dupacutremur_building_uid": "", "osm_footprint_ref": "way/1282776541 (street segment, representative point only)", "wikidata": "", "confidence": "low", "notes": "pass2: improved from a Bucharest-centre locality to a ~1.3 km boulevard section, but the block itself is not found: 1975-76 block of 8 section bars with a 15-level (43 m) 21x17 m tower. Register shows no matching record on Iuliu Maniu and Overpass was unavailable to search 15-16 level buildings; osm-near sweeps at four points along the stretch found no 14-19-level building.", "open_question": "Find the 1975-76 block with the 15-level corner tower between Piața Leul and Lujerului (hartablocuri, OSM building:levels=15/16).", "review_note": "", "sources": "[{\"source\": \"osm\", \"ref\": \"way/1282776541\", \"lat\": 44.4343798, \"lon\": 26.0511381, \"precision\": \"street\", \"evidence\": \"OSM road Bulevardul Iuliu Maniu, mid-stretch between Piața Leul and Lujerului; representative point only.\", \"retrieved\": \"2026-10-05\", \"by\": \"agent\", \"d_m\": 0}, {\"source\": \"web\", \"ref\": \"https://ro.wikipedia.org/wiki/Bulevardul_Iuliu_Maniu\", \"lat\": null, \"lon\": null, \"precision\": \"street\", \"evidence\": \"Renaming history: Armata Poporului (Piața Leul - Lujerului), Păcii (Lujerului - Militari) -> Iuliu Maniu 1995.\", \"retrieved\": \"2026-10-05\", \"by\": \"agent\"}]", "checked_by": "agent (sonnet) + auto (s21)", "flags": "footprint_ref_is_a_line", "name": "blocul 4 din Bd. Armata Poporului", "type": "bc_bloc", "class": "structure", "locality": "București", "address_1977": "Bd. Armata Poporului", "period": "1975-76", "height": "S+P+10 (un tronson cu 15 niveluri)", "system": "ss_mixt", "iv_classes": "", "iv_techniques": "", "iv_only_proposed": "", "outcome_unit": "v1_p0200_00"}}, {"type": "Feature", "id": "v1_b_X017_b_bl59_60_sos_pantelimon", "geometry": {"type": "Point", "coordinates": [26.154361, 44.442701]}, "properties": {"building_id": "v1_b_X017_b_bl59_60_sos_pantelimon", "batch_id": "P2_02", "locatable": "point", "precision": "building", "status": "single", "n_sources": "1", "n_agree": "1", "agreement_m": "", "outcome_1977": "moderate", "outcome_quote": "crăpături în buiandrugii din casa scării, mai accentuate la primele niveluri", "status_today": "standing", "status_source": "OSM way/104485442", "modern_address": "Bl. 59-60, Str. Herța / Șos. Pantelimon 244-250 (shops at 248-250), Delfinului, București sector 2", "historic_address_note": "'Sis. Pantelimon' in the report is a typo for Șos.; 59-60 are block numbers (cf. Bl. 47, 53, 63-64A on the same stretch). OSM has exactly one 'Bl. 59-60' in Bucharest (Nominatim).", "dupacutremur_building_uid": "", "osm_footprint_ref": "way/104485442 (Bl. 59-60, 14 levels, 4 staircases A-D)", "wikidata": "", "confidence": "medium", "notes": "pass2: located. Match rests on a unique block name 'Bl. 59-60' plus 14 levels, ground-floor commercial frontage and the same estate series as Bl. 47; single family (OSM). The report's L shape has not been checked against the polygon outline.", "open_question": "Verify the L-shaped outline and the 1975 date; second source (Sector 2 block list).", "review_note": "", "sources": "[{\"source\": \"osm\", \"ref\": \"way/104485442\", \"lat\": 44.442701, \"lon\": 26.154361, \"precision\": \"building\", \"evidence\": \"OSM apartments 'Bl. 59-60', 14 levels, bbox ~80 x 65 m (L-shape plausible), commercial units at ground floor on Șos. Pantelimon 248-250; Nominatim returns it for 'Bl. 59-60 Pantelimon'.\", \"retrieved\": \"2026-10-05\", \"by\": \"agent\", \"d_m\": 0}]", "checked_by": "agent (sonnet) + auto (s21)", "flags": "", "name": "blocul 59-60 din Sos. Pantelimon", "type": "bc_bloc", "class": "structure", "locality": "București", "address_1977": "Sis. Pantelimon", "period": "1975", "height": "P+14 (comerț la primele 2 niveluri)", "system": "ss_mixt", "iv_classes": "", "iv_techniques": "", "iv_only_proposed": "", "outcome_unit": "v1_p0200_05"}}, {"type": "Feature", "id": "v1_b_X018_b_ase", "geometry": {"type": "Point", "coordinates": [26.097152, 44.447677]}, "properties": {"building_id": "v1_b_X018_b_ase", "batch_id": "G03", "locatable": "point", "precision": "site", "status": "verified", "n_sources": "2", "n_agree": "2", "agreement_m": "42", "outcome_1977": "moderate", "outcome_quote": "avarii de tip curent la structura de beton armat și la elementele de umplutură", "status_today": "standing", "status_source": "OSM way/942675763", "modern_address": "Academia de Studii Economice, Piața Romană 6, București sector 1", "historic_address_note": "ASE main seat at Piața Romană 6; specific damaged building not stated", "dupacutremur_building_uid": "", "osm_footprint_ref": "way/942675763", "wikidata": "Q1167563", "confidence": "medium", "notes": "Institution seat only; ASE has other buildings and the report does not say which was damaged.", "open_question": "Which ASE building.", "review_note": "", "sources": "[{\"source\": \"osm\", \"ref\": \"way/942675763\", \"lat\": 44.4476774, \"lon\": 26.0971524, \"precision\": \"site\", \"evidence\": \"OSM ASE, Piața Romană 6\", \"retrieved\": \"2026-10-05\", \"by\": \"agent\", \"d_m\": 0}, {\"source\": \"wikidata\", \"ref\": \"Q1167563\", \"lat\": 44.447566666667, \"lon\": 26.09665, \"precision\": \"site\", \"evidence\": \"Wikidata ASE coordinates, ~40 m from OSM\", \"retrieved\": \"2026-10-05\", \"by\": \"agent+auto\", \"d_m\": 42}]", "checked_by": "agent (sonnet) + auto (s21)", "flags": "", "name": "Academia de Studii Economice", "type": "bc_scoala", "class": "structure", "locality": "București", "address_1977": "", "period": "", "height": "", "system": "", "iv_classes": "", "iv_techniques": "", "iv_only_proposed": "", "outcome_unit": "v1_p0208_03"}}, {"type": "Feature", "id": "v1_b_X018_b_hotel_dorobanti", "geometry": {"type": "Point", "coordinates": [26.098778, 44.446641]}, "properties": {"building_id": "v1_b_X018_b_hotel_dorobanti", "batch_id": "G03", "locatable": "point", "precision": "site", "status": "verified", "n_sources": "2", "n_agree": "2", "agreement_m": "22", "outcome_1977": "light", "outcome_quote": "avarii la elementele nestructurale de la etajele inferioare și crăpături în X la unii spaleți nearmați", "status_today": "standing", "status_source": "OSM way/29819032", "modern_address": "Sheraton Bucharest Hotel (ex-Howard Johnson), Calea Dorobanților 5-7, București sector 1 (tentative)", "historic_address_note": "Tentative identification: 'Hotel Dorobanți' = today's Sheraton on Calea Dorobanților; NOT verified", "dupacutremur_building_uid": "", "osm_footprint_ref": "way/29819032 (building:levels=18, start_date=1976)", "wikidata": "Q5920024", "confidence": "low", "notes": "Identification rests on location + 1970s date + high-rise; neither source states the name Dorobanți. Floors 18 vs 20 in the report. Search budget ran out before a confirming article was found.", "open_question": "Confirm that the Sheraton was named Hotel Dorobanți in 1977.", "review_note": "", "sources": "[{\"source\": \"osm\", \"ref\": \"way/29819032\", \"lat\": 44.446641, \"lon\": 26.098778, \"precision\": \"building\", \"evidence\": \"OSM Sheraton, Calea Dorobanților 5-7, 18 levels, 1976\", \"retrieved\": \"2026-10-05\", \"by\": \"agent\", \"d_m\": 0}, {\"source\": \"wikidata\", \"ref\": \"Q5920024\", \"lat\": 44.44648611, \"lon\": 26.09895, \"precision\": \"building\", \"evidence\": \"Wikidata entry for same hotel (Howard Johnson/Sheraton), 18 floors; no 'Dorobanți' name or alias\", \"retrieved\": \"2026-10-05\", \"by\": \"agent+auto\", \"d_m\": 22}]", "checked_by": "agent (sonnet) + auto (s21)", "flags": "", "name": "hotelul Dorobanți", "type": "bc_hotel", "class": "structure", "locality": "București", "address_1977": "", "period": "", "height": "subsol, parter și 20 etaje (clădirea-turn)", "system": "ss_mixt", "iv_classes": "", "iv_techniques": "", "iv_only_proposed": "", "outcome_unit": "v1_p0206_04"}}, {"type": "Feature", "id": "v1_b_X018_b_hotel_intercontinental", "geometry": {"type": "Point", "coordinates": [26.10223, 44.4372]}, "properties": {"building_id": "v1_b_X018_b_hotel_intercontinental", "batch_id": "G03", "locatable": "point", "precision": "building", "status": "verified", "n_sources": "2", "n_agree": "2", "agreement_m": "11", "outcome_1977": "moderate", "outcome_quote": "avarii locale ale unor diafragme tangențiale și crăpături înclinate la toate nivelurile, în pereții despărțitori interiori, precum și avarii mari la tencuieli", "status_today": "standing", "status_source": "https://en.wikipedia.org/wiki/Grand_Hotel_Bucharest", "modern_address": "Grand Hotel Bucharest (ex-InterContinental), Bd. Nicolae Bălcescu 4, București sector 1", "historic_address_note": "Bd. Bălcescu 4 unchanged; renamed Grand Hotel Bucharest in 2022", "dupacutremur_building_uid": "", "osm_footprint_ref": "way/1111645542", "wikidata": "Q1827765", "confidence": "high", "notes": "Height and 24 levels match the report; three sources agree. Wikipedia and Wikidata are not fully independent.", "open_question": "", "review_note": "", "sources": "[{\"source\": \"wikipedia\", \"ref\": \"https://en.wikipedia.org/wiki/Grand_Hotel_Bucharest\", \"lat\": 44.43722, \"lon\": 26.10222, \"precision\": \"building\", \"evidence\": \"24 storeys, 87 m, opened 1971 as Inter-Continental, 4 Bd. Bălcescu\", \"retrieved\": \"2026-10-05\", \"by\": \"agent\", \"d_m\": 2}, {\"source\": \"wikidata\", \"ref\": \"Q1827765\", \"lat\": 44.4371, \"lon\": 26.1022, \"precision\": \"building\", \"evidence\": \"Same hotel, 24 floors, 87 m\", \"retrieved\": \"2026-10-05\", \"by\": \"agent+auto\", \"d_m\": 11}, {\"source\": \"osm\", \"ref\": \"way/1111645542\", \"lat\": 44.437293, \"lon\": 26.102281, \"precision\": \"building\", \"evidence\": \"OSM Grand Hotel Bucharest, 24 levels, 1971\", \"retrieved\": \"2026-10-05\", \"by\": \"agent\", \"d_m\": 11}]", "checked_by": "agent (sonnet) + auto (s21)", "flags": "", "name": "hotelul Intercontinental", "type": "bc_hotel", "class": "structure", "locality": "București", "address_1977": "", "period": "", "height": "24 niveluri", "system": "ss_mixt", "iv_classes": "", "iv_techniques": "", "iv_only_proposed": "", "outcome_unit": "v1_p0206_01"}}, {"type": "Feature", "id": "v1_b_X018_b_hotel_modern", "geometry": {"type": "Point", "coordinates": [26.10945, 44.436576]}, "properties": {"building_id": "v1_b_X018_b_hotel_modern", "batch_id": "P3_02", "locatable": "point", "precision": "building", "status": "verified", "n_sources": "2", "n_agree": "2", "agreement_m": "5", "outcome_1977": "severe", "outcome_quote": "avarii structurale importante, similare clădirilor mixte de locuit cu același sistem", "status_today": "standing", "status_source": "OSM way/239852814; spatii-de-birouri.ro", "modern_address": "Bd. Carol I 34-36 (IBC Modern / Turnul Bursei), București sector 2", "historic_address_note": "Report: Bd. Republicii 46. data/street_renamings.csv lists Bd. Republicii only as 'Bd. Carol I / Pache Protopopescu' (unverified). Number differs (46 vs 34-36); renumbering not verified. Match rests on the building identity (former Hotel Modern, S+P+14 as in the report).", "dupacutremur_building_uid": "", "osm_footprint_ref": "way/239852814 (office, Bd. Carol I 34-36, 16 levels)", "wikidata": "Q4836594", "confidence": "medium", "notes": "Searches: dupa carol/protopopescu 46 (no 14-storey), nom, wd, web x5. Hotel Modern = 'Clădirea Modern' at Bd. Carol I 34-36 per two web sources; height regime matches the report. Disagreement: report says no. 46 on Bd. Republicii; pass-1 guesses (Carol I 46, P. Protopopescu 46: small buildings) are rejected. Identification of Bd. Republicii with this stretch of Bd. Carol I is inferred, not verified.", "open_question": "Verify Hotel Modern = IBC Modern in a primary source (hotel history, 1977 photos) and the 1977 street numbering.", "review_note": "", "sources": "[{\"source\": \"osm\", \"ref\": \"way/239852814\", \"lat\": 44.436576, \"lon\": 26.10945, \"precision\": \"building\", \"evidence\": \"OSM office building 'Turnul Bursei de Valori', Carol I 34-36, 16 levels (S+P+14 incl. mezzanine).\", \"retrieved\": \"2026-10-05\", \"by\": \"agent\", \"d_m\": 0}, {\"source\": \"web\", \"ref\": \"https://www.spatii-de-birouri.ro/bucuresti-ibc-modern\", \"lat\": null, \"lon\": null, \"precision\": \"address\", \"evidence\": \"IBC Modern at Bd. Carol I 34-36, completed 1995 (refurbishment), P+M+14; a search summary of another page calls it a former communist hotel 'Modern' (that page returned 403).\", \"retrieved\": \"2026-10-05\", \"by\": \"agent\"}, {\"source\": \"wikipedia\", \"ref\": \"https://ro.wikipedia.org/wiki/Turnul_Bursei_de_Valori_Bucure%C8%99ti\", \"lat\": 44.4367, \"lon\": 26.1094, \"precision\": \"building\", \"evidence\": \"Wikipedia coordinates for the tower at the same address; nothing about Hotel Modern (not independent evidence of identity).\", \"retrieved\": \"2026-10-05\", \"by\": \"agent\", \"d_m\": 14}, {\"source\": \"wikidata\", \"ref\": \"Q4836594\", \"lat\": 44.436618, \"lon\": 26.109478, \"precision\": \"building\", \"evidence\": \"Wikidata P625\", \"retrieved\": \"2026-10-05\", \"by\": \"auto\", \"d_m\": 5}]", "checked_by": "agent (sonnet) + auto (s21)", "flags": "", "name": "hotelul Modern", "type": "bc_hotel", "class": "structure", "locality": "București", "address_1977": "Bd. Republicii 46", "period": "aceeași perioadă cu hotelul Dorobanți", "height": "S+P+14", "system": "ss_cadre_ba | ss_cadre_ba_monolit", "iv_classes": "local", "iv_techniques": "ms_camasuire;ms_injectare;ms_refacere_zidarie", "iv_only_proposed": "0", "outcome_unit": "v1_p0207_03"}}, {"type": "Feature", "id": "v1_b_X018_b_igg_caransebes_1", "geometry": {"type": "Point", "coordinates": [26.047839, 44.466335]}, "properties": {"building_id": "v1_b_X018_b_igg_caransebes_1", "batch_id": "P2_02", "locatable": "point", "precision": "building", "status": "single", "n_sources": "1", "n_agree": "1", "agreement_m": "", "outcome_1977": "moderate", "outcome_quote": "a provocat la parter și la primele 6 etaje degradări importante", "status_today": "standing", "status_source": "OSM way/394642720; https://ro.wikipedia.org/wiki/Institutul_Geologic_al_României", "modern_address": "Institutul Geologic al României (ex Institutul de Geologie și Geofizică), Str. Caransebeș 1, Piața Chibrit, București sector 1", "historic_address_note": "Str. Caransebeș 1 unchanged; IGR (successor of IGG/MMPG institute) still at Str. Caransebeș 1 (ro.wikipedia, igr.ro, company registers).", "dupacutremur_building_uid": "", "osm_footprint_ref": "way/394642720 (14 levels)", "wikidata": "Q17505374", "confidence": "high", "notes": "pass2: institution-at-address is now confirmed by a second family (Wikipedia/igr.ro/registers), and the only tall (14-level) building at that spot is the OSM way/394642720. No register record on Str. Caransebeș. Wikidata Q17505374 is the institute (no coordinates).", "open_question": "", "review_note": "", "sources": "[{\"source\": \"osm\", \"ref\": \"way/394642720\", \"lat\": 44.466335, \"lon\": 26.047839, \"precision\": \"building\", \"evidence\": \"OSM building with 14 levels (= 2S+P+13E above ground 14) beside the Caransebeș 1 address objects.\", \"retrieved\": \"2026-10-05\", \"by\": \"agent\", \"d_m\": 0}, {\"source\": \"osm\", \"ref\": \"node/3950346588\", \"lat\": 44.466429, \"lon\": 26.047945, \"precision\": \"address\", \"evidence\": \"OSM node Institutul Limbii Române, 1 Str. Caransebeș, 13 m from the tower.\", \"retrieved\": \"2026-10-05\", \"by\": \"agent\", \"d_m\": 13}, {\"source\": \"web\", \"ref\": \"https://ro.wikipedia.org/wiki/Institutul_Geologic_al_Rom%C3%A2niei\", \"lat\": null, \"lon\": null, \"precision\": \"address\", \"evidence\": \"Institute located at Str. Caransebeș 1; building seriously damaged in the 4 March 1977 earthquake, consolidation until 1989 (search summary; the museum itself is a different building on Șos. Kiseleff).\", \"retrieved\": \"2026-10-05\", \"by\": \"agent\"}, {\"source\": \"web\", \"ref\": \"https://igr.ro/\", \"lat\": null, \"lon\": null, \"precision\": \"address\", \"evidence\": \"IGR institutional site/registers: Str. Caransebeș nr. 1, București.\", \"retrieved\": \"2026-10-05\", \"by\": \"agent\"}]", "checked_by": "agent (sonnet) + auto (s21)", "flags": "", "name": "Institutul de geologie și geofizică al MMPG", "type": "", "class": "structure", "locality": "București", "address_1977": "Str. Caransebeș 1", "period": "1968-1972", "height": "2 subsoluri, parter și 13 etaje", "system": "ss_cadre_ba_monolit", "iv_classes": "local", "iv_techniques": "ms_injectare", "iv_only_proposed": "0", "outcome_unit": "v1_p0205_03"}}, {"type": "Feature", "id": "v1_b_X018_b_ipb_corp_an", "geometry": {"type": "Point", "coordinates": [26.050573, 44.439332]}, "properties": {"building_id": "v1_b_X018_b_ipb_corp_an", "batch_id": "P2_02", "locatable": "area", "precision": "area", "status": "area", "n_sources": "1", "n_agree": "1", "agreement_m": "", "outcome_1977": "severe", "outcome_quote": "au cedat stâlpi la corpurile AN și CF cu betonul sfărâmat și expulzat și cu armăturile puternic deformate", "status_today": "unknown", "status_source": "", "modern_address": "Universitatea Politehnica București (Grozăvești campus), Splaiul Independenței 313, sector 6 - corp AN (exact building not identified)", "historic_address_note": "Building code 'AN' is still used on the campus today (Rectorate/Institutul CAMPUS rooms AN...; 'CF building' in directory listings), but 1977 and current corp letters may differ.", "dupacutremur_building_uid": "", "osm_footprint_ref": "way/23608402 (campus polygon)", "wikidata": "", "confidence": "low", "notes": "pass2: no building-level evidence. Nominatim finds no 'Corp AN', campus maps (PDF) were not machine-readable. Point is the campus centre.", "open_question": "Which campus building is corp AN (UPB map with building codes; 1977 plan).", "review_note": "", "sources": "[{\"source\": \"osm\", \"ref\": \"way/23608402\", \"lat\": 44.4393317, \"lon\": 26.0505729, \"precision\": \"area\", \"evidence\": \"OSM campus polygon Universitatea Politehnica din București, Splaiul Independenței 313 (very large; centre point).\", \"retrieved\": \"2026-10-05\", \"by\": \"agent\", \"d_m\": 0}, {\"source\": \"web\", \"ref\": \"search results (upb.ro contact/firmania directory)\", \"lat\": null, \"lon\": null, \"precision\": \"area\", \"evidence\": \"Directory listings show a building coded AN at Splaiul Independenței 313; no building coordinates.\", \"retrieved\": \"2026-10-05\", \"by\": \"agent\"}]", "checked_by": "agent (sonnet) + auto (s21)", "flags": "footprint_far:254m", "name": "corpul AN al Institutului Politehnic din București", "type": "bc_scoala", "class": "structure", "locality": "București", "address_1977": "", "period": "", "height": "", "system": "", "iv_classes": "", "iv_techniques": "", "iv_only_proposed": "", "outcome_unit": "v1_p0208_02"}}, {"type": "Feature", "id": "v1_b_X018_b_ipb_corp_cf", "geometry": {"type": "Point", "coordinates": [26.050573, 44.439332]}, "properties": {"building_id": "v1_b_X018_b_ipb_corp_cf", "batch_id": "P2_02", "locatable": "area", "precision": "area", "status": "area", "n_sources": "1", "n_agree": "1", "agreement_m": "", "outcome_1977": "severe", "outcome_quote": "au cedat stâlpi la corpurile AN și CF cu betonul sfărâmat și expulzat și cu armăturile puternic deformate", "status_today": "unknown", "status_source": "", "modern_address": "Universitatea Politehnica București (Grozăvești campus), Splaiul Independenței 313, sector 6 - corp CF (exact building not identified)", "historic_address_note": "Building code 'CF' is still used on the campus today (Rectorate/Institutul CAMPUS rooms AN...; 'CF building' in directory listings), but 1977 and current corp letters may differ.", "dupacutremur_building_uid": "", "osm_footprint_ref": "way/23608402 (campus polygon)", "wikidata": "", "confidence": "low", "notes": "pass2: no building-level evidence. Nominatim finds no 'Corp CF', campus maps (PDF) were not machine-readable. Point is the campus centre.", "open_question": "Which campus building is corp CF (UPB map with building codes; 1977 plan).", "review_note": "", "sources": "[{\"source\": \"osm\", \"ref\": \"way/23608402\", \"lat\": 44.4393317, \"lon\": 26.0505729, \"precision\": \"area\", \"evidence\": \"OSM campus polygon Universitatea Politehnica din București, Splaiul Independenței 313 (very large; centre point).\", \"retrieved\": \"2026-10-05\", \"by\": \"agent\", \"d_m\": 0}, {\"source\": \"web\", \"ref\": \"search results (upb.ro contact/firmania directory)\", \"lat\": null, \"lon\": null, \"precision\": \"area\", \"evidence\": \"Directory listings show a building coded CF at Splaiul Independenței 313; no building coordinates.\", \"retrieved\": \"2026-10-05\", \"by\": \"agent\"}]", "checked_by": "agent (sonnet) + auto (s21)", "flags": "footprint_far:254m", "name": "corpul CF al Institutului Politehnic din București", "type": "bc_scoala", "class": "structure", "locality": "București", "address_1977": "", "period": "", "height": "", "system": "", "iv_classes": "", "iv_techniques": "", "iv_only_proposed": "", "outcome_unit": "v1_p0208_02"}}, {"type": "Feature", "id": "v1_b_X018_b_iptsc_oltenitei_105", "geometry": {"type": "Point", "coordinates": [26.124607, 44.392697]}, "properties": {"building_id": "v1_b_X018_b_iptsc_oltenitei_105", "batch_id": "P2_02", "locatable": "point", "precision": "address", "status": "single", "n_sources": "1", "n_agree": "1", "agreement_m": "", "outcome_1977": "severe", "outcome_quote": "grave avarii (crăpături, dislocări și chiar prăbușiri) la pereții interiori", "status_today": "unknown", "status_source": "OSM way/744464726, way/170986369 (no 13-storey building mapped at the address)", "modern_address": "Șos. Olteniței 105, București (sector 4, Piața Sudului)", "historic_address_note": "Same street and number today; the Institutul de Cercetare-Dezvoltare pentru Sectoare Calde (successor of ICPTSC) is recorded at Șos. Olteniței 105 from at least 2015 (company registers, istoriaadresei.com); Construcția de Mașini 1976 lists ICPTSC at the same address.", "dupacutremur_building_uid": "", "osm_footprint_ref": "way/744464726 and way/170986369 (what is mapped at the address; neither matches the tower)", "wikidata": "", "confidence": "medium", "notes": "pass2: address confirmed by three families (report, 1976 journal, company records of the successor institute). Point remains the mean of the two OSM buildings at no. 105, ~65 m apart; the 47 m / 43.9 x 15.1 m slab perpendicular to Șos. Olteniței is not found in OSM within 150 m (osm-near), so it may be unmapped or demolished.", "open_question": "Historic aerial imagery for the 13-storey slab at no. 105 and whether it survives.", "review_note": "", "sources": "[{\"source\": \"osm\", \"ref\": \"way/744464726\", \"lat\": 44.392895, \"lon\": 26.124215, \"precision\": \"address\", \"evidence\": \"OSM office 'ICTCM', 3 levels, addr Șos. Olteniței 105.\", \"retrieved\": \"2026-10-05\", \"by\": \"agent\", \"d_m\": 38}, {\"source\": \"osm\", \"ref\": \"way/170986369\", \"lat\": 44.3925308, \"lon\": 26.1249996, \"precision\": \"address\", \"evidence\": \"OSM building 'INTEC', 5 levels, addr 105.\", \"retrieved\": \"2026-10-05\", \"by\": \"agent+auto\", \"d_m\": 36}, {\"source\": \"paper\", \"ref\": \"https://adt.arcanum.com/de/view/ConstructiaDeMasini_1976/?pg=1\", \"lat\": null, \"lon\": null, \"precision\": \"address\", \"evidence\": \"Construcția de Mașini 1976 lists ICPTSC at Șos. Olteniței 105 (snippet).\", \"retrieved\": \"2026-10-05\", \"by\": \"agent\"}, {\"source\": \"web\", \"ref\": \"https://www.istoriaadresei.com/soseaua-oltenitei-105-cladirea-intec-bucure%C8%99ti-041303-romania\", \"lat\": null, \"lon\": null, \"precision\": \"address\", \"evidence\": \"Address history: Institutul de Cercetare-Dezvoltare pentru Sectoare Calde headquartered at Șos. Olteniței 105 (from ~2015).\", \"retrieved\": \"2026-10-05\", \"by\": \"agent\"}]", "checked_by": "agent (sonnet) + auto (s21)", "flags": "", "name": "Institutul de cercetări și proiectări tehnologice pentru sectoare calde al MICM", "type": "", "class": "structure", "locality": "București", "address_1977": "Sos. Olteniței nr. 105 | Sos. Olteniței 105", "period": "", "height": "subsol, parter și 13 etaje | S+P+13", "system": "ss_cadre_ba_monolit | ss_cadre_ba", "iv_classes": "local", "iv_techniques": "ms_camasuire;ms_injectare;ms_torcretare", "iv_only_proposed": "0", "outcome_unit": "v1_p0204_00"}}, {"type": "Feature", "id": "v1_b_X018_b_sala_congreselor", "geometry": {"type": "Point", "coordinates": [26.095058, 44.43901]}, "properties": {"building_id": "v1_b_X018_b_sala_congreselor", "batch_id": "G04", "locatable": "point", "precision": "building", "status": "verified", "n_sources": "2", "n_agree": "2", "agreement_m": "14", "outcome_1977": "none", "outcome_quote": "au avut o bună comportare la cutremur, neînregistrîndu-se avarii care să afecteze structura", "status_today": "standing", "status_source": "OSM way/232472620; Wikidata Q7403332", "modern_address": "Sala Palatului, Str. Ion Câmpineanu 28, București (sector 1)", "historic_address_note": "'Sala Congreselor de la Palatul R.S.R.' interpreted as Sala Palatului (built 1959-60 behind the former royal palace; hosted PCR congresses; en.wikipedia Sala_Palatului via search)", "dupacutremur_building_uid": "", "osm_footprint_ref": "way/232472620", "wikidata": "Q7403332", "confidence": "medium", "notes": "Identification of the name as Sala Palatului is an inference (congress hall at the Palace, 4000 seats, PCR congresses); the two coordinate sources agree within ~30 m, but they are two records of the same identification, not an independent confirmation of it.", "open_question": "Confirm in a 1970s source that 'Sala Congreselor' = Sala Palatului (and not a hall in the Palace of the Republic proper).", "review_note": "", "sources": "[{\"source\": \"osm\", \"ref\": \"way/232472620\", \"lat\": 44.4391317, \"lon\": 26.0951166, \"precision\": \"building\", \"evidence\": \"OSM amenity 'Sala Palatului', Str. Ion Câmpineanu 28\", \"retrieved\": \"2026-10-05\", \"by\": \"agent+auto\", \"d_m\": 14}, {\"source\": \"wikidata\", \"ref\": \"Q7403332\", \"lat\": 44.43888888888889, \"lon\": 26.095, \"precision\": \"building\", \"evidence\": \"Wikidata Sala Palatului, concert hall in Bucharest\", \"retrieved\": \"2026-10-05\", \"by\": \"agent+auto\", \"d_m\": 14}]", "checked_by": "agent (sonnet) + auto (s21)", "flags": "", "name": "Sala Congreselor de la Palatul R.S.R.", "type": "", "class": "structure", "locality": "București", "address_1977": "", "period": "", "height": "", "system": "", "iv_classes": "", "iv_techniques": "", "iv_only_proposed": "", "outcome_unit": "v1_p0207_04"}}, {"type": "Feature", "id": "v1_b_X018_b_spital_urgenta", "geometry": {"type": "Point", "coordinates": [26.101482, 44.45382]}, "properties": {"building_id": "v1_b_X018_b_spital_urgenta", "batch_id": "G04", "locatable": "point", "precision": "building", "status": "verified", "n_sources": "2", "n_agree": "2", "agreement_m": "6", "outcome_1977": "moderate", "outcome_quote": "La Spitalul de Urgență au apărut mari degradări", "status_today": "standing", "status_source": "OSM way/1227559971; Wikidata Q5460508", "modern_address": "Spitalul Clinic de Urgență București (Floreasca), Calea Floreasca 8, București (sector 1)", "historic_address_note": "'Spitalul de Urgență' in 1977 Bucharest taken to be the Floreasca Emergency Hospital (Calea Floreasca 8, emergency institution since 1930s/1960)", "dupacutremur_building_uid": "", "osm_footprint_ref": "way/1227559971", "wikidata": "Q5460508", "confidence": "medium", "notes": "The report names only 'Spitalul de Urgență'; Floreasca is by far the best candidate and the 1977 testimony of damage there matches, but the report gives no address and the snippet was only seen in a search summary.", "open_question": "Check other volumes for an address; confirm which hospital pavilion at Floreasca.", "review_note": "", "sources": "[{\"source\": \"osm\", \"ref\": \"way/1227559971\", \"lat\": 44.4538752, \"lon\": 26.1014911, \"precision\": \"building\", \"evidence\": \"OSM amenity 'Spitalul Clinic de Urgență București', Calea Floreasca 8\", \"retrieved\": \"2026-10-05\", \"by\": \"agent+auto\", \"d_m\": 6}, {\"source\": \"wikidata\", \"ref\": \"Q5460508\", \"lat\": 44.453763888889, \"lon\": 26.101472222222, \"precision\": \"building\", \"evidence\": \"Wikidata Floreasca Hospital (Spitalul Clinic de Urgență București)\", \"retrieved\": \"2026-10-05\", \"by\": \"agent+auto\", \"d_m\": 6}, {\"source\": \"web\", \"ref\": \"https://www.wall-street.ro/articol/Social/117562/35-de-ani-de-la-cutremurul-care-a-indoliat-romania.html\", \"lat\": null, \"lon\": null, \"precision\": \"address\", \"evidence\": \"Search snippet: Floreasca emergency hospital was damaged in 1977 (about 20 columns broken, evacuated); no coordinates\", \"retrieved\": \"2026-10-05\", \"by\": \"agent\"}]", "checked_by": "agent (sonnet) + auto (s21)", "flags": "", "name": "Spitalul de Urgență", "type": "bc_spital", "class": "structure", "locality": "București", "address_1977": "", "period": "", "height": "", "system": "ss_cadre_ba", "iv_classes": "", "iv_techniques": "", "iv_only_proposed": "", "outcome_unit": "v1_p0208_01"}}, {"type": "Feature", "id": "v1_b_X018_b_teatrul_national", "geometry": {"type": "Point", "coordinates": [26.103686, 44.436971]}, "properties": {"building_id": "v1_b_X018_b_teatrul_national", "batch_id": "G04", "locatable": "point", "precision": "building", "status": "verified", "n_sources": "2", "n_agree": "2", "agreement_m": "38", "outcome_1977": "none", "outcome_quote": "au avut o bună comportare la cutremur, neînregistrîndu-se avarii care să afecteze structura", "status_today": "standing", "status_source": "OSM way/41542957; Wikidata Q1138828", "modern_address": "Teatrul Național 'I. L. Caragiale', Bd. Nicolae Bălcescu 2, București (sector 1)", "historic_address_note": "Piața Universității building opened 1973, so it is the one standing in 1977; address unchanged", "dupacutremur_building_uid": "", "osm_footprint_ref": "way/41542957", "wikidata": "Q1138828", "confidence": "high", "notes": "Two sources agree within ~75 m (Wikidata point is a coarse building centre). Opening year 1973 is from memory, not re-verified here.", "open_question": "", "review_note": "", "sources": "[{\"source\": \"osm\", \"ref\": \"way/41542957\", \"lat\": 44.4372979, \"lon\": 26.1038036, \"precision\": \"building\", \"evidence\": \"OSM amenity 'Teatrul Național', Bd. Nicolae Bălcescu 2\", \"retrieved\": \"2026-10-05\", \"by\": \"agent\", \"d_m\": 38}, {\"source\": \"wikidata\", \"ref\": \"Q1138828\", \"lat\": 44.43664444, \"lon\": 26.10356944, \"precision\": \"building\", \"evidence\": \"Wikidata National Theatre Bucharest 'Ion Luca Caragiale'\", \"retrieved\": \"2026-10-05\", \"by\": \"agent+auto\", \"d_m\": 37}]", "checked_by": "agent (sonnet) + auto (s21)", "flags": "", "name": "Teatrul Național", "type": "", "class": "structure", "locality": "București", "address_1977": "", "period": "", "height": "", "system": "", "iv_classes": "", "iv_techniques": "", "iv_only_proposed": "", "outcome_unit": "v1_p0207_04"}}, {"type": "Feature", "id": "v1_b_X019_b_depou_bucurestii_noi", "geometry": {"type": "Point", "coordinates": [26.045037, 44.479395]}, "properties": {"building_id": "v1_b_X019_b_depou_bucurestii_noi", "batch_id": "P2_02", "locatable": "point", "precision": "site", "status": "verified", "n_sources": "2", "n_agree": "2", "agreement_m": "223", "outcome_1977": "unknown", "outcome_quote": "", "status_today": "standing", "status_source": "OSM way/395006195", "modern_address": "Depoul de tramvaie Bucureștii Noi (STB), Bd. Bucureștii Noi 42, București (sector 1)", "historic_address_note": "Depot built 1943 (forum) so existed in 1977; OSM tags the polygon depot=tram, and a trolleybus depot polygon overlaps it.", "dupacutremur_building_uid": "", "osm_footprint_ref": "way/395006195 (tram depot landuse, 44.4781-44.4804 N, 26.0437-26.0466 E)", "wikidata": "Q128305642", "confidence": "high", "notes": "pass2: footprint found (OSM depot polygon), upgrading from address node. Independent families: OSM polygon, Wikidata stop, forum address - all consistent within ~200 m. The report's list mixes tram depots ('Splaiul Unirii, Dudești, Bucureștii Noi, Panduri, Floreasca, Șerban Vodă').", "open_question": "", "review_note": "", "sources": "[{\"source\": \"osm\", \"ref\": \"way/395006195\", \"lat\": 44.479395, \"lon\": 26.045037, \"precision\": \"site\", \"evidence\": \"OSM landuse=industrial depot=tram 'Depoul Bucureștii Noi' (polygon centroid).\", \"retrieved\": \"2026-10-05\", \"by\": \"agent\", \"d_m\": 0}, {\"source\": \"osm\", \"ref\": \"way/42934441\", \"lat\": 44.479457, \"lon\": 26.044997, \"precision\": \"site\", \"evidence\": \"OSM landuse=industrial 'Depoul STB Bucurestii Noi' (depot=trolleybus; overlapping polygon).\", \"retrieved\": \"2026-10-05\", \"by\": \"agent\", \"d_m\": 8}, {\"source\": \"osm\", \"ref\": \"node/3422110227\", \"lat\": 44.4791461, \"lon\": 26.0439664, \"precision\": \"address\", \"evidence\": \"OSM address point 42 Bd. Bucureștii Noi, inside the polygon's extent (pass-1 candidate).\", \"retrieved\": \"2026-10-05\", \"by\": \"agent\", \"d_m\": 89}, {\"source\": \"wikidata\", \"ref\": \"Q128305642\", \"lat\": 44.4773921, \"lon\": 26.0451532, \"precision\": \"site\", \"evidence\": \"Wikidata tram stop 'Depoul Bucureștii Noi', ~200 m south of the polygon centroid (stop, not the yard).\", \"retrieved\": \"2026-10-05\", \"by\": \"agent+auto\", \"d_m\": 223}, {\"source\": \"web\", \"ref\": \"https://forum.metrouusor.com/ViewTopic?topicId=255&pageNum=1\", \"lat\": null, \"lon\": null, \"precision\": \"address\", \"evidence\": \"Metrou Ușor forum: depot at Bd. Bucureștii Noi nr. 42, built 1943.\", \"retrieved\": \"2026-10-05\", \"by\": \"agent\"}]", "checked_by": "agent (sonnet) + auto (s21)", "flags": "", "name": "depoul de tramvaie Bucureștii Noi", "type": "bc_hala", "class": "structure", "locality": "București", "address_1977": "Bucureștii Noi", "period": "", "height": "", "system": "ss_cadre_ba_monolit", "iv_classes": "", "iv_techniques": "", "iv_only_proposed": "", "outcome_unit": ""}}, {"type": "Feature", "id": "v1_b_X019_b_depou_dudesti", "geometry": {"type": "Point", "coordinates": [26.131114, 44.419914]}, "properties": {"building_id": "v1_b_X019_b_depou_dudesti", "batch_id": "P2_02", "locatable": "point", "precision": "site", "status": "verified", "n_sources": "2", "n_agree": "2", "agreement_m": "196", "outcome_1977": "unknown", "outcome_quote": "", "status_today": "standing", "status_source": "OSM way/983171912", "modern_address": "Depoul de tramvaie Dudești (STB), Calea Dudești 184, București (sector 3)", "historic_address_note": "Same depot still operated by STB; address node 184 lies at the north edge of the depot polygon.", "dupacutremur_building_uid": "", "osm_footprint_ref": "way/983171912 (tram depot landuse, 44.4194-44.4214 N, 26.1303-26.1326 E); depot hall way/145398993", "wikidata": "Q128305310", "confidence": "high", "notes": "pass2: footprint polygon found; point moved from the gate address to the yard centroid. OSM, Wikidata and forum agree (the stop and address node are within the polygon extent). Listed as an existing tram depot (Metrou Ușor, 'existing depots: ... Dudești').", "open_question": "", "review_note": "", "sources": "[{\"source\": \"osm\", \"ref\": \"way/983171912\", \"lat\": 44.419914, \"lon\": 26.131114, \"precision\": \"site\", \"evidence\": \"OSM landuse=industrial depot=tram 'Depoul Dudești' (polygon centroid).\", \"retrieved\": \"2026-10-05\", \"by\": \"agent\", \"d_m\": 0}, {\"source\": \"osm\", \"ref\": \"way/145398993\", \"lat\": 44.420305, \"lon\": 26.131498, \"precision\": \"building\", \"evidence\": \"OSM industrial building tagged depot=tram inside the yard.\", \"retrieved\": \"2026-10-05\", \"by\": \"agent\", \"d_m\": 53}, {\"source\": \"osm\", \"ref\": \"node/2388929024\", \"lat\": 44.4213228, \"lon\": 26.1319207, \"precision\": \"address\", \"evidence\": \"OSM address point 184 Calea Dudești (pass-1 candidate; at the northern edge of the polygon).\", \"retrieved\": \"2026-10-05\", \"by\": \"agent\", \"d_m\": 169}, {\"source\": \"wikidata\", \"ref\": \"Q128305310\", \"lat\": 44.4216335, \"lon\": 26.1316781, \"precision\": \"site\", \"evidence\": \"Wikidata tram stop 'Depoul Dudești' at the north gate.\", \"retrieved\": \"2026-10-05\", \"by\": \"agent+auto\", \"d_m\": 196}, {\"source\": \"web\", \"ref\": \"https://forum.metrouusor.com/ViewTopic?topicId=254&pageNum=1\", \"lat\": null, \"lon\": null, \"precision\": \"address\", \"evidence\": \"Metrou Ușor forum: Depoul Dudești at Calea Dudești nr. 184, sector 3.\", \"retrieved\": \"2026-10-05\", \"by\": \"agent\"}]", "checked_by": "agent (sonnet) + auto (s21)", "flags": "", "name": "depoul de tramvaie Dudești", "type": "bc_hala", "class": "structure", "locality": "București", "address_1977": "Dudești", "period": "", "height": "", "system": "ss_cadre_ba_monolit", "iv_classes": "", "iv_techniques": "", "iv_only_proposed": "", "outcome_unit": ""}}, {"type": "Feature", "id": "v1_b_X019_b_depou_floreasca", "geometry": {"type": "Point", "coordinates": [26.103607, 44.46054]}, "properties": {"building_id": "v1_b_X019_b_depou_floreasca", "batch_id": "P2_02", "locatable": "point", "precision": "site", "status": "single", "n_sources": "1", "n_agree": "1", "agreement_m": "", "outcome_1977": "unknown", "outcome_quote": "", "status_today": "standing", "status_source": "OSM way/28241026 (depot=bus)", "modern_address": "Autobaza Floreasca (RATB/STB depot), Bd. Barbu Văcărescu area, Floreasca, București (sector 2)", "historic_address_note": "Report: 'depoul de tramvaie Floreasca'. A Floreasca RATB depot existed (Tram Club forum: yards on Bd. Barbu Văcărescu and near Str. Mozart); OSM tags the site depot=bus. Metrou Ușor's list of tram depots (existing: Alexandriei, București Noi, Colentina, Dudești, Giurgiului, Militari, Titan, Victoriei; former: Giulești, Cotroceni, Panduri, Splaiul Unirii) does not include Floreasca, so 'tram' in the report may be loose wording for the RATB depot.", "dupacutremur_building_uid": "", "osm_footprint_ref": "way/28241026 (Autobaza Floreasca, industrial depot polygon)", "wikidata": "", "confidence": "low", "notes": "pass2: pass-1 'bus base' ambiguity examined. Location is the only Floreasca RATB depot found; two weak families (OSM name, forum), and tram use is unproven (no tram depot at Floreasca in the Metrou Ușor list). Str. Mozart in OSM is ~500 m NE of this polygon, so the forum's second yard is unresolved.", "open_question": "Was there ever a tram depot at Floreasca in 1977 (RATB history)? If so, where?", "review_note": "", "sources": "[{\"source\": \"osm\", \"ref\": \"way/28241026\", \"lat\": 44.46054, \"lon\": 26.103607, \"precision\": \"site\", \"evidence\": \"OSM landuse=industrial depot=bus 'Autobaza Floreasca' (polygon centroid; 44.4596-44.4613 N, 26.1025-26.1047 E).\", \"retrieved\": \"2026-10-05\", \"by\": \"agent\", \"d_m\": 0}, {\"source\": \"web\", \"ref\": \"https://tramclub.org/viewtopic.php?p=55732 (search snippet; page unreachable)\", \"lat\": null, \"lon\": null, \"precision\": \"site\", \"evidence\": \"Tram Club forum on RATB depots: Floreasca depot with a yard on Bd. Barbu Văcărescu and another ~100 m away on Str. Mozart.\", \"retrieved\": \"2026-10-05\", \"by\": \"agent\"}]", "checked_by": "agent (sonnet) + auto (s21)", "flags": "", "name": "depoul de tramvaie Floreasca", "type": "bc_hala", "class": "structure", "locality": "București", "address_1977": "Floreasca", "period": "", "height": "", "system": "ss_cadre_ba_monolit", "iv_classes": "", "iv_techniques": "", "iv_only_proposed": "", "outcome_unit": ""}}, {"type": "Feature", "id": "v1_b_X019_b_depou_panduri", "geometry": {"type": "Point", "coordinates": [26.072066, 44.426073]}, "properties": {"building_id": "v1_b_X019_b_depou_panduri", "batch_id": "P2_03", "locatable": "point", "precision": "site", "status": "single", "n_sources": "1", "n_agree": "1", "agreement_m": "", "outcome_1977": "unknown", "outcome_quote": "", "status_today": "replaced", "status_source": "https://forum.metrouusor.com/ViewTopic?pageNum=1&topicId=618 ; OSM way/244662435", "modern_address": "Șos. Panduri, near Calea 13 Septembrie, București (sector 5) - today INEMRCM", "historic_address_note": "Tram depot 1942-1987 on Șos. Panduri; demolished 1987 (forum)", "dupacutremur_building_uid": "", "osm_footprint_ref": "way/244662435 (INEMRCM institute, said to stand on the old depot site)", "wikidata": "", "confidence": "low", "notes": "pass2: point moved to the OSM footprint centre of the institute (pass-1 point was ~46 m off the polygon centre). The depot identity/site still rests on a single forum statement; the institute address is independently confirmed but says nothing about the depot. Depot footprint not verified; located as a site (a few hundred metres).", "open_question": "Check a pre-1987 map for the Panduri depot footprint vs the institute plot (Sos. Panduri 22).", "review_note": "", "sources": "[{\"source\": \"osm\", \"ref\": \"way/244662435\", \"lat\": 44.426073, \"lon\": 26.072066, \"precision\": \"site\", \"evidence\": \"OSM footprint centre of the medical-expertise institute (hospital), Sos. Panduri; forum says depot site is now medical institutes\", \"retrieved\": \"2026-10-05\", \"by\": \"agent\", \"d_m\": 0}, {\"source\": \"web\", \"ref\": \"https://forum.metrouusor.com/ViewTopic?pageNum=1&topicId=618\", \"lat\": null, \"lon\": null, \"precision\": \"street\", \"evidence\": \"Forum: tram depot Sos. Panduri near Calea 13 Septembrie, 1942-1987, site now medical institutes\", \"retrieved\": \"2026-10-05\", \"by\": \"agent\"}, {\"source\": \"web\", \"ref\": \"INEMRCM address records (cncd.ro / cnpp.ro decisions, search result)\", \"lat\": null, \"lon\": null, \"precision\": \"address\", \"evidence\": \"Institute address given as Sos. Panduri nr. 22, sector 5; confirms the institute location only, not the depot (search-result summary)\", \"retrieved\": \"2026-10-05\", \"by\": \"agent\"}]", "checked_by": "agent (sonnet) + auto (s21)", "flags": "", "name": "depoul de tramvaie Panduri", "type": "bc_hala", "class": "structure", "locality": "București", "address_1977": "Panduri", "period": "", "height": "", "system": "ss_cadre_ba_monolit", "iv_classes": "", "iv_techniques": "", "iv_only_proposed": "", "outcome_unit": ""}}, {"type": "Feature", "id": "v1_b_X019_b_depou_splaiul_unirii", "geometry": {"type": "Point", "coordinates": [26.124393, 44.406719]}, "properties": {"building_id": "v1_b_X019_b_depou_splaiul_unirii", "batch_id": "P2_03", "locatable": "point", "precision": "site", "status": "single", "n_sources": "1", "n_agree": "1", "agreement_m": "", "outcome_1977": "unknown", "outcome_quote": "", "status_today": "replaced", "status_source": "https://en.wikipedia.org/wiki/Tineretului ; OSM way/231855576", "modern_address": "Asmita Gardens, Splaiul Unirii, Văcărești, București (sector 4)", "historic_address_note": "Depot demolished 1987 during river-bank works (forum)", "dupacutremur_building_uid": "", "osm_footprint_ref": "way/231855576", "wikidata": "", "confidence": "medium", "notes": "pass2: second independent family found (English Wikipedia, article Tineretului) agreeing with the forum and with the OSM complex. Point = Asmita Gardens footprint (the depot plot); the exact depot outline is not mapped.", "open_question": "", "review_note": "", "sources": "[{\"source\": \"osm\", \"ref\": \"way/231855576\", \"lat\": 44.4067186, \"lon\": 26.1243931, \"precision\": \"site\", \"evidence\": \"OSM Asmita Gardens residential complex, Splaiul Unirii\", \"retrieved\": \"2026-10-05\", \"by\": \"agent\", \"d_m\": 0}, {\"source\": \"wikipedia\", \"ref\": \"https://en.wikipedia.org/wiki/Tineretului\", \"lat\": null, \"lon\": null, \"precision\": \"site\", \"evidence\": \"English Wikipedia (Tineretului): Splaiul Unirii tram line and depot dismantled 1987; Asmita Gardens stands on the depot site\", \"retrieved\": \"2026-10-05\", \"by\": \"agent\"}, {\"source\": \"web\", \"ref\": \"https://forum.metrouusor.com/ViewTopic?pageNum=1&topicId=619\", \"lat\": null, \"lon\": null, \"precision\": \"site\", \"evidence\": \"Forum: depot (1938-1987) stood where Asmita Gardens stands, north bank of Dambovita\", \"retrieved\": \"2026-10-05\", \"by\": \"agent\"}]", "checked_by": "agent (sonnet) + auto (s21)", "flags": "", "name": "depoul de tramvaie Splaiul Unirii", "type": "bc_hala", "class": "structure", "locality": "București", "address_1977": "Splaiul Unirii", "period": "", "height": "", "system": "ss_cadre_ba_monolit", "iv_classes": "", "iv_techniques": "", "iv_only_proposed": "", "outcome_unit": ""}}, {"type": "Feature", "id": "v1_b_X019_b_hala_sculerie_grivita_rosie", "geometry": {"type": "Point", "coordinates": [26.054257, 44.462396]}, "properties": {"building_id": "v1_b_X019_b_hala_sculerie_grivita_rosie", "batch_id": "P3_02", "locatable": "point", "precision": "site", "status": "single", "n_sources": "1", "n_agree": "1", "agreement_m": "", "outcome_1977": "collapsed", "outcome_quote": "se citează prăbușirea parțială a acoperișului de beton armat monolit", "status_today": "standing", "status_source": "OSM way/345924855; ro.wikipedia Atelierele CFR Grivița", "modern_address": "GRIRO (fosta Întreprindere de utilaj chimic Grivița Roșie), Calea Griviței 355-357, București sector 1", "historic_address_note": "Utilaj chimic Grivița Roșie became independent in 1961 from the CFR Grivița workshops, renamed GRIRO in 1990.", "dupacutremur_building_uid": "", "osm_footprint_ref": "way/345924855 (Griro, 355-357 Calea Griviței)", "wikidata": "", "confidence": "medium", "notes": "Plant site only (not the tool-shop hall). Two families (OSM; Wikipedia/article) agree on the plant at 355-357. The hall itself is not identifiable.", "open_question": "Which hall (sculărie) on the GRIRO platform.", "review_note": "", "sources": "[{\"source\": \"osm\", \"ref\": \"way/345924855\", \"lat\": 44.4623957, \"lon\": 26.0542573, \"precision\": \"site\", \"evidence\": \"OSM building 'Griro', Calea Griviței 355-357.\", \"retrieved\": \"2026-10-05\", \"by\": \"agent\", \"d_m\": 0}, {\"source\": \"wikipedia\", \"ref\": \"https://ro.wikipedia.org/wiki/Atelierele_CFR_Grivi%C8%9Ba\", \"lat\": null, \"lon\": null, \"precision\": \"site\", \"evidence\": \"Utilaj Chimic Grivița Roșie independent from 1961, later GRIRO, headquartered in the Grivița workshop zone.\", \"retrieved\": \"2026-10-05\", \"by\": \"agent\"}, {\"source\": \"web\", \"ref\": \"https://arhitectura-1906.ro/2018/11/atelierele-cfr-grivita-griro-un-caz-de-conversie-functionala-a-patrimoniului-industrial/\", \"lat\": null, \"lon\": null, \"precision\": \"site\", \"evidence\": \"Article on the CFR Grivița - GRIRO site (seen via search summary only); address Calea Griviței 355-357.\", \"retrieved\": \"2026-10-05\", \"by\": \"agent\"}]", "checked_by": "agent (sonnet) + auto (s21)", "flags": "", "name": "hala secției de sculărie de la Întreprinderea de utilaj chimic Grivița Roșie", "type": "bc_hala", "class": "structure", "locality": "București", "address_1977": "", "period": "", "height": "", "system": "ss_cadre_ba_monolit", "iv_classes": "", "iv_techniques": "", "iv_only_proposed": "", "outcome_unit": "v1_p0218_02"}}, {"type": "Feature", "id": "v1_b_X020_b_23_august_ansambluri", "geometry": {"type": "Point", "coordinates": [26.186652, 44.430618]}, "properties": {"building_id": "v1_b_X020_b_23_august_ansambluri", "batch_id": "P2_03", "locatable": "area", "precision": "site", "status": "area", "n_sources": "2", "n_agree": "2", "agreement_m": "491", "outcome_1977": "collapsed", "outcome_quote": "La Întreprinderea \"23 August\" din București s-a prăbușit o porțiune a acoperișului halei de la secția de ansambluri sudate", "status_today": "unknown", "status_source": "", "modern_address": "Uzinele FAUR (fost 23 August), Bd. Basarabia 256, București (sector 3)", "historic_address_note": "'Întreprinderea 23 August' = Uzinele 23 August, now FAUR, Bd. Basarabia 256", "dupacutremur_building_uid": "", "osm_footprint_ref": "", "wikidata": "", "confidence": "medium", "notes": "pass2: the plant spans >90 ha, so the top-level point is moved from the Bd. Basarabia frontage (pass 1) to the mean of two OSM plant-interior features (Poarta 3 and Hala Laminor): a representative interior point, not the hall. The welded-assembly hall (24 x 12 m bays, 2 x 50 t cranes) is not identifiable from public sources; the frontage candidates from pass 1 are kept for reference. Tram-stop objects remain non-independent of the address.", "open_question": "Find the secția ansambluri sudate hall inside the Faur platform; probably needs plant plans.", "review_note": "", "sources": "[{\"source\": \"osm\", \"ref\": \"railway 'Faur' Bd. Basarabia\", \"lat\": 44.4343702, \"lon\": 26.1835697, \"precision\": \"street\", \"evidence\": \"OSM railway/tram stop 'Faur' on Bd. Basarabia at the plant\", \"retrieved\": \"2026-10-05\", \"by\": \"agent\", \"d_m\": 484}, {\"source\": \"wikidata\", \"ref\": \"Q128305651\", \"lat\": 44.4343589, \"lon\": 26.183359, \"precision\": \"street\", \"evidence\": \"Wikidata Faur tram station\", \"retrieved\": \"2026-10-05\", \"by\": \"agent\", \"d_m\": 491}, {\"source\": \"osm\", \"ref\": \"node/5486087448\", \"lat\": 44.4337649, \"lon\": 26.1836473, \"precision\": \"address\", \"evidence\": \"OSM office at 256 Bd. Basarabia (Faur plant address per ro.wikipedia 'Uzinele 23 August': Bd. Basarabia 256, >90 ha)\", \"retrieved\": \"2026-10-05\", \"by\": \"agent\", \"d_m\": 424}, {\"source\": \"osm\", \"ref\": \"way/164806347 (Faur Poarta 3)\", \"lat\": 44.430692, \"lon\": 26.183628, \"precision\": \"site\", \"evidence\": \"OSM gate \\\"Faur Poarta 3\\\" inside the plant, ~600 m from the Bd. Basarabia frontage\", \"retrieved\": \"2026-10-05\", \"by\": \"agent\", \"d_m\": 240}, {\"source\": \"osm\", \"ref\": \"way/173567550 (Hala Laminor)\", \"lat\": 44.430544, \"lon\": 26.189676, \"precision\": \"site\", \"evidence\": \"OSM Hala Laminor, a hall inside the Faur/Malaxa plant (not the welded-assembly hall)\", \"retrieved\": \"2026-10-05\", \"by\": \"agent\", \"d_m\": 240}, {\"source\": \"wikipedia\", \"ref\": \"https://ro.wikipedia.org/wiki/Uzinele_Faur\", \"lat\": null, \"lon\": null, \"precision\": \"address\", \"evidence\": \"Plant at Bd. Basarabia 256, >90 ha; names Malaxa / 23 August / Faur; heritage monument code B-II-a-A-18091\", \"retrieved\": \"2026-10-05\", \"by\": \"agent\"}, {\"source\": \"web\", \"ref\": \"https://www.capital.ro/jumatate-din-hala-malaxa-pregatita-pentru-transformarea-in-mall.html\", \"lat\": null, \"lon\": null, \"precision\": \"site\", \"evidence\": \"Press (search summary): Malaxa/Laminor hall (68,000 m2) lies on the former Faur platform; confirms interior extent\", \"retrieved\": \"2026-10-05\", \"by\": \"agent\"}]", "checked_by": "agent (sonnet) + auto (s21)", "flags": "", "name": "hala secției de ansambluri sudate, Întreprinderea 23 August", "type": "bc_hala", "class": "structure", "locality": "București", "address_1977": "", "period": "", "height": "", "system": "", "iv_classes": "", "iv_techniques": "", "iv_only_proposed": "", "outcome_unit": "v1_p0228_00"}}, {"type": "Feature", "id": "v1_b_X020_b_anvelope_danubiana", "geometry": {"type": "Point", "coordinates": [26.196466, 44.364475]}, "properties": {"building_id": "v1_b_X020_b_anvelope_danubiana", "batch_id": "P2_03", "locatable": "area", "precision": "area", "status": "area", "n_sources": "1", "n_agree": "1", "agreement_m": "", "outcome_1977": "moderate", "outcome_quote": "Asemenea avarii s-au constatat la o serie de hale prefabricate parter", "status_today": "unknown", "status_source": "", "modern_address": "Cartierul Danubiana, Popești-Leordeni (Ilfov), just south-east of București", "historic_address_note": "Report says 'București' but plant lies at Popești-Leordeni on the city boundary", "dupacutremur_building_uid": "", "osm_footprint_ref": "", "wikidata": "", "confidence": "medium", "notes": "pass2: plant confirmed at Popesti-Leordeni on Sos. Oltenitei by press plus OSM naming (Danubiana quarter/street named after the plant). The 160-ha plant polygon is not mapped as such, so the point stays the neighbourhood node; the damaged joints/bearings/columns are not individually locatable.", "open_question": "Plant polygon / which halls: needs satellite or a plant plan.", "review_note": "", "sources": "[{\"source\": \"osm\", \"ref\": \"node/8932645688\", \"lat\": 44.3644748, \"lon\": 26.1964658, \"precision\": \"area\", \"evidence\": \"OSM suburb 'Danubiana', Popești-Leordeni (Ilfov), named after the plant\", \"retrieved\": \"2026-10-05\", \"by\": \"agent\", \"d_m\": 0}, {\"source\": \"web\", \"ref\": \"https://www.wall-street.ro/articol/Companii/18905/danubiana-investeste-20-mil-euro-pentru-restructurare-pana-in-2009.html\", \"lat\": null, \"lon\": null, \"precision\": \"locality\", \"evidence\": \"Search summary: Danubiana tire plant at Popești-Leordeni, 160 ha (founded 1962); forum snippet: tram line 44 ran to 'Uz. Danubiana'\", \"retrieved\": \"2026-10-05\", \"by\": \"agent\"}, {\"source\": \"osm\", \"ref\": \"way/1026752824\", \"lat\": 44.3650411, \"lon\": 26.1955454, \"precision\": \"area\", \"evidence\": \"OSM object named Danubiana at Sos. Oltenitei 181 (tagged residential; not a plant polygon)\", \"retrieved\": \"2026-10-05\", \"by\": \"agent\", \"d_m\": 97}, {\"source\": \"web\", \"ref\": \"https://playtech.ro/2025/fabrica-de-cauciucuri-din-romania-de-care-nimeni-nu-isi-mai-aduce-aminte-dan-negru-a-gasit-o-era-o-putere-in-comunism-ma-uit-cu-mirare/\", \"lat\": null, \"lon\": null, \"precision\": \"locality\", \"evidence\": \"Press (search summary): Danubiana tyre plant (1962, ~160 ha, 4000 workers) at Popesti-Leordeni on Sos. Oltenitei, now partly an industrial park\", \"retrieved\": \"2026-10-05\", \"by\": \"agent\"}]", "checked_by": "agent (sonnet) + auto (s21)", "flags": "", "name": "Întreprinderea de anvelope Danubiana", "type": "bc_hala", "class": "structure", "locality": "București", "address_1977": "", "period": "", "height": "", "system": "", "iv_classes": "", "iv_techniques": "", "iv_only_proposed": "", "outcome_unit": "v1_p0225_01"}}, {"type": "Feature", "id": "v1_b_X020_b_cet_vest", "geometry": {"type": "Point", "coordinates": [25.97801, 44.424057]}, "properties": {"building_id": "v1_b_X020_b_cet_vest", "batch_id": "G04", "locatable": "point", "precision": "site", "status": "verified", "n_sources": "2", "n_agree": "2", "agreement_m": "65", "outcome_1977": "collapsed", "outcome_quote": "s-a prăbușit acoperișul sălii mașinilor", "status_today": "standing", "status_source": "OSM way/30618879; Wikidata Q4982661", "modern_address": "CET București Vest, Militari, București (sector 6)", "historic_address_note": "Report says Militari-București: matches", "dupacutremur_building_uid": "", "osm_footprint_ref": "way/30618879", "wikidata": "Q4982661", "confidence": "high", "notes": "Two sources agree within ~120 m.", "open_question": "Machine-hall position within the site unknown.", "review_note": "", "sources": "[{\"source\": \"osm\", \"ref\": \"way/30618879\", \"lat\": 44.4242249, \"lon\": 25.9787978, \"precision\": \"site\", \"evidence\": \"OSM industrial 'CET Vest', Militari\", \"retrieved\": \"2026-10-05\", \"by\": \"agent\", \"d_m\": 65}, {\"source\": \"wikidata\", \"ref\": \"Q4982661\", \"lat\": 44.42388889, \"lon\": 25.97722222, \"precision\": \"site\", \"evidence\": \"Wikidata Bucharest West Power Station\", \"retrieved\": \"2026-10-05\", \"by\": \"agent+auto\", \"d_m\": 65}]", "checked_by": "agent (sonnet) + auto (s21)", "flags": "footprint_far:174m", "name": "Centrala termoelectrică CET-Vest", "type": "bc_industrial", "class": "structure", "locality": "București", "address_1977": "Militari-București", "period": "", "height": "", "system": "ss_mixt", "iv_classes": "", "iv_techniques": "", "iv_only_proposed": "", "outcome_unit": "v1_p0227_03"}}, {"type": "Feature", "id": "v1_b_X020_b_cinescoape", "geometry": {"type": "Point", "coordinates": [26.11916, 44.483195]}, "properties": {"building_id": "v1_b_X020_b_cinescoape", "batch_id": "P3_03", "locatable": "point", "precision": "site", "status": "single", "n_sources": "1", "n_agree": "1", "agreement_m": "", "outcome_1977": "moderate", "outcome_quote": "avarii la stâlpii halelor cu structură mixtă", "status_today": "replaced", "status_source": "web/OSM", "modern_address": "Fosta Fabrică de cinescoape și televizoare, azi zona Iride Business Park, Bd. Prof. Dimitrie Pompeiu, Pipera, sector 2, București", "historic_address_note": "No address in the 1977 text; see notes", "dupacutremur_building_uid": "", "osm_footprint_ref": "way/885503375 (Iride Business Park)", "wikidata": "", "confidence": "medium", "notes": "Site level. Press (ZF/Forbes via search) lists on Bd. Dimitrie Pompeiu: Conect (connectors), Cinescoape and Television Factory, Computer Factory, FEPER, IIRUC; and says the first office park, Iride Business Park, was built on the former Cinescoape and Television Factory. OSM Iride Business Park = way/885503375. The 1977 text calls it 'Fabrica de cinescoape CONECT' - apparent conflation: CONECT (Intreprinderea Conect, 1974, connectors) is a separate plant ~250 m away (Conect Business Park, way/41376827, Bd. Pompeiu 10A). Photo Foto 133: reinforced-concrete chimney cracked. Point is the cinescoape site; the specific hall is not identifiable.", "open_question": "Text says cinescoape CONECT: CRT plant used; check whether the Conect plant is meant.", "review_note": "", "sources": "[{\"source\": \"osm\", \"ref\": \"way/885503375\", \"lat\": 44.4831954, \"lon\": 26.11916, \"precision\": \"site\", \"evidence\": \"Iride Business Park, built on former Cinescoape factory site\", \"retrieved\": \"2026-10-05\", \"by\": \"agent\", \"d_m\": 0}, {\"source\": \"web\", \"ref\": \"https://m2.zf.ro/zf-english/converting-industrial-facilities-into-offices-proves-lucrative-3033204\", \"lat\": null, \"lon\": null, \"precision\": \"site\", \"evidence\": \"Press: Iride Business Park on site of former Cinescoape and Television Factory, Pompeiu blvd\", \"retrieved\": \"2026-10-05\", \"by\": \"agent\"}, {\"source\": \"osm\", \"ref\": \"way/41376827\", \"lat\": 44.4810863, \"lon\": 26.1225238, \"precision\": \"site\", \"evidence\": \"Conect Business Park (former CONECT connectors plant), ~250 m away; alternative reading of CONECT\", \"retrieved\": \"2026-10-05\", \"by\": \"agent\", \"d_m\": 355}]", "checked_by": "agent (sonnet) + auto (s21)", "flags": "", "name": "Întreprinderea de cinescoape", "type": "bc_hala | bc_industrial", "class": "structure", "locality": "București", "address_1977": "", "period": "", "height": "", "system": "", "iv_classes": "local", "iv_techniques": "ms_camasuire;ms_manson", "iv_only_proposed": "0", "outcome_unit": "v1_p0229_02"}}, {"type": "Feature", "id": "v1_b_X020_b_icme_conductori", "geometry": {"type": "Point", "coordinates": [26.219948, 44.423473]}, "properties": {"building_id": "v1_b_X020_b_icme_conductori", "batch_id": "P2_03", "locatable": "point", "precision": "site", "status": "single", "n_sources": "1", "n_agree": "0", "agreement_m": "", "outcome_1977": "collapsed", "outcome_quote": "Prăbușirea locală în zona a 2 stâlpi la hala conductori de cauciuc de la ICME-București", "status_today": "unknown", "status_source": "", "modern_address": "ICME, Drumul Între Tarlale, Pantelimon/23 August, București (sector 3)", "historic_address_note": "ICME-București assumed = ICME plant at this gate (name match)", "dupacutremur_building_uid": "", "osm_footprint_ref": "", "wikidata": "", "confidence": "medium", "notes": "pass2: identity improved. ICME Ecab (Cablel) is the Bucharest cable maker at Drumul Intre Tarlale 42; its range includes rubber-insulated flexible cables, matching the \"hala conductori de cauciuc\". OSM \"ICME Poarta 1\" gate nodes sit on the same road. Point is the plant gate (the 26.8-ha plot polygon is not mapped); the hall is not individually locatable.", "open_question": "Plant polygon and which hall (24 m truss span) was damaged.", "review_note": "", "sources": "[{\"source\": \"osm\", \"ref\": \"node/2516209593\", \"lat\": 44.4234727, \"lon\": 26.2199476, \"precision\": \"area\", \"evidence\": \"OSM 'ICME Poarta 1' (plant gate, Drumul Între Tarlale, sector 3); a sports base 'ICME' nearby\", \"retrieved\": \"2026-10-05\", \"by\": \"agent\", \"d_m\": 0}, {\"source\": \"web\", \"ref\": \"https://www.energynomics.ro/en/companii/icme-ecab/\", \"lat\": null, \"lon\": null, \"precision\": \"address\", \"evidence\": \"Company profile: ICME ECAB (cables, incl. flexible rubber-insulated cables), Drumul Intre Tarlale 42, 268,000 m2 plot, 50+ years of cable industry\", \"retrieved\": \"2026-10-05\", \"by\": \"agent\"}]", "checked_by": "agent (sonnet) + auto (s21)", "flags": "", "name": "hala conductori de cauciuc, ICME", "type": "bc_hala", "class": "structure", "locality": "București", "address_1977": "", "period": "", "height": "", "system": "", "iv_classes": "local;loads;temporary", "iv_techniques": "ms_camasuire;ms_rebetonare;ms_ridicare_acoperis;ms_sprijinire", "iv_only_proposed": "0", "outcome_unit": "v1_p0222_04"}}, {"type": "Feature", "id": "v1_b_X020_b_imgb", "geometry": {"type": "Point", "coordinates": [26.14329, 44.36096]}, "properties": {"building_id": "v1_b_X020_b_imgb", "batch_id": "G05", "locatable": "point", "precision": "site", "status": "verified", "n_sources": "2", "n_agree": "2", "agreement_m": "28", "outcome_1977": "severe", "outcome_quote": "acoperișul navelor înalte desprins de stâlpi prin ruperea buloanelor de înaltă rezistență, deplasat cu circa 60 cm transversal și 15 cm longitudinal; stâlpii deformați unde buloanele nu au cedat", "status_today": "unknown", "status_source": "https://www.economica.net/?p=189590 (platform sold to SIF Banat-Crișana; status of halls today not verified)", "modern_address": "Platforma IMGB, Șos. Berceni / Bd. Metalurgiei, Sector 4, București", "historic_address_note": "IMGB = Întreprinderea de Mașini Grele București, Berceni platform (540,000 sqm); the turbo-generator hall's position inside the platform is not known", "dupacutremur_building_uid": "", "osm_footprint_ref": "way/88172060 (industrial landuse, Platforma IMGB)", "wikidata": "Q12730186", "confidence": "high", "notes": "Plant location is solid (two coordinate sources agree within ~50 m; Wikidata may itself derive from OSM so partly not independent). The specific turbo-agregate hall is not located within the platform.", "open_question": "Which building on the platform is the turbine hall?", "review_note": "", "sources": "[{\"source\": \"osm\", \"ref\": \"way/88172060 (Nominatim)\", \"lat\": 44.3609606, \"lon\": 26.1432855, \"precision\": \"site\", \"evidence\": \"OSM industrial area 'Platforma IMGB', Sector 4\", \"retrieved\": \"2026-10-05\", \"by\": \"agent\", \"d_m\": 0}, {\"source\": \"wikidata\", \"ref\": \"Q12730186\", \"lat\": 44.3612, \"lon\": 26.1434, \"precision\": \"site\", \"evidence\": \"Wikidata: IMGB, former heavy machinery factory in Bucharest, coordinates agree\", \"retrieved\": \"2026-10-05\", \"by\": \"agent+auto\", \"d_m\": 28}, {\"source\": \"web\", \"ref\": \"https://www.economica.net/?p=189590\", \"lat\": null, \"lon\": null, \"precision\": \"area\", \"evidence\": \"Article: IMGB platform 540,000 sqm in Berceni, south Bucharest (no coordinates given; confirms identity/area only)\", \"retrieved\": \"2026-10-05\", \"by\": \"agent\"}]", "checked_by": "agent (sonnet) + auto (s21)", "flags": "footprint_far:209m", "name": "Întreprinderea de mașini grele (IMGB)", "type": "bc_hala", "class": "structure", "locality": "București", "address_1977": "", "period": "", "height": "", "system": "ss_metalic", "iv_classes": "local;loads", "iv_techniques": "ms_inlocuire_elemente;ms_ridicare_acoperis;ms_usurare_acoperis", "iv_only_proposed": "0", "outcome_unit": "v1_p0229_02"}}, {"type": "Feature", "id": "v1_b_X020_b_incerc", "geometry": {"type": "Point", "coordinates": [26.161325, 44.440743]}, "properties": {"building_id": "v1_b_X020_b_incerc", "batch_id": "P2_03", "locatable": "point", "precision": "site", "status": "single", "n_sources": "1", "n_agree": "1", "agreement_m": "", "outcome_1977": "light", "outcome_quote": "fisuri la stâlpii halelor prefabricate", "status_today": "standing", "status_source": "OSM Nominatim 2026-10-05 (institute listed at this address)", "modern_address": "INCD URBAN-INCERC, Șos. Pantelimon 266, Sector 2, București", "historic_address_note": "INCERC's Bucharest research station/halls were on Șos. Pantelimon (Pantelimon district) in 1977 per a seismology article; exact experimental hall not identified", "dupacutremur_building_uid": "", "osm_footprint_ref": "way/1133248207 (URBAN INCD INCERC)", "wikidata": "", "confidence": "high", "notes": "pass2: second independent family (institute documents / papers) agrees with OSM on the Sos. Pantelimon 266 site. The damaged precast halls are test halls on the campus (exact hall not mapped), so precision stays site.", "open_question": "", "review_note": "", "sources": "[{\"source\": \"osm\", \"ref\": \"way/1133248207\", \"lat\": 44.440743, \"lon\": 26.1613246, \"precision\": \"site\", \"evidence\": \"OSM amenity URBAN INCD INCERC, Șoseaua Pantelimon 266\", \"retrieved\": \"2026-10-05\", \"by\": \"agent\", \"d_m\": 0}, {\"source\": \"web\", \"ref\": \"https://newsweek.ro/actualitate/unde-esti-in-siguranta-zonele-cu-risc-seismic-din-capitala-dupa-acceleratie-si-vibratia-la-cutremur\", \"lat\": null, \"lon\": null, \"precision\": \"area\", \"evidence\": \"Search-result summary: the 1977 INCERC strong-motion record was obtained in the basement of the INCERC building on Șos. Pantelimon (page body not read in full)\", \"retrieved\": \"2026-10-05\", \"by\": \"agent\"}, {\"source\": \"paper\", \"ref\": \"https://arxiv.org/pdf/1301.1280\", \"lat\": null, \"lon\": null, \"precision\": \"site\", \"evidence\": \"Paper (search-result summary): the 1977 record \\\"771inc\\\" was obtained at the INCERC station in Bucharest (Pantelimon); full text not read\", \"retrieved\": \"2026-10-05\", \"by\": \"agent\"}, {\"source\": \"web\", \"ref\": \"https://pub.incd.ro/AP/Arhiva/ATUAC24R.pdf\", \"lat\": null, \"lon\": null, \"precision\": \"address\", \"evidence\": \"INCD/INCERC publication: institute seat at Sos. Pantelimon 266, sector 2 (search-result summary)\", \"retrieved\": \"2026-10-05\", \"by\": \"agent\"}]", "checked_by": "agent (sonnet) + auto (s21)", "flags": "", "name": "INCERC", "type": "bc_hala", "class": "structure", "locality": "București", "address_1977": "", "period": "", "height": "", "system": "", "iv_classes": "", "iv_techniques": "", "iv_only_proposed": "", "outcome_unit": "v1_p0223_04"}}, {"type": "Feature", "id": "v1_b_X020_b_pompe", "geometry": {"type": "Point", "coordinates": [26.133153, 44.450176]}, "properties": {"building_id": "v1_b_X020_b_pompe", "batch_id": "P2_03", "locatable": "point", "precision": "site", "status": "single", "n_sources": "1", "n_agree": "0", "agreement_m": "", "outcome_1977": "moderate", "outcome_quote": "articulații plastice / avarii la capetele stâlpilor", "status_today": "demolished", "status_source": "https://economedia.ro/foto-se-demoleaza-celebra-fabrica-aversa-in-loc-familia-topolinski-pregateste-un-proiect-rezidential-de-1-miliard-de-euro.html", "modern_address": "Fostă Uzină de Pompe Aversa, zona Obor, Sector 2, București (acum ansamblul SkyLight Residence)", "historic_address_note": "Întreprinderea de pompe București identified as Uzina de Pompe București = Aversa (pump production from 1963), ~10 ha near Piața Obor; identification by name, not by an explicit 1977 address", "dupacutremur_building_uid": "", "osm_footprint_ref": "way/392786462 (SkyLight Residence, construction)", "wikidata": "", "confidence": "medium", "notes": "pass2: identity risk resolved: press says the Obor Aversa plant became \"Uzina de Pompe Bucuresti\" after 1963 (later Aversa SA), so \"Intreprinderea de pompe Bucuresti\" = Aversa is supported by independent press (economedia + economica). Point remains the footprint of the SkyLight Residence replacing the plant; the damaged \"cladire etajata noua\" is not individually located. The 10-ha plant is demolished, so only the site is meaningful.", "open_question": "Which part of the 10-ha site held the new multi-storey building.", "review_note": "", "sources": "[{\"source\": \"osm\", \"ref\": \"way/392786462 (Nominatim)\", \"lat\": 44.4501762, \"lon\": 26.133153, \"precision\": \"area\", \"evidence\": \"OSM: SkyLight Residence at Obor, which replaces the demolished Aversa plant (modern replacement, not the 1977 building)\", \"retrieved\": \"2026-10-05\", \"by\": \"agent\", \"d_m\": 0}, {\"source\": \"web\", \"ref\": \"https://economedia.ro/foto-se-demoleaza-celebra-fabrica-aversa-in-loc-familia-topolinski-pregateste-un-proiect-rezidential-de-1-miliard-de-euro.html\", \"lat\": null, \"lon\": null, \"precision\": \"area\", \"evidence\": \"Article: Aversa pump factory (10 ha near Obor) being demolished for SkyLight Residence\", \"retrieved\": \"2026-10-05\", \"by\": \"agent\"}, {\"source\": \"web\", \"ref\": \"https://www.economica.net/?p=820297\", \"lat\": null, \"lon\": null, \"precision\": \"site\", \"evidence\": \"Press (search summary): after 1963 the Aversa factory specialised in pumps as Uzina de Pompe Bucuresti, later S.C. Aversa S.A.; 10 ha near Piata Obor; buildings demolished, residential project by the Topolinski family\", \"retrieved\": \"2026-10-05\", \"by\": \"agent\"}]", "checked_by": "agent (sonnet) + auto (s21)", "flags": "", "name": "Întreprinderea de pompe", "type": "bc_hala | bc_industrial", "class": "structure", "locality": "București", "address_1977": "", "period": "", "height": "", "system": "", "iv_classes": "", "iv_techniques": "", "iv_only_proposed": "", "outcome_unit": "v1_p0229_02"}}, {"type": "Feature", "id": "v1_b_X020_b_prefab_militari", "geometry": {"type": "Point", "coordinates": [25.988305, 44.429037]}, "properties": {"building_id": "v1_b_X020_b_prefab_militari", "batch_id": "P3_03", "locatable": "point", "precision": "site", "status": "single", "n_sources": "1", "n_agree": "1", "agreement_m": "", "outcome_1977": "moderate", "outcome_quote": "avarii la îmbinări, rezemări și stâlpi", "status_today": "unknown", "status_source": "OSM", "modern_address": "Prefabricate Vest, Str. Preciziei, Militari, sector 6, București (probable successor site)", "historic_address_note": "No address in the 1977 text; see notes", "dupacutremur_building_uid": "", "osm_footprint_ref": "way/244285493", "wikidata": "", "confidence": "low", "notes": "Weak single-family match: OSM feature 'Prefabricate Vest' (man_made way/244285493, Str. Preciziei, Cartierul Roșu, Militari) is a precast/concrete plant in Militari, consistent with the Militari precast-concrete enterprise (photos Foto 110b and 134a/b: concrete plant, collapsed cement silo). Name/successor inference only; press hits show the 1980s enterprise but give no address. Searches: nom, web x2.", "open_question": "Find a second source tying the Militari prefab enterprise to Str. Preciziei.", "review_note": "", "sources": "[{\"source\": \"osm\", \"ref\": \"way/244285493\", \"lat\": 44.4290371, \"lon\": 25.988305, \"precision\": \"site\", \"evidence\": \"OSM 'Prefabricate Vest', Str. Preciziei, Militari: precast plant, probable successor; single source\", \"retrieved\": \"2026-10-05\", \"by\": \"agent\", \"d_m\": 0}]", "checked_by": "agent (sonnet) + auto (s21)", "flags": "", "name": "Întreprinderea de prefabricate Militari", "type": "bc_hala", "class": "structure", "locality": "București", "address_1977": "", "period": "", "height": "", "system": "", "iv_classes": "", "iv_techniques": "", "iv_only_proposed": "", "outcome_unit": "v1_p0225_01"}}, {"type": "Feature", "id": "v1_b_X020_b_tricodava", "geometry": {"type": "Point", "coordinates": [26.028383, 44.41981]}, "properties": {"building_id": "v1_b_X020_b_tricodava", "batch_id": "P3_03", "locatable": "area", "precision": "area", "status": "area", "n_sources": "1", "n_agree": "1", "agreement_m": "", "outcome_1977": "moderate", "outcome_quote": "avarii la îmbinări, rezemări și stâlpi", "status_today": "replaced", "status_source": "romania-insider 2017", "modern_address": "Fosta platformă Tricodava, cartier Drumul Taberei, sector 6, București (azi ansamblu rezidențial/comercial)", "historic_address_note": "No address in the 1977 text; see notes", "dupacutremur_building_uid": "", "osm_footprint_ref": "", "wikidata": "", "confidence": "medium", "notes": "NOT_FOUND (exact plot; area only): two web articles (romania-insider 2017, ZF 'Broadhurst sells Tricodava') place the former Tricodava clothing/textile plant in Drumul Taberei, redeveloped into housing/commercial; a search snippet says Str. Brașov extends up to Tricodava. nom 'Tricodava' returns nothing. Point = Drumul Taberei neighbourhood centre only. Photo Foto 114b: Hale prefabricate - parter, Tricodava, beam dislodged from column. The two articles are one family (same sale story).", "open_question": "Pin the plot (Tricodava Residence / Brașov street end).", "review_note": "", "sources": "[{\"source\": \"osm\", \"ref\": \"way/230426240\", \"lat\": 44.41981, \"lon\": 26.0283834, \"precision\": \"area\", \"evidence\": \"Drumul Taberei suburb polygon centre (area only)\", \"retrieved\": \"2026-10-05\", \"by\": \"agent\", \"d_m\": 0}, {\"source\": \"web\", \"ref\": \"https://romania-insider.com/media-bucharest-real-estate-project-on-former-clothing-plant-2017\", \"lat\": null, \"lon\": null, \"precision\": \"area\", \"evidence\": \"Former Tricodava plant in Drumul Taberei, redeveloped\", \"retrieved\": \"2026-10-05\", \"by\": \"agent\"}, {\"source\": \"web\", \"ref\": \"https://m2.zf.ro/zf-english/broadhurst-investment-fund-sells-tricodava-for-42m-euros-3024833\", \"lat\": null, \"lon\": null, \"precision\": \"area\", \"evidence\": \"Tricodava land in Drumul Taberei sold by Broadhurst\", \"retrieved\": \"2026-10-05\", \"by\": \"agent\"}]", "checked_by": "agent (sonnet) + auto (s21)", "flags": "", "name": "Întreprinderea Tricodava", "type": "bc_hala", "class": "structure", "locality": "București", "address_1977": "", "period": "", "height": "", "system": "", "iv_classes": "", "iv_techniques": "", "iv_only_proposed": "", "outcome_unit": "v1_p0225_01"}}, {"type": "Feature", "id": "v1_b_X021_b_adesgo_buc", "geometry": {"type": "Point", "coordinates": [26.101017, 44.412596]}, "properties": {"building_id": "v1_b_X021_b_adesgo_buc", "batch_id": "P2_03", "locatable": "point", "precision": "site", "status": "single", "n_sources": "1", "n_agree": "1", "agreement_m": "", "outcome_1977": "moderate", "outcome_quote": "fisuri înclinate la capetele unor stâlpi, uneori desprinderea betonului și flambarea armăturii", "status_today": "replaced", "status_source": "https://www.puterea.ro/?p=510303 ; https://www.romania-insider.com/forte-partners-ucenter-third-phase-2025", "modern_address": "Fostă întreprindere ADESGO, cartier Carol, Sector 4, București", "historic_address_note": "ADESGO is an OSM-named former enterprise in Carol/Sector 4; one source only", "dupacutremur_building_uid": "", "osm_footprint_ref": "way/1429013041 (Fosta intreprindere ADESGO, construction landuse)", "wikidata": "", "confidence": "medium", "notes": "pass2: second independent family found: press (puterea.ro, profit.ro, romania-insider) places the former Adesgo factory in Tineretului on the U Center site on Calea Serban Voda, consistent with the OSM plot \"Fosta intreprindere ADESGO\" 12 m from the point. Factory demolished 2024-25. The factory was founded in 1926, so presence at the plot in 1977 is plausible but not explicitly dated.", "open_question": "", "review_note": "", "sources": "[{\"source\": \"osm\", \"ref\": \"way/1429013041 (Nominatim)\", \"lat\": 44.4125957, \"lon\": 26.1010169, \"precision\": \"site\", \"evidence\": \"OSM object 'Fosta întreprindere ADESGO' (landuse construction), Sector 4\", \"retrieved\": \"2026-10-05\", \"by\": \"agent\", \"d_m\": 0}, {\"source\": \"web\", \"ref\": \"https://www.puterea.ro/?p=510303\", \"lat\": null, \"lon\": null, \"precision\": \"area\", \"evidence\": \"Press: Forte Partners demolished the Adesgo sock factory in the Tineretului area from summer 2024; the site becomes U Center 3\", \"retrieved\": \"2026-10-05\", \"by\": \"agent\"}, {\"source\": \"web\", \"ref\": \"https://www.romania-insider.com/forte-partners-ucenter-third-phase-2025\", \"lat\": null, \"lon\": null, \"precision\": \"street\", \"evidence\": \"Press: U Center 3 stands on Calea Serban Voda next to Tineretului/Carol parks, on the land of the former Adesgo factory\", \"retrieved\": \"2026-10-05\", \"by\": \"agent\"}, {\"source\": \"osm\", \"ref\": \"way/1177596823 (U Center 2, Calea Serban Voda 206)\", \"lat\": 44.412943, \"lon\": 26.101774, \"precision\": \"street\", \"evidence\": \"OSM neighbouring phase of the same U Center complex, ~70 m from the Adesgo plot; context only\", \"retrieved\": \"2026-10-05\", \"by\": \"agent\", \"d_m\": 71}]", "checked_by": "agent (sonnet) + auto (s21)", "flags": "", "name": "Adesgo", "type": "bc_industrial", "class": "structure", "locality": "București", "address_1977": "", "period": "", "height": "", "system": "", "iv_classes": "", "iv_techniques": "", "iv_only_proposed": "", "outcome_unit": "v1_p0235_01"}}, {"type": "Feature", "id": "v1_b_X021_b_castel_policolor_200", "geometry": {"type": "Point", "coordinates": [26.195389, 44.409347]}, "properties": {"building_id": "v1_b_X021_b_castel_policolor_200", "batch_id": "P2_03", "locatable": "point", "precision": "area", "status": "single", "n_sources": "1", "n_agree": "1", "agreement_m": "", "outcome_1977": "severe", "outcome_quote": "fisuri orizontale complet pătrunse, beton exfoliat, armătură dezgolită", "status_today": "replaced", "status_source": "https://www.revistabiz.ro/policor-isi-vinde-terenul-din-theodor-pallady/", "modern_address": "Fosta platformă Policolor, Bd. Theodor Pallady (nr. 51), Sector 3, București", "historic_address_note": "Policolor's historical plant was on Bd. Theodor Pallady (relocated to Bd. Timișoara by ~2019); the 200 m3 water tower position inside the plant is unknown", "dupacutremur_building_uid": "", "osm_footprint_ref": "way/425498765 (Metropolitan City Policolor, residential on part of the old platform)", "wikidata": "", "confidence": "low", "notes": "pass2: the Pallady platform is 13.9 ha, between Bd. Th. Pallady (siding and tram stop on the west edge) and the residential \"Metropolitan City Policolor\" (Str. Victor Brauner 34-38, east), ~580 m apart; the point is the mean of the two OSM markers, a representative platform point, not the water tower. The tower (200 m3) position is unknown and the plant is largely redeveloped. That Policolor was at Pallady in 1977 is not dated in the sources found (a Policolor II brownfield exists elsewhere in sector 3).", "open_question": "Confirm Policolor occupied the Pallady 51 platform in 1977 and where the water tower stood (old aerial photos).", "review_note": "", "sources": "[{\"source\": \"osm\", \"ref\": \"way/893583699 (Nominatim)\", \"lat\": 44.4078989, \"lon\": 26.1921267, \"precision\": \"area\", \"evidence\": \"OSM railway siding named 'Policolor' on Bd. Theodor Pallady\", \"retrieved\": \"2026-10-05\", \"by\": \"agent\", \"d_m\": 305}, {\"source\": \"osm\", \"ref\": \"way/425498765 (Nominatim)\", \"lat\": 44.4107943, \"lon\": 26.198651, \"precision\": \"area\", \"evidence\": \"OSM residential 'Metropolitan City Policolor', Pallady 34-38 (redevelopment near the old plant)\", \"retrieved\": \"2026-10-05\", \"by\": \"agent\", \"d_m\": 305}, {\"source\": \"web\", \"ref\": \"https://www.revistabiz.ro/policor-isi-vinde-terenul-din-theodor-pallady/\", \"lat\": null, \"lon\": null, \"precision\": \"area\", \"evidence\": \"Policolor owned an industrial platform at Bd. Th. Pallady nr. 51 and sold it (no coordinates)\", \"retrieved\": \"2026-10-05\", \"by\": \"agent\"}, {\"source\": \"osm\", \"ref\": \"node/1839670142 (STB stop Policolor)\", \"lat\": 44.4078029, \"lon\": 26.1923958, \"precision\": \"street\", \"evidence\": \"OSM tram stop named Policolor on Bd. Th. Pallady beside the railway siding; plant frontage marker\", \"retrieved\": \"2026-10-05\", \"by\": \"agent\", \"d_m\": 293}]", "checked_by": "agent (sonnet) + auto (s21)", "flags": "footprint_far:276m", "name": "castelul de apă de 200 m³ de la Intreprinderea Policolor București", "type": "bc_industrial_special", "class": "structure", "locality": "București", "address_1977": "", "period": "", "height": "", "system": "", "iv_classes": "", "iv_techniques": "", "iv_only_proposed": "", "outcome_unit": "v1_p0240_01"}}, {"type": "Feature", "id": "v1_b_X021_b_castel_vulcan_500", "geometry": {"type": "Point", "coordinates": [26.072988, 44.41788]}, "properties": {"building_id": "v1_b_X021_b_castel_vulcan_500", "batch_id": "P2_03", "locatable": "point", "precision": "site", "status": "single", "n_sources": "1", "n_agree": "1", "agreement_m": "", "outcome_1977": "light", "outcome_quote": "ușor: fisuri orizontale fine", "status_today": "unknown", "status_source": "press: platform partly redeveloped as Vulcan Value Centre (2014); 25.5 ha platform with 63 buildings", "modern_address": "Fosta platformă Vulcan, zona Calea Giurgiului/Rahova, Sector 5, București (acum Vulcan Value Centre)", "historic_address_note": "Uzina Vulcan founded 1904 in south-west Bucharest; the exact building within the large platform is unknown", "dupacutremur_building_uid": "", "osm_footprint_ref": "way/302209696 (Vulcan Value Centre)", "wikidata": "", "confidence": "medium", "notes": "pass2: plant-level identity and site confirmed by independent press (wall-street.ro, romania-insider, capital.ro) plus OSM. The whole platform is 25.5 ha; the point is the Vulcan Value Centre on its 7.7-ha part (Sos. Progresului), so the 500 m3 water tower may stand elsewhere on the platform. Plant-level (site) location only.", "open_question": "Position of the 500 m3 water tower inside the 25.5-ha Vulcan platform (old plans / aerial photos).", "review_note": "", "sources": "[{\"source\": \"osm\", \"ref\": \"way/302209696 (Nominatim)\", \"lat\": 44.4178796, \"lon\": 26.0729883, \"precision\": \"site\", \"evidence\": \"OSM Vulcan Value Centre, Calea Giurgiului 102-108 area, Rahova, built on the former Vulcan platform\", \"retrieved\": \"2026-10-05\", \"by\": \"agent\", \"d_m\": 0}, {\"source\": \"web\", \"ref\": \"https://romania-insider.com/vulcan-bucharest-sold-real-estate\", \"lat\": null, \"lon\": null, \"precision\": \"area\", \"evidence\": \"Article: Vulcan site developed 1904, south-west Bucharest, platform later converted to retail (Vulcan Value Centre)\", \"retrieved\": \"2026-10-05\", \"by\": \"agent\"}, {\"source\": \"web\", \"ref\": \"https://www.wall-street.ro/articol/Real-Estate/116242/un-parc-de-retail-rasare-in-sudul-capitalei.html\", \"lat\": null, \"lon\": null, \"precision\": \"site\", \"evidence\": \"Press (search summary): Vulcan plant platform sold for 23 m EUR; 7.7 ha lot on Sos. Progresului became a retail park\", \"retrieved\": \"2026-10-05\", \"by\": \"agent\"}, {\"source\": \"web\", \"ref\": \"https://romania-insider.com/nepis-vulcan-value-center-in-bucharest-95-leased-set-to-open-next-week\", \"lat\": null, \"lon\": null, \"precision\": \"site\", \"evidence\": \"Press: Vulcan Value Centre (opened 2014) stands on the former Vulcan industrial platform, south-west Bucharest\", \"retrieved\": \"2026-10-05\", \"by\": \"agent\"}, {\"source\": \"web\", \"ref\": \"https://www.capital.ro/tranzactia-momentului-in-sudul-capitalei-ovidiu-tender-vanzare-de-35-de-milioane-de-euro.html\", \"lat\": null, \"lon\": null, \"precision\": \"locality\", \"evidence\": \"Press: former Vulcan platform 25.5 ha, 63 buildings, south Bucharest, next to the IMGB platform; the retail park covers only part of the original platform\", \"retrieved\": \"2026-10-05\", \"by\": \"agent\"}]", "checked_by": "agent (sonnet) + auto (s21)", "flags": "", "name": "castelul de 500 m³ de la Intreprinderea Vulcan București", "type": "bc_industrial_special", "class": "structure", "locality": "București", "address_1977": "", "period": "", "height": "", "system": "", "iv_classes": "", "iv_techniques": "", "iv_only_proposed": "", "outcome_unit": "v1_p0240_01"}}, {"type": "Feature", "id": "v1_b_X021_b_electromagnetica_buc", "geometry": {"type": "Point", "coordinates": [26.076535, 44.415512]}, "properties": {"building_id": "v1_b_X021_b_electromagnetica_buc", "batch_id": "P2_03", "locatable": "point", "precision": "site", "status": "single", "n_sources": "1", "n_agree": "1", "agreement_m": "", "outcome_1977": "moderate", "outcome_quote": "articulații plastice / avarii la capetele stâlpilor", "status_today": "standing", "status_source": "https://bvb.ro/infocont/infocont26/ELMA_20260520134645_Vanzare-prin-licitatie-baza-sportiva.pdf (company still at address; sports base sold 2026)", "modern_address": "Electromagnetica, Calea Rahovei 266-268 (și Str. Veseliei 19), Sector 5, București", "historic_address_note": "Enterprise HQ/plant at Calea Rahovei 266-268 since the Electromagnetica name (1962); street name unchanged", "dupacutremur_building_uid": "", "osm_footprint_ref": "way/145399687 (Electromagnetica Business Park, Calea Rahovei 266-268)", "wikidata": "", "confidence": "medium", "notes": "pass2: company-filing family (BVB/termene) agrees with OSM on Calea Rahovei 266-268; the history (SER 1930, Electromagnetica from 1962) makes the same plant plausible for 1977, though it is not stated for that address. The damaged \"new storeyed building\" is not individually located.", "open_question": "Which building on the campus was damaged.", "review_note": "", "sources": "[{\"source\": \"osm\", \"ref\": \"way/145399687 (Nominatim)\", \"lat\": 44.4155123, \"lon\": 26.0765352, \"precision\": \"address\", \"evidence\": \"OSM building Electromagnetica Business Park, Calea Rahovei 266-268\", \"retrieved\": \"2026-10-05\", \"by\": \"agent\", \"d_m\": 0}, {\"source\": \"web\", \"ref\": \"https://termene.ro/firma/414118\", \"lat\": null, \"lon\": null, \"precision\": \"address\", \"evidence\": \"Company registry/BVB filings: headquarters at Calea Rahovei 266-268, Sector 5 (no coordinates)\", \"retrieved\": \"2026-10-05\", \"by\": \"agent\"}, {\"source\": \"web\", \"ref\": \"https://bvb.ro/infocont/infocont26/ELMA_20260319072307_Raport-Financiar-Anual-31-12-2025.pdf\", \"lat\": null, \"lon\": null, \"precision\": \"address\", \"evidence\": \"BVB filings: registered seat Calea Rahovei 266-268, sector 5; company descends from Standard Electrica Romana (1930), renamed Electromagnetica 1962 (search-result summary)\", \"retrieved\": \"2026-10-05\", \"by\": \"agent\"}]", "checked_by": "agent (sonnet) + auto (s21)", "flags": "", "name": "Intreprinderea Electromagnetica București", "type": "bc_industrial", "class": "structure", "locality": "București", "address_1977": "", "period": "", "height": "", "system": "", "iv_classes": "", "iv_techniques": "", "iv_only_proposed": "", "outcome_unit": "v1_p0232_06"}}, {"type": "Feature", "id": "v1_b_X021_b_hala_mecanic_sef_vulcan", "geometry": {"type": "Point", "coordinates": [26.072988, 44.41788]}, "properties": {"building_id": "v1_b_X021_b_hala_mecanic_sef_vulcan", "batch_id": "P2_03", "locatable": "point", "precision": "site", "status": "single", "n_sources": "1", "n_agree": "1", "agreement_m": "", "outcome_1977": "collapsed", "outcome_quote": "prăbușire parțială prin cedarea pereților de zidărie portantă", "status_today": "unknown", "status_source": "press: platform partly redeveloped as Vulcan Value Centre (2014); 25.5 ha platform with 63 buildings", "modern_address": "Fosta platformă Vulcan, zona Calea Giurgiului/Rahova, Sector 5, București (acum Vulcan Value Centre)", "historic_address_note": "Uzina Vulcan founded 1904 in south-west Bucharest; the exact building within the large platform is unknown", "dupacutremur_building_uid": "", "osm_footprint_ref": "way/302209696 (Vulcan Value Centre)", "wikidata": "", "confidence": "medium", "notes": "pass2: plant-level identity and site confirmed by independent press (wall-street.ro, romania-insider, capital.ro) plus OSM. The whole platform is 25.5 ha; the point is the Vulcan Value Centre on its 7.7-ha part (Sos. Progresului), so the old masonry chief-mechanic hall may stand elsewhere on the platform. Plant-level (site) location only.", "open_question": "Position of the old masonry chief-mechanic hall inside the 25.5-ha Vulcan platform (old plans / aerial photos).", "review_note": "", "sources": "[{\"source\": \"osm\", \"ref\": \"way/302209696 (Nominatim)\", \"lat\": 44.4178796, \"lon\": 26.0729883, \"precision\": \"site\", \"evidence\": \"OSM Vulcan Value Centre, Calea Giurgiului 102-108 area, Rahova, built on the former Vulcan platform\", \"retrieved\": \"2026-10-05\", \"by\": \"agent\", \"d_m\": 0}, {\"source\": \"web\", \"ref\": \"https://romania-insider.com/vulcan-bucharest-sold-real-estate\", \"lat\": null, \"lon\": null, \"precision\": \"area\", \"evidence\": \"Article: Vulcan site developed 1904, south-west Bucharest, platform later converted to retail (Vulcan Value Centre)\", \"retrieved\": \"2026-10-05\", \"by\": \"agent\"}, {\"source\": \"web\", \"ref\": \"https://www.wall-street.ro/articol/Real-Estate/116242/un-parc-de-retail-rasare-in-sudul-capitalei.html\", \"lat\": null, \"lon\": null, \"precision\": \"site\", \"evidence\": \"Press (search summary): Vulcan plant platform sold for 23 m EUR; 7.7 ha lot on Sos. Progresului became a retail park\", \"retrieved\": \"2026-10-05\", \"by\": \"agent\"}, {\"source\": \"web\", \"ref\": \"https://romania-insider.com/nepis-vulcan-value-center-in-bucharest-95-leased-set-to-open-next-week\", \"lat\": null, \"lon\": null, \"precision\": \"site\", \"evidence\": \"Press: Vulcan Value Centre (opened 2014) stands on the former Vulcan industrial platform, south-west Bucharest\", \"retrieved\": \"2026-10-05\", \"by\": \"agent\"}, {\"source\": \"web\", \"ref\": \"https://www.capital.ro/tranzactia-momentului-in-sudul-capitalei-ovidiu-tender-vanzare-de-35-de-milioane-de-euro.html\", \"lat\": null, \"lon\": null, \"precision\": \"locality\", \"evidence\": \"Press: former Vulcan platform 25.5 ha, 63 buildings, south Bucharest, next to the IMGB platform; the retail park covers only part of the original platform\", \"retrieved\": \"2026-10-05\", \"by\": \"agent\"}]", "checked_by": "agent (sonnet) + auto (s21)", "flags": "", "name": "hala mecanic șef de la Uzina Vulcan-București", "type": "bc_hala", "class": "structure", "locality": "București", "address_1977": "", "period": "", "height": "", "system": "", "iv_classes": "", "iv_techniques": "", "iv_only_proposed": "", "outcome_unit": "v1_p0230_06"}}, {"type": "Feature", "id": "v1_b_X022_b_cet_bucuresti_sud", "geometry": {"type": "Point", "coordinates": [26.155958, 44.405641]}, "properties": {"building_id": "v1_b_X022_b_cet_bucuresti_sud", "batch_id": "P3_04", "locatable": "point", "precision": "site", "status": "single", "n_sources": "1", "n_agree": "1", "agreement_m": "", "outcome_1977": "moderate", "outcome_quote": "spargerea și căderea plăcilor de azbociment ale sistemului interior de răcire, până la 50%", "status_today": "standing", "status_source": "https://www.openstreetmap.org/way/23707931", "modern_address": "Centrala Electrică de Termoficare București Sud, Str. Releului 2-4, București (sector 3)", "historic_address_note": "No address given in 1977 text; enterprise not identified with confidence", "dupacutremur_building_uid": "", "osm_footprint_ref": "way/23707931 (landuse=industrial, Bucharest South Power Station)", "wikidata": "", "confidence": "medium", "notes": "Located by sweep 2. Plant site from OSM/Photon; press independently places CET Sud in the Titan/Vitan area, consistent. Only one coordinate source (OSM); the 1977 plant is assumed to be the same site (CET Sud has operated since the 1960s). Prev: locality only.", "open_question": "Confirm in a second coordinate source (register/Wikipedia) that the 1977 plant footprint equals this landuse.", "review_note": "", "sources": "[{\"source\": \"osm\", \"ref\": \"way/23707931\", \"lat\": 44.405641, \"lon\": 26.155958, \"precision\": \"site\", \"evidence\": \"OSM landuse=industrial named Bucharest South Power Station, Str. Releului 2-4 (found via Photon); osm-near shows industrial buildings within ~50 m\", \"retrieved\": \"2026-10-05\", \"by\": \"agent\", \"d_m\": 0}, {\"source\": \"web\", \"ref\": \"https://playtech.ro/2026/de-care-cet-apartii-in-bucuresti-in-functie-de-zona-harta-completa-a-cartierelor/\", \"lat\": null, \"lon\": null, \"precision\": \"locality\", \"evidence\": \"Press: CET Sud serves Titan, Balta Alba, Dristor, Vitan, Pantelimon; Str. Releului heat-network node near it; OSM bus stops 'C.E.T. Sud Vitan' at the same place (consistent, not a coordinate source)\", \"retrieved\": \"2026-10-05\", \"by\": \"agent\"}]", "checked_by": "agent (sonnet) + auto (s21)", "flags": "footprint_far:227m", "name": "CET București Sud", "type": "bc_industrial", "class": "structure", "locality": "București", "address_1977": "", "period": "", "height": "", "system": "", "iv_classes": "", "iv_techniques": "", "iv_only_proposed": "", "outcome_unit": "v1_p0242_00"}}, {"type": "Feature", "id": "v1_b_X022_b_cos_cet_bucuresti_sud_120m", "geometry": {"type": "Point", "coordinates": [26.155958, 44.405641]}, "properties": {"building_id": "v1_b_X022_b_cos_cet_bucuresti_sud_120m", "batch_id": "P2_03", "locatable": "point", "precision": "site", "status": "single", "n_sources": "1", "n_agree": "1", "agreement_m": "", "outcome_1977": "light", "outcome_quote": "s-au observat 2 fisuri orizontale", "status_today": "unknown", "status_source": "osm way/23707931 (plant still mapped, still operating per news 2026; the 120 m chimney's survival not checked)", "modern_address": "CET Sud (ELCEN), Sălăjan, Sector 3, București", "historic_address_note": "Plant name unchanged; the chimney itself is not separately mapped, the point is the CET Sud industrial site polygon centre.", "dupacutremur_building_uid": "", "osm_footprint_ref": "way/23707931 (CET Sud industrial polygon)", "wikidata": "", "confidence": "medium", "notes": "pass2: no OSM chimney is mapped (bbox query of the plant area shows only 75/100 m cooling towers, storage tanks and industrial halls) and no second coordinate source was found (Wikipedia page not found). Point stays the OSM plant centre (way/23707931, Str. Releului 2-4); the footprint_far flag only reflects that there is no building polygon at the centre. Plant name unchanged since 1977 (CET Bucuresti Sud). Chimney position within the site unknown.", "open_question": "Second independent source for the plant and the position of the 120 m chimney.", "review_note": "", "sources": "[{\"source\": \"osm\", \"ref\": \"way/23707931\", \"lat\": 44.4056412, \"lon\": 26.155958, \"precision\": \"site\", \"evidence\": \"Nominatim returns industrial way named CET Sud, address 2-4, Sălăjan, Sector 3\", \"retrieved\": \"2026-10-05\", \"by\": \"agent\", \"d_m\": 0}, {\"source\": \"osm\", \"ref\": \"way/711259236 (cooling tower 100 m)\", \"lat\": 44.40715, \"lon\": 26.156614, \"precision\": \"site\", \"evidence\": \"OSM cooling tower (100 m) inside the CET Sud plant, ~300 m N of the point; same OSM dataset, shows plant extent only\", \"retrieved\": \"2026-10-05\", \"by\": \"agent\", \"d_m\": 176}]", "checked_by": "agent (sonnet) + auto (s21)", "flags": "footprint_far:227m", "name": "coșul de fum de 120 m de la CET București-Sud", "type": "bc_industrial_special", "class": "structure", "locality": "București", "address_1977": "", "period": "", "height": "", "system": "", "iv_classes": "", "iv_techniques": "", "iv_only_proposed": "", "outcome_unit": "v1_p0242_02"}}, {"type": "Feature", "id": "v1_b_X022_b_uzina_23_august", "geometry": {"type": "Point", "coordinates": [26.186652, 44.430618]}, "properties": {"building_id": "v1_b_X022_b_uzina_23_august", "batch_id": "P2_03", "locatable": "point", "precision": "site", "status": "single", "n_sources": "1", "n_agree": "1", "agreement_m": "", "outcome_1977": "collapsed", "outcome_quote": "prăbușiri parțiale a unor clădiri cu acoperișuri grele", "status_today": "standing", "status_source": "https://ro.wikipedia.org/wiki/Uzinele_Faur (site partly still used by FAUR; parts redeveloped, not verified)", "modern_address": "FAUR (fosta Uzina 23 August / Malaxa), Bd. Basarabia 256, Sector 3, București", "historic_address_note": "Uzinele Malaxa nationalised 1948 -> 'Uzinele 23 August' -> FAUR 1990 (en.wikipedia FAUR; ro.wikipedia Uzinele Faur gives address Bd. Basarabia 256, sector 3, 90+ ha, near Republica metro).", "dupacutremur_building_uid": "", "osm_footprint_ref": "", "wikidata": "Q653182", "confidence": "medium", "notes": "pass2: the plant is >90 ha, so the representative point is moved from the frontage (pass 1: mean of two address nodes) to the mean of two plant-interior OSM features (gate Poarta 3 and Hala Laminor). Identity (Uzina 23 August = Faur/Malaxa, Bd. Basarabia 256) rests on ro.wikipedia plus OSM; the heritage code is stated by Wikipedia (list not checked directly). The partially collapsed buildings are not identified.", "open_question": "Plant polygon centroid; which buildings collapsed.", "review_note": "", "sources": "[{\"source\": \"osm\", \"ref\": \"node/5486087448 (office at 256 Bd. Basarabia, Malaxa-Faur)\", \"lat\": 44.4337649, \"lon\": 26.1836473, \"precision\": \"address\", \"evidence\": \"Nominatim address 256 Bd. Basarabia in district 'Malaxa - Faur' lies within the plant area\", \"retrieved\": \"2026-10-05\", \"by\": \"agent\", \"d_m\": 424}, {\"source\": \"osm\", \"ref\": \"node/1728405289 (address point 256 Bd. Basarabia)\", \"lat\": 44.4345974, \"lon\": 26.1809948, \"precision\": \"address\", \"evidence\": \"OSM address node 256 Bd. Basarabia, Pantelimon; same OSM database as above, second address node\", \"retrieved\": \"2026-10-05\", \"by\": \"agent\", \"d_m\": 631}, {\"source\": \"wikipedia\", \"ref\": \"https://ro.wikipedia.org/wiki/Uzinele_Faur\", \"lat\": null, \"lon\": null, \"precision\": \"address\", \"evidence\": \"Names Uzinele 23 August as the communist-era name of the Faur plant at Bd. Basarabia 256, sector 3 (no coordinates retrieved)\", \"retrieved\": \"2026-10-05\", \"by\": \"agent\"}, {\"source\": \"osm\", \"ref\": \"way/164806347 (Faur Poarta 3)\", \"lat\": 44.430692, \"lon\": 26.183628, \"precision\": \"site\", \"evidence\": \"OSM gate \\\"Faur Poarta 3\\\" inside the plant, ~600 m from the Bd. Basarabia frontage\", \"retrieved\": \"2026-10-05\", \"by\": \"agent\", \"d_m\": 240}, {\"source\": \"osm\", \"ref\": \"way/173567550 (Hala Laminor)\", \"lat\": 44.430544, \"lon\": 26.189676, \"precision\": \"site\", \"evidence\": \"OSM Hala Laminor, a hall inside the Faur/Malaxa plant (not the welded-assembly hall)\", \"retrieved\": \"2026-10-05\", \"by\": \"agent\", \"d_m\": 240}]", "checked_by": "agent (sonnet) + auto (s21)", "flags": "", "name": "Uzina 23 August București", "type": "bc_industrial", "class": "structure", "locality": "București", "address_1977": "", "period": "", "height": "", "system": "", "iv_classes": "", "iv_techniques": "", "iv_only_proposed": "", "outcome_unit": "v1_p0244_04"}}, {"type": "Feature", "id": "v1_b_X024_b_cabina_centralizare_bucuresti_nord", "geometry": {"type": "Point", "coordinates": [26.074067, 44.446609]}, "properties": {"building_id": "v1_b_X024_b_cabina_centralizare_bucuresti_nord", "batch_id": "P2_03", "locatable": "area", "precision": "area", "status": "area", "n_sources": "1", "n_agree": "1", "agreement_m": "", "outcome_1977": "light", "outcome_quote": "au fost constatate puține defecțiuni", "status_today": "unknown", "status_source": "", "modern_address": "Gara de Nord, Piața Gării de Nord 1-3, Sector 1, București", "historic_address_note": "Station 'București Nord' = Gara de Nord; the interlocking cabin's position in the station complex is not given in the text.", "dupacutremur_building_uid": "", "osm_footprint_ref": "relation/18184857 (Gara de Nord station building, not the cabin)", "wikidata": "", "confidence": "low", "notes": "pass2: no further evidence found. Searches (Gara de Nord signalling history, OSM near the station) give nothing on the position of the electrodynamic interlocking cabin. Point stays the station building; cabin position unknown.", "open_question": "Position of the 1977 centralisation cabin (CFR signalling history sources).", "review_note": "", "sources": "[{\"source\": \"osm\", \"ref\": \"relation/18184857\", \"lat\": 44.4466086, \"lon\": 26.0740671, \"precision\": \"site\", \"evidence\": \"Gara de Nord station building as mapped in OSM; the cabin is somewhere on the station grounds\", \"retrieved\": \"2026-10-05\", \"by\": \"agent\", \"d_m\": 0}]", "checked_by": "agent (sonnet) + auto (s21)", "flags": "", "name": "cabina de centralizare electrodinamică din stația București Nord", "type": "bc_transport", "class": "structure", "locality": "București", "address_1977": "", "period": "", "height": "", "system": "", "iv_classes": "", "iv_techniques": "", "iv_only_proposed": "", "outcome_unit": "v1_p0269_05"}}, {"type": "Feature", "id": "v1_b_X024_b_cta_plevna_bucuresti", "geometry": {"type": "Point", "coordinates": [26.067346, 44.445352]}, "properties": {"building_id": "v1_b_X024_b_cta_plevna_bucuresti", "batch_id": "P3_06", "locatable": "point", "precision": "building", "status": "single", "n_sources": "1", "n_agree": "1", "agreement_m": "", "outcome_1977": "light", "outcome_quote": "avarii la bateriile de acumulatoare instalate la etaje", "status_today": "standing", "status_source": "https://www.openstreetmap.org/way/784590439", "modern_address": "Calea Plevnei (zona Grozăvești), București sector 6 - fosta centrală telefonică", "historic_address_note": "C.T.A. = centrală telefonică automată; named Plevna, presumably after Calea Plevnei.", "dupacutremur_building_uid": "", "osm_footprint_ref": "way/784590439 (fosta Centrală telefonică)", "wikidata": "", "confidence": "low", "notes": "Pass 3 via photon 'Centrala telefonica Plevna Bucuresti'. The match rests on the name Plevna and on OSM labelling a former telephone exchange on Calea Plevnei; no source ties this building to the 1977 'C.T.A. Plevna' or to battery damage. Single family.", "open_question": "Confirm with a Romtelecom/archive source that C.T.A. Plevna is this building.", "review_note": "", "sources": "[{\"source\": \"osm\", \"ref\": \"way/784590439\", \"lat\": 44.445352, \"lon\": 26.067346, \"precision\": \"building\", \"evidence\": \"OSM building named 'fosta Centrală telefonică' on Calea Plevnei next to Primăria Sector 6\", \"retrieved\": \"2026-10-05\", \"by\": \"agent\", \"d_m\": 0}]", "checked_by": "agent (sonnet) + auto (s21)", "flags": "", "name": "C.T.A. Plevna-București", "type": "bc_transport", "class": "structure", "locality": "București", "address_1977": "", "period": "", "height": "", "system": "", "iv_classes": "", "iv_techniques": "", "iv_only_proposed": "", "outcome_unit": "v1_p0270_01"}}, {"type": "Feature", "id": "v1_b_X024_b_victoria_tandem_bucuresti", "geometry": {"type": "Point", "coordinates": [26.097083, 44.436092]}, "properties": {"building_id": "v1_b_X024_b_victoria_tandem_bucuresti", "batch_id": "P2_03", "locatable": "area", "precision": "street", "status": "area", "n_sources": "1", "n_agree": "1", "agreement_m": "", "outcome_1977": "light", "outcome_quote": "s-au produs o serie de avarii afectând în special bateriile de acumulatoare", "status_today": "unknown", "status_source": "osm way/1001757535 (Tandem Office); revistabiz/bursa.ro articles on Tandem next to Palatul Telefoanelor", "modern_address": "Clădirea Tandem (Tandem Office), Str. Matei Millo 5, Sector 1, București (adjacent to Palatul Telefoanelor, Calea Victoriei 35)", "historic_address_note": "Interpretation: 'Victoria Tandem' = tandem exchange of the Victoria telephone area, probably in the Tandem building next to Palatul Telefoanelor. Not confirmed by any source; build date of the Tandem building not found.", "dupacutremur_building_uid": "", "osm_footprint_ref": "way/34910669 (Palatul Telefoanelor, 1933) ; way/1001757535 (Tandem Office, built 2022)", "wikidata": "", "confidence": "low", "notes": "pass2: CORRECTION of pass 1. OSM dates the Tandem Office to 2022, so the 1977 \"Victoria Tandem\" exchange (a telephone tandem exchange, named after Calea Victoriei) is not that building. The best hypothesis is that it sat in the Palatul Telefoanelor complex (Calea Victoriei 37 / Matei Millo side; floor-installed batteries fit a multi-storey exchange building), but no source confirms it. The point is the mean of the two candidates (telephone block, ~40 m apart), street-level only.", "open_question": "Confirm where the Victoria tandem exchange of 1977 was housed (Telephone Palace annex vs separate building); needs telecom history sources.", "review_note": "", "sources": "[{\"source\": \"osm\", \"ref\": \"way/1001757535\", \"lat\": 44.435915, \"lon\": 26.096732, \"precision\": \"building\", \"evidence\": \"OSM Tandem Office, Str. Matei Millo 5, start_date 2022: a NEW building, so it cannot be the 1977 exchange\", \"retrieved\": \"2026-10-05\", \"by\": \"agent\", \"d_m\": 34}, {\"source\": \"osm\", \"ref\": \"way/34910669\", \"lat\": 44.436269, \"lon\": 26.097434, \"precision\": \"building\", \"evidence\": \"OSM Palatul Telefoanelor, Calea Victoriei 37, 1933, 10 levels, extended 1940-46 towards Str. Matei Millo; the historic telephone exchange building of the area\", \"retrieved\": \"2026-10-05\", \"by\": \"agent\", \"d_m\": 34}, {\"source\": \"web\", \"ref\": \"https://www.revistabiz.ro/orange-romania-redeschide-palatul-telefoanelor-din-bucuresti/\", \"lat\": null, \"lon\": null, \"precision\": \"address\", \"evidence\": \"Orange HQ \\\"Tandem\\\" at Matei Millo 5 adjoins the Telephone Palace; the article gives no date or function history for Tandem\", \"retrieved\": \"2026-10-05\", \"by\": \"agent\"}]", "checked_by": "agent (sonnet) + auto (s21)", "flags": "", "name": "Victoria Tandem-București", "type": "bc_transport", "class": "structure", "locality": "București", "address_1977": "", "period": "", "height": "", "system": "", "iv_classes": "", "iv_techniques": "", "iv_only_proposed": "", "outcome_unit": "v1_p0270_01"}}, {"type": "Feature", "id": "v1_b_X033_b_brezoianu_9", "geometry": {"type": "Point", "coordinates": [26.09448, 44.4341]}, "properties": {"building_id": "v1_b_X033_b_brezoianu_9", "batch_id": "G06", "locatable": "point", "precision": "building", "status": "verified", "n_sources": "2", "n_agree": "2", "agreement_m": "5", "outcome_1977": "unknown", "outcome_quote": "", "status_today": "standing", "status_source": "dupacutremur register wqswmc (U3, built 1932, S+P+6E); osm way/150803316", "modern_address": "Str. Ion Brezoianu 9, București (sector 5)", "historic_address_note": "Str. Brezoianu = Str. Ion Brezoianu; name and number unchanged.", "dupacutremur_building_uid": "wqswmc", "osm_footprint_ref": "way/150803316", "wikidata": "", "confidence": "high", "notes": "Two independent sources agree within about 1 m. The text gives no height regime to compare; the building is a 1932 mid-rise block, consistent with a jacketing (cămășuire) case.", "open_question": "", "review_note": "", "sources": "[{\"source\": \"dupacutremur\", \"ref\": \"wqswmc\", \"lat\": 44.434065, \"lon\": 26.094515, \"precision\": \"building\", \"evidence\": \"Register: Str. Ion Brezoianu 9, S+P+6E, 1932\", \"retrieved\": \"2026-10-05\", \"by\": \"agent+auto\", \"d_m\": 5}, {\"source\": \"osm\", \"ref\": \"way/150803316\", \"lat\": 44.4340957, \"lon\": 26.0944816, \"precision\": \"building\", \"evidence\": \"Nominatim building with address 9 Str. Ion Brezoianu\", \"retrieved\": \"2026-10-05\", \"by\": \"agent+auto\", \"d_m\": 0}]", "checked_by": "agent (sonnet) + auto (s21)", "flags": "", "name": "imobilul din București Str. Brezoianu 9", "type": "", "class": "structure", "locality": "București", "address_1977": "București Str. Brezoianu 9", "period": "", "height": "", "system": "", "iv_classes": "local", "iv_techniques": "ms_camasuire;ms_descarcare", "iv_only_proposed": "0", "outcome_unit": ""}}, {"type": "Feature", "id": "v1_b_X034_b_bd_balcescu_35", "geometry": {"type": "Point", "coordinates": [26.09949, 44.44031]}, "properties": {"building_id": "v1_b_X034_b_bd_balcescu_35", "batch_id": "P2_03", "locatable": "point", "precision": "building", "status": "verified", "n_sources": "2", "n_agree": "2", "agreement_m": "46", "outcome_1977": "moderate", "outcome_quote": "consolidarea strict locală a elementelor avariate", "status_today": "standing", "status_source": "dupacutremur register tqqbx7 (RS2, 1937, S+P+8E)", "modern_address": "Bd. Nicolae Bălcescu 35-35A (colț cu Str. C. A. Rosetti), București (sector 1)", "historic_address_note": "Bd. N. Bălcescu 35 corner of Str. C.A. Rosetti: modern OSM shows Rosetti crossing the Bălcescu/Magheru axis at about this latitude, and the register's 35-35A lies at that corner. Text later calls it 'Bd. Magheru 35' (v1_p0413_02), probably an error for Bălcescu 35 since the same list gives Bălcescu 35.", "dupacutremur_building_uid": "tqqbx7", "osm_footprint_ref": "way/162494184 (35a Bd. Bălcescu, building)", "wikidata": "", "confidence": "medium", "notes": "pass2: the register building 35-35A (tqqbx7, 1937, S+P+8E) sits at 44.44028,26.09940 at the Rosetti junction as the text requires (\"colt cu Str. C. A. Rosetti\") and agrees with the OSM address node 35. A separate OSM footprint tagged 35a with 9 levels stands ~45 m south, beyond the junction; the corner requirement favours the register building. Floor-count difference (text: basement + ground + 9 floors; register 9 levels; OSM 9 levels) unresolved.", "open_question": "Confirm 35 vs 35a: which of the two 9-level blocks is on the Rosetti corner (street view / cadastre).", "review_note": "", "sources": "[{\"source\": \"dupacutremur\", \"ref\": \"tqqbx7\", \"lat\": 44.44027, \"lon\": 26.099513, \"precision\": \"building\", \"evidence\": \"Bd. Nicolae Bălcescu 35-35A, built 1937, S+P+8E, 9 levels\", \"retrieved\": \"2026-10-05\", \"by\": \"agent+auto\", \"d_m\": 5}, {\"source\": \"osm\", \"ref\": \"node/2665235676 (office at 35 Bd. Bălcescu)\", \"lat\": 44.4403356, \"lon\": 26.0995753, \"precision\": \"address\", \"evidence\": \"Nominatim address 35 Bd. Nicolae Bălcescu, Amzei; reverse geocode of the same spot gives building 35a\", \"retrieved\": \"2026-10-05\", \"by\": \"agent\", \"d_m\": 7}, {\"source\": \"osm\", \"ref\": \"way/180685590 (Strada C. A. Rosetti)\", \"lat\": 44.440227, \"lon\": 26.09778, \"precision\": \"street\", \"evidence\": \"OSM Str. C. A. Rosetti joins Bd. Balcescu on the west side at about the latitude of the register building (corner check)\", \"retrieved\": \"2026-10-05\", \"by\": \"agent\", \"d_m\": 136}, {\"source\": \"osm\", \"ref\": \"way/162494184 (Bd. Balcescu 35a, 9 levels)\", \"lat\": 44.439901, \"lon\": 26.099526, \"precision\": \"building\", \"evidence\": \"OSM apartment footprint tagged 35a, 9 levels, ~45 m south of the register building and south of the Rosetti junction; alternative reading of 35/35A\", \"retrieved\": \"2026-10-05\", \"by\": \"agent\", \"d_m\": 46}]", "checked_by": "agent (sonnet) + auto (s21)", "flags": "", "name": "blocul din Bd. Bălcescu 35", "type": "bc_bloc", "class": "structure", "locality": "București", "address_1977": "Bd.Bălcescu 35 | București, Bd. Bălcescu 35 (colț cu Str. C. A. Rosetti) | Bd. Bălcescu 35", "period": "", "height": "S+P+9E", "system": "ss_cadre_ba", "iv_classes": "global;supports;local", "iv_techniques": "ms_camasuire;ms_consolidare_locala;ms_diafragme_noi;ms_elemente_suplimentare;ms_injectare", "iv_only_proposed": "0", "outcome_unit": "v1_p0375_05"}}, {"type": "Feature", "id": "v1_b_X034_b_bd_dacia_58", "geometry": {"type": "Point", "coordinates": [26.105352, 44.446115]}, "properties": {"building_id": "v1_b_X034_b_bd_dacia_58", "batch_id": "P2_03", "locatable": "point", "precision": "address", "status": "single", "n_sources": "1", "n_agree": "1", "agreement_m": "", "outcome_1977": "unknown", "outcome_quote": "", "status_today": "standing", "status_source": "osm way/183848544 (office, Ambasada Belgiei)", "modern_address": "Bd. Dacia 58, București (sector 2), today the Embassy of Belgium", "historic_address_note": "Bd. Dacia name and number as in 1977; no renaming known.", "dupacutremur_building_uid": "", "osm_footprint_ref": "way/183848544", "wikidata": "", "confidence": "medium", "notes": "pass2: second independent family (diplomatic directory) confirms the Dacia 58 address of the Belgian embassy, so the point is solid at address level. Nothing found links the 1977 strengthened \"imobil\" to the current 2-storey embassy building (no height or period in the text; the register has no Dacia 58 record).", "open_question": "Confirm the building at Dacia 58 is the one strengthened in 1977 (fig. IV.11).", "review_note": "", "sources": "[{\"source\": \"osm\", \"ref\": \"way/183848544\", \"lat\": 44.4461154, \"lon\": 26.1053515, \"precision\": \"building\", \"evidence\": \"Nominatim: Ambasada Belgiei at 58 Bd. Dacia, Piața Spaniei\", \"retrieved\": \"2026-10-05\", \"by\": \"agent+auto\", \"d_m\": 0}, {\"source\": \"web\", \"ref\": \"https://www.thediplomat.ro/belgium.htm\", \"lat\": null, \"lon\": null, \"precision\": \"address\", \"evidence\": \"Diplomatic directory: Embassy of Belgium at Bd. Dacia 58, sector 2 (address only, no coordinates)\", \"retrieved\": \"2026-10-05\", \"by\": \"agent\"}]", "checked_by": "agent (sonnet) + auto (s21)", "flags": "", "name": "imobilul din București, Bd. Dacia nr. 58", "type": "", "class": "structure", "locality": "București", "address_1977": "Bd. Dacia nr. 58", "period": "", "height": "", "system": "", "iv_classes": "local", "iv_techniques": "ms_ranforsare_suprafata;ms_suprabetonare", "iv_only_proposed": "0", "outcome_unit": ""}}, {"type": "Feature", "id": "v1_b_X034_b_bd_magheru_24", "geometry": {"type": "Point", "coordinates": [26.098537, 44.444467]}, "properties": {"building_id": "v1_b_X034_b_bd_magheru_24", "batch_id": "P2_03", "locatable": "point", "precision": "building", "status": "single", "n_sources": "1", "n_agree": "1", "agreement_m": "", "outcome_1977": "severe", "outcome_quote": "grav avariate de cutremur", "status_today": "standing", "status_source": "OSM way/283091503", "modern_address": "Bd. General Gheorghe Magheru 24, București (sector 1)", "historic_address_note": "Bd. Magheru in 1977 = Bd. Gheorghe Magheru today (English Wikipedia lists Republicii among its earlier names, no dates; the 1978 text already says Magheru). Number 24 on the even side lies between register records 22 and 20/27, consistent.", "dupacutremur_building_uid": "", "osm_footprint_ref": "way/283091503 (apartments, 9 levels; contains the OSM no. 24 address nodes)", "wikidata": "", "confidence": "medium", "notes": "pass2: footprint identified via an OSM API polygon test: way/283091503 contains the no. 24 address nodes and its 9 levels agree with the text (basement + ground + 8 floors = 9 above ground). Top-level point moved to the footprint centre. The block name \"Mercerie\" was not found in any source (searches on infocons and Wikipedia Bd. Magheru gave nothing) and the register still has no Magheru 24 record, so identification rests on the street number plus the matching height.", "open_question": "Confirm the \"Mercerie\" name for the block at Magheru 24; check 1977 numbering.", "review_note": "", "sources": "[{\"source\": \"osm\", \"ref\": \"node/1744341836\", \"lat\": 44.4443599, \"lon\": 26.0983351, \"precision\": \"address\", \"evidence\": \"Nominatim address 24 Bd. General Gheorghe Magheru (McDonald's and UniCredit nodes share the number)\", \"retrieved\": \"2026-10-05\", \"by\": \"agent\", \"d_m\": 20}, {\"source\": \"osm\", \"ref\": \"way/283091503\", \"lat\": 44.444467, \"lon\": 26.098537, \"precision\": \"building\", \"evidence\": \"OSM apartment footprint (9 levels); point-in-polygon test: it contains both no. 24 address nodes (UniCredit, McDonalds); 9 floors above ground matches the text \\\"subsol, parter si 8 etaje\\\"\", \"retrieved\": \"2026-10-05\", \"by\": \"agent\", \"d_m\": 0}, {\"source\": \"nominatim\", \"ref\": \"node/453472519\", \"lat\": 44.4444451, \"lon\": 26.0983539, \"precision\": \"amenity\", \"evidence\": \"Nominatim: McDonald's, 24, Bulevardul General Gheorghe Magheru, A. Lahovary, Piața Romană, Cișmigiu, Sector 1, București, 010335, R\", \"retrieved\": \"2026-10-05\", \"by\": \"auto\", \"d_m\": 15}]", "checked_by": "agent (sonnet) + auto (s21)", "flags": "", "name": "imobilul din Bd. Magheru 24", "type": "bc_bloc", "class": "structure", "locality": "București", "address_1977": "Bd.Magheru 24 | București, Bd. Magheru 24 | Bd. Magheru 24", "period": "", "height": "S+P+8E", "system": "ss_cadre_ba", "iv_classes": "supports;local", "iv_techniques": "ms_camasuire;ms_consolidare_locala;ms_elemente_suplimentare;ms_fibre_sticla;ms_injectare;ms_placare_otel;ms_refacere_zidarie", "iv_only_proposed": "0", "outcome_unit": "v1_p0412_06"}}, {"type": "Feature", "id": "v1_b_X034_b_bd_republicii_51", "geometry": {"type": "Point", "coordinates": [26.11218, 44.43752]}, "properties": {"building_id": "v1_b_X034_b_bd_republicii_51", "batch_id": "G06", "locatable": "point", "precision": "building", "status": "verified", "n_sources": "2", "n_agree": "2", "agreement_m": "7", "outcome_1977": "unknown", "outcome_quote": "", "status_today": "standing", "status_source": "dupacutremur register usgoel (RS1, 1929, S+DS+P+7E); osm way/187025992", "modern_address": "Bd. Carol I 51, București (sector 2)", "historic_address_note": "Assumes Bd. Republicii (1977, this section) = Bd. Carol I (project protocol lists the renaming). I did not find an independent web source for the renaming; ro.wikipedia Carol I article fetch failed and a danagont article only says Carol I was renamed in the communist era. The register record, P+7 height and RC-frame era fit.", "dupacutremur_building_uid": "usgoel", "osm_footprint_ref": "way/187025992", "wikidata": "", "confidence": "medium", "notes": "Location sources agree to 2 m; the risk is only the street renaming (Republicii to Carol I). Height P+7 matches register S+DS+P+7E. Note: Bd. Magheru also carried the name Republicii at some date; the report's Magheru items use that name, so the 'Bd. Republicii' here is not Magheru.", "open_question": "A source that states Bd. Republicii 51 = Bd. Carol I 51 in 1977.", "review_note": "", "sources": "[{\"source\": \"dupacutremur\", \"ref\": \"usgoel\", \"lat\": 44.437459, \"lon\": 26.11216, \"precision\": \"building\", \"evidence\": \"Bd. Carol I 51, built 1929, S+DS+P+7E, class RS1\", \"retrieved\": \"2026-10-05\", \"by\": \"agent+auto\", \"d_m\": 7}, {\"source\": \"osm\", \"ref\": \"way/187025992\", \"lat\": 44.4375245, \"lon\": 26.1121711, \"precision\": \"building\", \"evidence\": \"Nominatim building with address 51 Bd. Carol I\", \"retrieved\": \"2026-10-05\", \"by\": \"agent+auto\", \"d_m\": 1}]", "checked_by": "agent (sonnet) + auto (s21)", "flags": "", "name": "blocul P+7 din Bd. Republicii nr. 51", "type": "bc_bloc", "class": "structure", "locality": "București", "address_1977": "Bd.Republicii nr.51", "period": "", "height": "P+7", "system": "", "iv_classes": "global", "iv_techniques": "ms_diafragme_moi", "iv_only_proposed": "0", "outcome_unit": ""}}, {"type": "Feature", "id": "v1_b_X034_b_institutul_arhitectura", "geometry": {"type": "Point", "coordinates": [26.10019, 44.43635]}, "properties": {"building_id": "v1_b_X034_b_institutul_arhitectura", "batch_id": "P2_03", "locatable": "point", "precision": "building", "status": "probable", "n_sources": "2", "n_agree": "1", "agreement_m": "", "outcome_1977": "unknown", "outcome_quote": "", "status_today": "standing", "status_source": "osm way/23781470; wikidata Q976926", "modern_address": "Universitatea de Arhitectură și Urbanism 'Ion Mincu', Str. Academiei 18-20, București (sector 1)", "historic_address_note": "Institutul de Arhitectură 'Ion Mincu' in 1977 = today's UAUIM (Wikidata Q976926), same Str. Academiei 18-20 site; the ownership of that address in 1977 is from general knowledge, not from a fetched source.", "dupacutremur_building_uid": "", "osm_footprint_ref": "way/23781470", "wikidata": "Q976926", "confidence": "medium", "notes": "pass2: third family (the university's own page) confirms the main building at Str. Academiei 18-20, the institute's seat in 1977 and continuous with today's university. The text only says masonry was repaired by cement-grout injection; the main (1916-27) masonry building is the likely subject but annexes cannot be excluded.", "open_question": "Which institute building (main historic building vs annex) was injected.", "review_note": "", "sources": "[{\"source\": \"osm\", \"ref\": \"way/23781470\", \"lat\": 44.4361732, \"lon\": 26.1003742, \"precision\": \"building\", \"evidence\": \"UAUIM at 18-20 Str. Academiei\", \"retrieved\": \"2026-10-05\", \"by\": \"agent+auto\", \"d_m\": 25}, {\"source\": \"wikidata\", \"ref\": \"Q976926\", \"lat\": 44.43652778, \"lon\": 26.1, \"precision\": \"site\", \"evidence\": \"Item for the Ion Mincu University of Architecture, coordinates of the campus\", \"retrieved\": \"2026-10-05\", \"by\": \"agent+auto\", \"d_m\": 25}, {\"source\": \"web\", \"ref\": \"https://uauim.ro/en/university/facilities\", \"lat\": null, \"lon\": null, \"precision\": \"address\", \"evidence\": \"University site: main building at Str. Academiei 18-20, built 1916-27 (Cerchez, historic monument) with extensions in the 1960s-70s (search-result summary)\", \"retrieved\": \"2026-10-05\", \"by\": \"agent\"}]", "checked_by": "agent (sonnet) + auto (s21)", "flags": "", "name": "Institutul de Arhitectură", "type": "", "class": "structure", "locality": "București", "address_1977": "", "period": "", "height": "", "system": "", "iv_classes": "local", "iv_techniques": "ms_injectare", "iv_only_proposed": "0", "outcome_unit": ""}}, {"type": "Feature", "id": "v1_b_X034_b_liceul_mihai_viteazul", "geometry": {"type": "Point", "coordinates": [26.124297, 44.439012]}, "properties": {"building_id": "v1_b_X034_b_liceul_mihai_viteazul", "batch_id": "P2_03", "locatable": "point", "precision": "building", "status": "single", "n_sources": "1", "n_agree": "1", "agreement_m": "", "outcome_1977": "unknown", "outcome_quote": "", "status_today": "standing", "status_source": "osm way/23648411", "modern_address": "Colegiul Național 'Mihai Viteazul', Bd. Pache Protopopescu 62, București (sector 2)", "historic_address_note": "The school building dates from 1921-c.1925 (agir.ro) and stands on the boulevard that was Bd. Republicii in 1977 (per protocol renaming, not independently checked).", "dupacutremur_building_uid": "", "osm_footprint_ref": "way/23648411", "wikidata": "", "confidence": "high", "notes": "pass2: no further evidence found (the pass-1 two-family confirmation stands: OSM + AGIR article, Bd. Pache Protopopescu 62, building begun 1921; Bd. Republicii -> Pache Protopopescu renaming per protocol).", "open_question": "", "review_note": "", "sources": "[{\"source\": \"osm\", \"ref\": \"way/23648411\", \"lat\": 44.4390121, \"lon\": 26.1242972, \"precision\": \"building\", \"evidence\": \"Colegiul Național Mihai Viteazul at 62 Bd. Pache Protopopescu\", \"retrieved\": \"2026-10-05\", \"by\": \"agent+auto\", \"d_m\": 0}, {\"source\": \"web\", \"ref\": \"https://www.agir.ro/univers-ingineresc/numar-20-2015/\", \"lat\": null, \"lon\": null, \"precision\": \"address\", \"evidence\": \"AGIR article gives the college address as Bd. Pache Protopopescu 62, building begun 1921\", \"retrieved\": \"2026-10-05\", \"by\": \"agent\"}]", "checked_by": "agent (sonnet) + auto (s21)", "flags": "", "name": "Liceul Mihai Viteazul", "type": "bc_scoala", "class": "structure", "locality": "București", "address_1977": "", "period": "", "height": "", "system": "", "iv_classes": "local", "iv_techniques": "ms_injectare", "iv_only_proposed": "0", "outcome_unit": ""}}, {"type": "Feature", "id": "v1_b_X034_b_muzeul_istoria_partidului", "geometry": {"type": "Point", "coordinates": [26.08383, 44.4544]}, "properties": {"building_id": "v1_b_X034_b_muzeul_istoria_partidului", "batch_id": "G06", "locatable": "point", "precision": "building", "status": "verified", "n_sources": "2", "n_agree": "2", "agreement_m": "12", "outcome_1977": "unknown", "outcome_quote": "", "status_today": "standing", "status_source": "https://ro.wikipedia.org/wiki/Muzeul_Național_al_Țăranului_Român", "modern_address": "Șos. Kiseleff 3 (Muzeul Național al Țăranului Român), București (sector 1)", "historic_address_note": "In 1977 the Party History Museum occupied the Ghika-Budești building at Kiseleff 3, which became the Peasant Museum on 5 Feb 1990 (ro.wikipedia: Lenin-Stalin museum in 1953, then Party museum).", "dupacutremur_building_uid": "", "osm_footprint_ref": "node/2634652844 (museum POI)", "wikidata": "", "confidence": "high", "notes": "Wikipedia says only that the building held a 'Muzeul Partidului' after 1953; a search result also states the building housed a Communist party museum in the communist era. The exact museum name used in 1977 was not seen, but the report's 'Muzeul de Istorie a Partidului' fits.", "open_question": "", "review_note": "", "sources": "[{\"source\": \"wikipedia\", \"ref\": \"https://ro.wikipedia.org/wiki/Muzeul_Național_al_Țăranului_Român\", \"lat\": 44.454383, \"lon\": 26.083678, \"precision\": \"building\", \"evidence\": \"Article coordinates of the Kiseleff 3 building; text says Party museum there after 1953, Peasant Museum from 1990\", \"retrieved\": \"2026-10-05\", \"by\": \"agent\", \"d_m\": 12}, {\"source\": \"osm\", \"ref\": \"node/2634652844\", \"lat\": 44.4544226, \"lon\": 26.0839829, \"precision\": \"building\", \"evidence\": \"Nominatim POI of the museum at Șos. Kiseleff 3\", \"retrieved\": \"2026-10-05\", \"by\": \"agent\", \"d_m\": 12}]", "checked_by": "agent (sonnet) + auto (s21)", "flags": "", "name": "Muzeul de Istorie a Partidului", "type": "", "class": "structure", "locality": "București", "address_1977": "", "period": "", "height": "", "system": "", "iv_classes": "local", "iv_techniques": "ms_injectare", "iv_only_proposed": "0", "outcome_unit": ""}}, {"type": "Feature", "id": "v1_b_X034_b_muzeul_istorie_nationala", "geometry": {"type": "Point", "coordinates": [26.09754, 44.43142]}, "properties": {"building_id": "v1_b_X034_b_muzeul_istorie_nationala", "batch_id": "G06", "locatable": "point", "precision": "building", "status": "verified", "n_sources": "2", "n_agree": "2", "agreement_m": "28", "outcome_1977": "unknown", "outcome_quote": "", "status_today": "standing", "status_source": "osm relation/19919941; wikidata Q179283", "modern_address": "Muzeul Național de Istorie a României, Palatul Poștelor, Calea Victoriei 12, București (sector 3)", "historic_address_note": "Museum founded 1970 (ro.wikipedia) as Muzeul de Istorie al RSR; that it occupied the Palatul Poștelor in 1977 is general knowledge and was not stated in the fetched page.", "dupacutremur_building_uid": "", "osm_footprint_ref": "relation/19919941", "wikidata": "Q179283", "confidence": "medium", "notes": "Coordinates from two sources agree within 50 m. Medium only because the 1977 occupancy of this palace was not confirmed from a fetched source.", "open_question": "Confirm the museum (then Muzeul de Istorie al RSR) was in Palatul Poștelor in March 1977.", "review_note": "", "sources": "[{\"source\": \"osm\", \"ref\": \"relation/19919941\", \"lat\": 44.4313129, \"lon\": 26.0978589, \"precision\": \"building\", \"evidence\": \"Palatul Poștelor, Calea Victoriei 12 (tourism object)\", \"retrieved\": \"2026-10-05\", \"by\": \"agent\", \"d_m\": 28}, {\"source\": \"wikidata\", \"ref\": \"Q179283\", \"lat\": 44.431530555555554, \"lon\": 26.097225, \"precision\": \"building\", \"evidence\": \"National Museum of Romanian History item coordinates\", \"retrieved\": \"2026-10-05\", \"by\": \"agent+auto\", \"d_m\": 28}]", "checked_by": "agent (sonnet) + auto (s21)", "flags": "", "name": "Muzeul de Istorie Națională", "type": "", "class": "structure", "locality": "București", "address_1977": "", "period": "", "height": "", "system": "", "iv_classes": "local", "iv_techniques": "ms_injectare", "iv_only_proposed": "0", "outcome_unit": ""}}, {"type": "Feature", "id": "v1_b_X035_b_cosmonautilor5a", "geometry": {"type": "Point", "coordinates": [26.09997, 44.44507]}, "properties": {"building_id": "v1_b_X035_b_cosmonautilor5a", "batch_id": "G06", "locatable": "point", "precision": "building", "status": "verified", "n_sources": "2", "n_agree": "2", "agreement_m": "3", "outcome_1977": "moderate", "outcome_quote": "care au avut placa foarte fisurată", "status_today": "standing", "status_source": "dupacutremur register 1g31vv (RS1, 1933, 2S+P+7E); osm way/180559150", "modern_address": "Piața Alexandru Lahovari 5A, București (sector 1)", "historic_address_note": "Piața Cosmonauților = Piața Alexandru Lahovari (earlier Piața Kuibîșev) per ro.wikipedia 'Piața Alexandru Lahovari' and danagont.ro. Number 5A unchanged and matches register.", "dupacutremur_building_uid": "1g31vv", "osm_footprint_ref": "way/180559150", "wikidata": "", "confidence": "high", "notes": "Renaming from two web sources; location from two independent datasets; floor regime in the register equals the text exactly.", "open_question": "", "review_note": "", "sources": "[{\"source\": \"dupacutremur\", \"ref\": \"1g31vv\", \"lat\": 44.445075, \"lon\": 26.099932, \"precision\": \"building\", \"evidence\": \"Piața Alexandru Lahovari 5A, 1933, 2S+P+7E (matches 'două subsoluri, parter și 7 etaje')\", \"retrieved\": \"2026-10-05\", \"by\": \"agent+auto\", \"d_m\": 3}, {\"source\": \"osm\", \"ref\": \"way/180559150\", \"lat\": 44.4450705, \"lon\": 26.0999787, \"precision\": \"building\", \"evidence\": \"Nominatim building with address 5A Piața Alexandru Lahovari\", \"retrieved\": \"2026-10-05\", \"by\": \"agent+auto\", \"d_m\": 1}]", "checked_by": "agent (sonnet) + auto (s21)", "flags": "", "name": "blocul de locuințe din Piața Cosmonauților 5 A", "type": "bc_bloc", "class": "structure", "locality": "București", "address_1977": "București, Piața Cosmonauților 5 A", "period": "", "height": "2S+P+7E", "system": "ss_cadre_ba", "iv_classes": "local", "iv_techniques": "ms_camasuire;ms_consolidare_locala;ms_injectare;ms_refacere_zidarie", "iv_only_proposed": "0", "outcome_unit": "v1_p0376_03"}}, {"type": "Feature", "id": "v1_b_X035_b_cv128", "geometry": {"type": "Point", "coordinates": [26.093105, 44.443628]}, "properties": {"building_id": "v1_b_X035_b_cv128", "batch_id": "P2_04", "locatable": "point", "precision": "address", "status": "single", "n_sources": "1", "n_agree": "1", "agreement_m": "", "outcome_1977": "moderate", "outcome_quote": "remedierea strict locală a elementelor avariate", "status_today": "standing", "status_source": "Primaria Bucuresti seismic-expertise list 2020-09-15 row 94 (128A, expertised 1994, PVRTL 3640/1996) + OSM way/414116153", "modern_address": "Calea Victoriei 128 / 128A (large apartment block, 1935), București (sector 1)", "historic_address_note": "Calea Victoriei unchanged. The municipal expertised-buildings list has no 'nr. 128' but has 128A (S+P+8E, 1935, 59 apartments) and 128B (S+P+3E+Ma, 1935); the 1977 report's 'nr. 128' is read as the big block 128A (inference).", "dupacutremur_building_uid": "", "osm_footprint_ref": "way/414116153 (apartments, building:levels=8, 14 m from the no.128 address node)", "wikidata": "", "confidence": "medium", "notes": "pass2: pass 1 had only the shop address node. New: (a) the 2020 municipal list shows a large 1935 block at 128A with later consolidation paperwork, which the register lacks (register has only 128B, S+P+3E+Ma, bgxuad, rejected as too low); (b) the only tall apartment polygon beside the address node is OSM way/414116153 with 8 levels, equal to P+7E in the report (list says S+P+8E, a one-storey difference, possibly a set-back floor). Point moved from the shop node to this polygon centre (14 m away). Identification 128 = 128A is an inference; coordinates come from one family (OSM).", "open_question": "Confirm that the 1977 'nr. 128' block is the one now numbered 128A (S+P+8E vs 7 floors in the text); a photo or the IPCT annex IV.15 would settle it.", "review_note": "", "sources": "[{\"source\": \"osm\", \"ref\": \"node/11068961023\", \"lat\": 44.4436132, \"lon\": 26.092931, \"precision\": \"address\", \"evidence\": \"Nominatim hit for 128 Calea Victoriei (a shop at that number)\", \"retrieved\": \"2026-10-05\", \"by\": \"agent\", \"d_m\": 14}, {\"source\": \"osm\", \"ref\": \"way/414116153\", \"lat\": 44.443628, \"lon\": 26.093105, \"precision\": \"building\", \"evidence\": \"OSM apartments polygon, 8 levels (= P+7E, fits the report's 7 floors), 14 m from the address node for no. 128\", \"retrieved\": \"2026-10-05\", \"by\": \"agent\", \"d_m\": 0}, {\"source\": \"web\", \"ref\": \"https://www.espaco.ro/wp-content/uploads/2020/09/2020.09.15-imobile-cu-risc-seismic-in-Bucuresti-lista-primarie.pdf\", \"lat\": null, \"lon\": null, \"precision\": \"address\", \"evidence\": \"Municipal list row 94: Calea Victoriei 128A, S+P+8E, 1935, 59 apartments, 6,675 sqm, expertised 1994, works PVRTL 3640/1996 (no coordinates; a large block, consistent with a consolidated 1977 casualty)\", \"retrieved\": \"2026-10-05\", \"by\": \"agent\"}]", "checked_by": "agent (sonnet) + auto (s21)", "flags": "", "name": "blocul de locuințe din Calea Victoriei 128", "type": "bc_bloc", "class": "structure", "locality": "București", "address_1977": "București, Calea Victoriei 128", "period": "", "height": "S+P+7E", "system": "ss_cadre_ba", "iv_classes": "local", "iv_techniques": "ms_camasuire;ms_consolidare_locala;ms_injectare", "iv_only_proposed": "0", "outcome_unit": "v1_p0377_00"}}, {"type": "Feature", "id": "v1_b_X035_b_cv190", "geometry": {"type": "Point", "coordinates": [26.089809, 44.44762]}, "properties": {"building_id": "v1_b_X035_b_cv190", "batch_id": "P2_04", "locatable": "point", "precision": "building", "status": "probable", "n_sources": "2", "n_agree": "1", "agreement_m": "", "outcome_1977": "moderate", "outcome_quote": "remedieri locale, prin cămășuiri ale zidăriei avariate", "status_today": "standing", "status_source": "dupacutremur register zhggpw (U3, 1895, S+P+2E+Ma)", "modern_address": "Calea Victoriei 190, București (sector 1)", "historic_address_note": "Calea Victoriei unchanged, number unchanged.", "dupacutremur_building_uid": "zhggpw", "osm_footprint_ref": "way/529124240 (nearest OSM apartments polygon, 3 levels, about 15 m from the register centre; polygon-to-address link not verified)", "wikidata": "", "confidence": "high", "notes": "pass2: register zhggpw and the OSM address node agree to within 2 m; typology and age match (S+P+2E+Ma, 1895 = load-bearing masonry with timber floors). The 2020 municipal expertise list gives the same height regime (not an independent family from the register, which derives from it). Added nearest OSM polygon as footprint reference.", "open_question": "", "review_note": "", "sources": "[{\"source\": \"dupacutremur\", \"ref\": \"zhggpw\", \"lat\": 44.447617, \"lon\": 26.08978, \"precision\": \"building\", \"evidence\": \"Calea Victoriei 190, 1895, S+P+2E+Ma (matches subsol, parter, 2 etaje, mansardă)\", \"retrieved\": \"2026-10-05\", \"by\": \"agent+auto\", \"d_m\": 2}, {\"source\": \"osm\", \"ref\": \"node/1726036417\", \"lat\": 44.4476123, \"lon\": 26.089809, \"precision\": \"address\", \"evidence\": \"Nominatim address 190 Calea Victoriei\", \"retrieved\": \"2026-10-05\", \"by\": \"agent+auto\", \"d_m\": 1}, {\"source\": \"web\", \"ref\": \"https://www.espaco.ro/wp-content/uploads/2020/09/2020.09.15-imobile-cu-risc-seismic-in-Bucuresti-lista-primarie.pdf\", \"lat\": null, \"lon\": null, \"precision\": \"address\", \"evidence\": \"Municipal list row 1525: Calea Victoriei 190, S+P+2E+Ma, 1895, expertised 1996, class U1 (same typology as the report; this list and the register share an origin)\", \"retrieved\": \"2026-10-05\", \"by\": \"agent\"}]", "checked_by": "agent (sonnet) + auto (s21)", "flags": "", "name": "clădirea de locuit din Calea Victoriei 190", "type": "bc_locuinte", "class": "structure", "locality": "București", "address_1977": "București, Calea Victoriei 190", "period": "", "height": "S+P+2E+M", "system": "ss_zidarie", "iv_classes": "local", "iv_techniques": "ms_camasuire;ms_consolidare_locala;ms_tiranti", "iv_only_proposed": "0", "outcome_unit": "v1_p0374_03"}}, {"type": "Feature", "id": "v1_b_X035_b_eva", "geometry": {"type": "Point", "coordinates": [26.09788, 44.44321]}, "properties": {"building_id": "v1_b_X035_b_eva", "batch_id": "P2_04", "locatable": "point", "precision": "building", "status": "probable", "n_sources": "2", "n_agree": "1", "agreement_m": "", "outcome_1977": "moderate", "outcome_quote": "cămășuirea stâlpilor avariați", "status_today": "standing", "status_source": "dupacutremur register 0ayxsk (U3, 1961, S+P+9E)", "modern_address": "Bd. General Gheorghe Magheru 9, București (sector 1)", "historic_address_note": "Bd. Magheru unchanged (now 'General Gheorghe Magheru'). The assignment EVA = nr. 9 is now confirmed by an independent web source (bucuresti.ro), no longer only the text order of the report.", "dupacutremur_building_uid": "0ayxsk", "osm_footprint_ref": "", "wikidata": "", "confidence": "high", "notes": "pass2: the open question of pass 1 is resolved. bucuresti.ro states 'Blocul Eva' is at Magheru nr. 9 with subsol, parter comercial, mezanin and 9 etaje, exactly the report's S+P+M+9E; the ONT block is its twin at nr. 7. The report also says the extra masonry diaphragm was at 'blocul din Bd. Magheru nr. 9', consistent. The register records 0ayxsk as S+P+9E (mezzanine not recorded). No OSM polygon for the building was found (only POI/address nodes), so footprint ref left empty. Point = mean of register footprint centre and OSM address node (about 10 m apart).", "open_question": "", "review_note": "", "sources": "[{\"source\": \"dupacutremur\", \"ref\": \"0ayxsk\", \"lat\": 44.443129, \"lon\": 26.097894, \"precision\": \"building\", \"evidence\": \"Bd. Gheorghe Magheru 9, 1961, S+P+9E (text: subsol, parter, mezanin, 9 etaje)\", \"retrieved\": \"2026-10-05\", \"by\": \"agent+auto\", \"d_m\": 9}, {\"source\": \"osm\", \"ref\": \"node/2379858999\", \"lat\": 44.4432282, \"lon\": 26.0980078, \"precision\": \"address\", \"evidence\": \"Nominatim address 9 Bd. General Gheorghe Magheru\", \"retrieved\": \"2026-10-05\", \"by\": \"agent+auto\", \"d_m\": 10}, {\"source\": \"web\", \"ref\": \"https://www.bucuresti.ro/articole/blocul-eva-de-pe-magheru-povestea-magazinului-in-care-bucurestiul-comunist-isi-cauta-eleganta-1714\", \"lat\": null, \"lon\": null, \"precision\": \"address\", \"evidence\": \"City portal article: the Eva block is at Bulevardul Gheorghe Magheru nr. 9, described as basement, commercial ground floor, mezzanine and nine floors (matches the report)\", \"retrieved\": \"2026-10-05\", \"by\": \"agent\"}, {\"source\": \"web\", \"ref\": \"https://www.espaco.ro/wp-content/uploads/2020/09/2020.09.15-imobile-cu-risc-seismic-in-Bucuresti-lista-primarie.pdf\", \"lat\": null, \"lon\": null, \"precision\": \"address\", \"evidence\": \"Municipal list: Magheru 9, S+P+9E, 1961, 162 apartments, class U3\", \"retrieved\": \"2026-10-05\", \"by\": \"agent\"}]", "checked_by": "agent (sonnet) + auto (s21)", "flags": "", "name": "blocul de locuințe \"EVA\"", "type": "bc_bloc", "class": "structure", "locality": "București", "address_1977": "București, Bd. Magheru nr. 9", "period": "", "height": "S+P+M+9E", "system": "ss_cadre_ba_monolit", "iv_classes": "global;local", "iv_techniques": "ms_camasuire;ms_diafragme_moi;ms_diafragme_noi;ms_injectare;ms_rebetonare;ms_restabilire_capacitate;ms_rigidizare_suplimentara", "iv_only_proposed": "0", "outcome_unit": "v1_p0380_02"}}, {"type": "Feature", "id": "v1_b_X035_b_galati109", "geometry": {"type": "Point", "coordinates": [26.110958, 44.445353]}, "properties": {"building_id": "v1_b_X035_b_galati109", "batch_id": "P2_04", "locatable": "point", "precision": "address", "status": "single", "n_sources": "1", "n_agree": "1", "agreement_m": "", "outcome_1977": "moderate", "outcome_quote": "stîlpi avariați la parter și etajele I și II, unele grinzi fisurate puternic", "status_today": "standing", "status_source": "OSM way/255866602 (apartments, 5 levels at the corner of Vasile Lascar and Bd. Dacia, 7 m from the address node)", "modern_address": "Str. Vasile Lascăr 109, București (sector 2)", "historic_address_note": "Str. Galați was the name of Str. Vasile Lascăr between 1964 and 1992 (danagont.ro) ; bucurestiivechisinoi.ro also writes 'strada Vasile Lascăr (fostă Galați)'. Number 109 assumed unchanged.", "dupacutremur_building_uid": "", "osm_footprint_ref": "way/255866602 (corner apartments polygon, 5 levels; link to the address node is by proximity)", "wikidata": "", "confidence": "medium", "notes": "pass2: no independent family for the exact address was found. Checked: the register has no Lascar 109 record (nearest are Lascar 111, S+P+3E+Ma, and the corner block Bd. Dacia 102, S+P+4E+Ma, 1936, uid uv3t34, 8 m from the address node); the 2020 municipal expertise list also has no Lascar 109 (it has 100 and 111), so no conflict but no confirmation. A web listing places a bakery at Lascar 109 on the Piata Gemeni corner, consistent with the OSM node. The Dacia 102 corner block (S+P+4E+Ma) matches the report's S+P+4E+M retrasa and OSM shows a 5-level apartment polygon there (P+4E), so the building is probably the corner block, but this is typology plus proximity, not an address match, so no register uid is recorded. Renaming Str. Galati = Str. Vasile Lascar (1964-1992) rests on danagont.ro and bucurestiivechisinoi.ro (possibly not independent). Note: a search snippet suggested 'Lascar 109 = S+P+8E, 1935'; in the list that row belongs to Lascar 33, so it was discarded.", "open_question": "Is the 1977 'Str. Galati 109' the corner block now at Bd. Dacia 102 / Vasile Lascar 109? A street-level source for the 109 number would confirm.", "review_note": "", "sources": "[{\"source\": \"osm\", \"ref\": \"node/2510158177\", \"lat\": 44.4453529, \"lon\": 26.1109583, \"precision\": \"address\", \"evidence\": \"Nominatim address 109 Str. Vasile Lascăr, Piața Gemeni\", \"retrieved\": \"2026-10-05\", \"by\": \"agent+auto\", \"d_m\": 0}, {\"source\": \"web\", \"ref\": \"https://www.danagont.ro/cum-a-schimbat-regimul-comunist-numele-strazilor-din-bucuresti-aurel-ionescu/\", \"lat\": null, \"lon\": null, \"precision\": \"street\", \"evidence\": \"States the street was named Str. Galați from 1964 to 1992 and is Vasile Lascăr today\", \"retrieved\": \"2026-10-05\", \"by\": \"agent\"}]", "checked_by": "agent (sonnet) + auto (s21)", "flags": "", "name": "clădirea de locuit din Str. Galați 109", "type": "bc_locuinte", "class": "structure", "locality": "București", "address_1977": "București, Str. Galați 109", "period": "", "height": "S+P+4E+M retrasă", "system": "ss_cadre_ba", "iv_classes": "local", "iv_techniques": "ms_camasuire;ms_injectare;ms_refacere_zidarie", "iv_only_proposed": "0", "outcome_unit": "v1_p0374_05"}}, {"type": "Feature", "id": "v1_b_X035_b_mantuleasa16", "geometry": {"type": "Point", "coordinates": [26.11267, 44.43453]}, "properties": {"building_id": "v1_b_X035_b_mantuleasa16", "batch_id": "P2_04", "locatable": "point", "precision": "building", "status": "probable", "n_sources": "2", "n_agree": "1", "agreement_m": "", "outcome_1977": "moderate", "outcome_quote": "pereți portanți crăpați de la subsol și parter", "status_today": "standing", "status_source": "dupacutremur register bibbol (RS2, 1928, S+P+4E)", "modern_address": "Str. Mântuleasa 16, București (sector 2)", "historic_address_note": "Same street name (Mîntuleasa spelling variant); number unchanged.", "dupacutremur_building_uid": "bibbol", "osm_footprint_ref": "way/256329803 (nearest OSM apartments polygon, 10 m from the register centre; its levels=3 tag conflicts with S+P+4E, link unverified)", "wikidata": "", "confidence": "high", "notes": "pass2: register bibbol and the OSM address node agree (3-6 m); the 2020 municipal expertise list repeats S+P+4E / 1928 for Mantuleasa 16. Structural typology matches 'subsol, parter si 4 etaje' in load-bearing masonry. Nearest OSM polygon added with a caveat (levels tag lower than the register).", "open_question": "", "review_note": "", "sources": "[{\"source\": \"dupacutremur\", \"ref\": \"bibbol\", \"lat\": 44.43458, \"lon\": 26.112709, \"precision\": \"building\", \"evidence\": \"Str. Mântuleasa 16, 1928, S+P+4E (matches subsol, parter, 4 etaje)\", \"retrieved\": \"2026-10-05\", \"by\": \"agent+auto\", \"d_m\": 6}, {\"source\": \"osm\", \"ref\": \"node/2476489713\", \"lat\": 44.4345183, \"lon\": 26.1126376, \"precision\": \"address\", \"evidence\": \"Nominatim address 16 Str. Mântuleasa\", \"retrieved\": \"2026-10-05\", \"by\": \"agent+auto\", \"d_m\": 3}, {\"source\": \"web\", \"ref\": \"https://www.espaco.ro/wp-content/uploads/2020/09/2020.09.15-imobile-cu-risc-seismic-in-Bucuresti-lista-primarie.pdf\", \"lat\": null, \"lon\": null, \"precision\": \"address\", \"evidence\": \"Municipal list: Str. Mantuleasa 16, S+P+4E, 1928, expertised 2001 (derives from the same lists as the register, so not an independent family)\", \"retrieved\": \"2026-10-05\", \"by\": \"agent\"}]", "checked_by": "agent (sonnet) + auto (s21)", "flags": "", "name": "clădirea de locuit din Str. Mîntuleasa 16", "type": "bc_locuinte", "class": "structure", "locality": "București", "address_1977": "București, Str. Mîntuleasa 16", "period": "", "height": "S+P+4E", "system": "ss_zidarie", "iv_classes": "local", "iv_techniques": "ms_consolidare_locala;ms_injectare;ms_refacere_zidarie;ms_torcretare", "iv_only_proposed": "0", "outcome_unit": "v1_p0374_04"}}, {"type": "Feature", "id": "v1_b_X035_b_nr10_dorobanti", "geometry": {"type": "Point", "coordinates": [26.096438, 44.456318]}, "properties": {"building_id": "v1_b_X035_b_nr10_dorobanti", "batch_id": "P2_04", "locatable": "point", "precision": "building", "status": "single", "n_sources": "1", "n_agree": "1", "agreement_m": "", "outcome_1977": "moderate", "outcome_quote": "cămășuirea a 35 stâlpi", "status_today": "standing", "status_source": "OSM way/165939374 (Bl. 10) + propertyindex.ro 'Blocul 10 (BRD)'", "modern_address": "Bloc 10, Calea Dorobanților 135-145, București (sector 1)", "historic_address_note": "'Nr.10' is read as the block label (like 'OD 55', 'R.23' in the same section), not a house number: Bloc 10 of the 1976 Dorobanți complex, Calea Dorobanților 135-145 (OSM name 'Bl. 10'; neighbours Bl. 11 = no. 134, Bl. 9 = 111-135). Calea Dorobanți = Calea Dorobanților, unchanged.", "dupacutremur_building_uid": "", "osm_footprint_ref": "way/165939374 (Bl. 10, apartments, 10 levels, addr. Calea Dorobanților 135-145)", "wikidata": "", "confidence": "medium", "notes": "pass2 CORRECTION. Pass 1 read 'Nr.10' as house number and picked Calea Dorobanților 10 (1937, S+P+Mz+8E, uid b1llzu). Re-reading: the report writes block labels without a house number in this section (OD 55, R.23, OD1) and this chapter deals with NEW multi-storey blocks, whereas no. 10 is a 1937 building. The 1976 complex on Calea Dorobanților (blocks 5-15 around nos. 111-152) has a 'Bloc 10' at nr. 135-145 with 6-12 levels (stepped, consistent with the report's 7...9 floors) and was only months old in March 1977; the report's 6x6 m frame grid and column jacketing fit. Two families (OSM name/address, propertyindex) name Bloc 10 at this spot. Fallback if the label reading is wrong: Calea Dorobanților 10 (register b1llzu, 1937, S+P+Mz+8E, 44.447276, 26.099748).", "open_question": "Is the 'Blocul Nr.10' of the report this 1976 block (135-145, several staircases, 6-12 levels) and not the 1937 building at Calea Dorobanților 10? Annex IV.25 would settle it.", "review_note": "photo evidence from Partea IV", "sources": "[{\"source\": \"osm\", \"ref\": \"way/165939374\", \"lat\": 44.456318, \"lon\": 26.096438, \"precision\": \"building\", \"evidence\": \"OSM polygon named 'Bl. 10', Calea Dorobanților 135-145, 10 levels\", \"retrieved\": \"2026-10-05\", \"by\": \"agent\", \"d_m\": 0}, {\"source\": \"web\", \"ref\": \"https://www.propertyindex.ro/residential/blocul-10-brd\", \"lat\": null, \"lon\": null, \"precision\": \"address\", \"evidence\": \"Real-estate index entry 'Blocul 10': Calea Dorobanți 135-145, sector 1, built 1976, blocks of 6-12 levels, 205 apartments, socialist-modernist\", \"retrieved\": \"2026-10-05\", \"by\": \"agent\"}, {\"source\": \"web\", \"ref\": \"https://www.espaco.ro/wp-content/uploads/2020/09/2020.09.15-imobile-cu-risc-seismic-in-Bucuresti-lista-primarie.pdf\", \"lat\": null, \"lon\": null, \"precision\": \"street\", \"evidence\": \"Municipal list shows the same complex numbered by blocks (Calea Dorobanților 134 = bloc 11, S+P+Mz+10E, 1976), so 'bloc N' labels exist on this street\", \"retrieved\": \"2026-10-05\", \"by\": \"agent\"}, {\"source\": \"nominatim\", \"ref\": \"way/920906536\", \"lat\": 44.4044745, \"lon\": 26.2069609, \"precision\": \"building\", \"evidence\": \"Nominatim: Bloc 10, 66A, Bulevardul Theodor Pallady, Titanul Nou, Sector 3, București, Ilfov, 032266, România\", \"retrieved\": \"2026-10-05\", \"by\": \"auto\", \"d_m\": 10500}]", "checked_by": "agent (sonnet) + auto (s21); claude-opus-5.5", "flags": "reviewed", "name": "blocul de locuințe Nr.10", "type": "bc_bloc", "class": "structure", "locality": "București", "address_1977": "București, Calea Dorobanți", "period": "", "height": "P+M+7...9E", "system": "ss_cadre_ba_monolit", "iv_classes": "local", "iv_techniques": "ms_camasuire;ms_injectare;ms_restabilire_capacitate", "iv_only_proposed": "0", "outcome_unit": "v1_p0380_03"}}, {"type": "Feature", "id": "v1_b_X035_b_od1_metalurgiei", "geometry": {"type": "Point", "coordinates": [26.12076, 44.37634]}, "properties": {"building_id": "v1_b_X035_b_od1_metalurgiei", "batch_id": "P2_04", "locatable": "area", "precision": "street", "status": "area", "n_sources": "2", "n_agree": "2", "agreement_m": "39", "outcome_1977": "moderate", "outcome_quote": "striviri în zona bulbilor", "status_today": "unknown", "status_source": "dupacutremur register fnwz4g (candidate only)", "modern_address": "Bd. Metalurgiei (north end), Sector 4, București; 2-4 not matched", "historic_address_note": "No record or OSM address for Bd. Metalurgiei 2-4. The only register block on the street, Str. Metalurgiei 5-7 (uid fnwz4g, 1966, S+P+9E, U3), is a possible match or neighbour but has 9 floors against the text's 10.", "dupacutremur_building_uid": "", "osm_footprint_ref": "way/13749499 (Bd. Metalurgiei, road)", "wikidata": "", "confidence": "low", "notes": "pass2: no further evidence found for the exact block. Checked: the municipal expertise list confirms one 1966 S+P+9E block at Str. Metalurgiei 5-7 (sector 4, class U3, 1993), same as register uid fnwz4g, so it exists but has 9 floors against the text's 10 and a different number. The register footprint of fnwz4g coincides with an OSM polygon tagged 'Bd. Metalurgiei 7-11, start_date 2015, 11 levels', so the geometry behind that uid is doubtful (probably a new building on or near the old block). Searched OSM names around the boulevard's north end (nine 150 m windows) for 'Bl. OD1': none; other series blocks nearby are R-type (R4-R14, Obregia). Bd. Metalurgiei 2-4 is on the even (west) side near the Obregia / Turnu Magurele junction, so the street point is the best available. Point kept as the mean of the two pass-1 candidates.", "open_question": "Find the OD1 prototype block (even side of Bd. Metalurgiei, nos. 2-4, near Bd. Obregia); an old map or the IPB annex IV.18 would be needed.", "review_note": "", "sources": "[{\"source\": \"dupacutremur\", \"ref\": \"fnwz4g\", \"lat\": 44.376138, \"lon\": 26.121152, \"precision\": \"building\", \"evidence\": \"Str. Metalurgiei 5-7, built 1966, S+P+9E; only register block on the street; not a number match\", \"retrieved\": \"2026-10-05\", \"by\": \"agent\", \"d_m\": 38}, {\"source\": \"osm\", \"ref\": \"way/13749499\", \"lat\": 44.3765451, \"lon\": 26.120367, \"precision\": \"street\", \"evidence\": \"Bd. Metalurgiei road segment in the Metalurgiei district (street-level, no building)\", \"retrieved\": \"2026-10-05\", \"by\": \"agent\", \"d_m\": 39}]", "checked_by": "agent (sonnet) + auto (s21)", "flags": "footprint_ref_is_a_line", "name": "blocul de locuințe OD1", "type": "bc_bloc", "class": "structure", "locality": "București", "address_1977": "București, Bd. Metalurgiei 2-4", "period": "", "height": "S+P+10E", "system": "ss_diafragme_ba", "iv_classes": "local", "iv_techniques": "ms_fibre_sticla;ms_injectare;ms_plombare;ms_restabilire_capacitate", "iv_only_proposed": "0", "outcome_unit": "v1_p0378_03"}}, {"type": "Feature", "id": "v1_b_X035_b_od55_reinvierii", "geometry": {"type": "Point", "coordinates": [26.124586, 44.453495]}, "properties": {"building_id": "v1_b_X035_b_od55_reinvierii", "batch_id": "P2_04", "locatable": "point", "precision": "building", "status": "verified", "n_sources": "2", "n_agree": "2", "agreement_m": "3", "outcome_1977": "moderate", "outcome_quote": "Prin proiectul de consolidare elaborat de IPB s-a urmărit consolidarea locală a zonelor avariate", "status_today": "standing", "status_source": "Primaria Sector 2 thermal rehabilitation page 'Masina de Paine nr. 41, bl. OD55' + register l09xwg", "modern_address": "Strada Mașina de Pâine 41, Bl. OD55, București (sector 2), 50-60 m from Str. Reînvierii", "historic_address_note": "The 1977 report names only Str. Reînvierii. OSM and the Sector 2 city hall list the block 'OD 55' at Str. Mașina de Pâine 41, whose staircases open about 50 m from Str. Reînvierii (the printed street is the neighbouring one).", "dupacutremur_building_uid": "l09xwg", "osm_footprint_ref": "way/28401410 (Bl. OD 55, apartments, 11 levels)", "wikidata": "", "confidence": "high", "notes": "pass2 RESOLVED from area to building. Pass 1 only had the street. Searching OSM around Str. Reînvierii found a polygon literally named 'Bl. OD 55' (neighbours OD36, OD32B, OD59A/B: one OD series in this ensemble), 11 levels; the register has the same footprint as Masina de Paine 41 (1968, S+P+10E) and the Sector 2 City Hall page names 'bl. OD55' at the same number. OD block numbers are one city-wide series, so the label is a strong key. The only discrepancy is the street (Reînvierii in the report, Masina de Paine today, 50 m apart). The register and OSM footprints are the same polygon, so only the attributes are independent.", "open_question": "Confirm that the 1977 address 'Str. Reînvierii' referred to this block's entrance side (annex IV.19).", "review_note": "", "sources": "[{\"source\": \"osm\", \"ref\": \"way/28401410\", \"lat\": 44.453471, \"lon\": 26.1245813, \"precision\": \"building\", \"evidence\": \"OSM polygon named 'Bl. OD 55', addr. Strada Masina de Paine 41, 11 levels, about 50 m from Strada Reinvierii\", \"retrieved\": \"2026-10-05\", \"by\": \"agent+auto\", \"d_m\": 3}, {\"source\": \"dupacutremur\", \"ref\": \"l09xwg\", \"lat\": 44.453469, \"lon\": 26.124587, \"precision\": \"building\", \"evidence\": \"Register: Masina de Paine 41, 1968, S+P+10E, class U3 (11 levels, fits an OD tower; footprint identical to the OSM polygon)\", \"retrieved\": \"2026-10-05\", \"by\": \"agent+auto\", \"d_m\": 3}, {\"source\": \"web\", \"ref\": \"https://www.ps2.ro/index.php/reabilitare/masina-de-paine-nr-41-bl-od55\", \"lat\": null, \"lon\": null, \"precision\": \"address\", \"evidence\": \"Sector 2 City Hall rehabilitation programme lists 'Masina de Paine nr. 41, bl. OD55' (no coordinates)\", \"retrieved\": \"2026-10-05\", \"by\": \"agent\"}]", "checked_by": "agent (sonnet) + auto (s21)", "flags": "", "name": "blocul de locuințe OD 55", "type": "bc_bloc", "class": "structure", "locality": "București", "address_1977": "București, Str. Reînvierii", "period": "", "height": "", "system": "", "iv_classes": "local", "iv_techniques": "ms_camasuire;ms_consolidare_locala;ms_injectare;ms_restabilire_capacitate;ms_torcretare", "iv_only_proposed": "0", "outcome_unit": "v1_p0378_05"}}, {"type": "Feature", "id": "v1_b_X035_b_ont", "geometry": {"type": "Point", "coordinates": [26.098175, 44.442285]}, "properties": {"building_id": "v1_b_X035_b_ont", "batch_id": "P2_04", "locatable": "point", "precision": "building", "status": "probable", "n_sources": "2", "n_agree": "1", "agreement_m": "", "outcome_1977": "moderate", "outcome_quote": "cămășuirea stâlpilor avariați cu profile metalice și beton armat, rebetonarea unor grinzi", "status_today": "standing", "status_source": "dupacutremur register record (verified)", "modern_address": "Bd. General Gheorghe Magheru 7, București (sector 1)", "historic_address_note": "Bd. Magheru kept its name (now with 'General'). ONT = nr. 7 follows from EVA = nr. 9 (bucuresti.ro, independent of the report's text order) and from the twin-block relation.", "dupacutremur_building_uid": "tct87s", "osm_footprint_ref": "", "wikidata": "", "confidence": "high", "notes": "pass2: the one open question (ONT = 7 or 9) is resolved by the independent confirmation that Eva is at nr. 9; ONT is therefore nr. 7, with register tct87s (S+P+Mz+9E, exactly the report's regime) and the 2020 municipal list agreeing. No OSM polygon found for the block (only bank/shop nodes at no. 7), so footprint ref empty. Point is the register footprint centre; the OSM address node is 12 m away.", "open_question": "", "review_note": "", "sources": "[{\"source\": \"dupacutremur\", \"ref\": \"tct87s\", \"lat\": 44.442188, \"lon\": 26.098266, \"precision\": \"building\", \"evidence\": \"Register: Magheru 7, built 1961, S+P+Mz+9E (matches S+P+M+9E in the report)\", \"retrieved\": \"2026-10-05\", \"by\": \"agent+auto\", \"d_m\": 13}, {\"source\": \"osm\", \"ref\": \"node/2379858995\", \"lat\": 44.4422986, \"lon\": 26.0983416, \"precision\": \"address\", \"evidence\": \"OSM address node Magheru 7, about 12 m from the register footprint\", \"retrieved\": \"2026-10-05\", \"by\": \"agent+auto\", \"d_m\": 13}, {\"source\": \"wikipedia\", \"ref\": \"https://en.wikipedia.org/wiki/Bulevardul_Magheru\", \"lat\": null, \"lon\": null, \"precision\": \"street\", \"evidence\": \"Wikipedia lists the ONT and Eva blocks on Magheru, both 1961 (no coordinates); existence only\", \"retrieved\": \"2026-10-05\", \"by\": \"agent\"}, {\"source\": \"web\", \"ref\": \"https://www.bucuresti.ro/articole/blocul-eva-de-pe-magheru-povestea-magazinului-in-care-bucurestiul-comunist-isi-cauta-eleganta-1714\", \"lat\": null, \"lon\": null, \"precision\": \"address\", \"evidence\": \"Eva block is nr. 9 and the ONT block (named after Oficiul National de Turism) is its twin on the same plot, so ONT is the other number, nr. 7\", \"retrieved\": \"2026-10-05\", \"by\": \"agent\"}, {\"source\": \"web\", \"ref\": \"https://www.espaco.ro/wp-content/uploads/2020/09/2020.09.15-imobile-cu-risc-seismic-in-Bucuresti-lista-primarie.pdf\", \"lat\": null, \"lon\": null, \"precision\": \"address\", \"evidence\": \"Municipal list: Magheru 7, S+P+Mz+9E, 1961, 126 apartments, class RS2 (matches the report exactly)\", \"retrieved\": \"2026-10-05\", \"by\": \"agent\"}]", "checked_by": "agent (sonnet) + auto (s21)", "flags": "", "name": "blocul de locuințe \"ONT\"", "type": "bc_bloc", "class": "structure", "locality": "București", "address_1977": "București, Bd. Magheru nr. 7", "period": "", "height": "S+P+M+9E", "system": "ss_cadre_ba_monolit", "iv_classes": "local", "iv_techniques": "ms_camasuire;ms_injectare;ms_rebetonare;ms_restabilire_capacitate", "iv_only_proposed": "0", "outcome_unit": "v1_p0380_02"}}, {"type": "Feature", "id": "v1_b_X035_b_patria", "geometry": {"type": "Point", "coordinates": [26.099421, 44.442494]}, "properties": {"building_id": "v1_b_X035_b_patria", "batch_id": "P2_04", "locatable": "point", "precision": "building", "status": "verified", "n_sources": "2", "n_agree": "2", "agreement_m": "8", "outcome_1977": "severe", "outcome_quote": "cămășuirea stâlpilor rupți, injectarea grinzilor și plăcilor fisurate", "status_today": "standing", "status_source": "dupacutremur register (4 records) and press", "modern_address": "Bd. General Gheorghe Magheru 12-14 (ARO-Patria complex), București (sector 1)", "historic_address_note": "Same street and number; 'Patria' = Cinema Patria / ARO building (Horia Creangă)", "dupacutremur_building_uid": "ro9w6h; rhm7ih; 4u1bf4; f6l817", "osm_footprint_ref": "way/163622261 (Bl. ARO/Patria, apartments, 10 levels, start_date 1931, addr. Magheru 14)", "wikidata": "Q25460511", "confidence": "high", "notes": "pass2: four register sections, the OSM polygon of the ARO/Patria block (which carries the Wikidata item), the municipal expertise list and the press agree on Magheru 12-14, built 1929-31 (Horia Creanga), heights 7-10 storeys matching 4...9 floors in the report. Point stays the mean of the four register centres (8 m from the OSM main polygon centre). The ARO complex is one building group of several sections.", "open_question": "", "review_note": "", "sources": "[{\"source\": \"dupacutremur\", \"ref\": \"ro9w6h|rhm7ih|4u1bf4|f6l817\", \"lat\": 44.442494, \"lon\": 26.099421, \"precision\": \"building\", \"evidence\": \"Four register records at Magheru 12-14 (S+P+4E+1R to S+P+9E, built 1929), mean of footprint centres; consistent with 4...9 floors in the report\", \"retrieved\": \"2026-10-05\", \"by\": \"agent\", \"d_m\": 0}, {\"source\": \"osm\", \"ref\": \"node/2379858937\", \"lat\": 44.4424381, \"lon\": 26.0991585, \"precision\": \"address\", \"evidence\": \"OSM address node 12-14 Magheru, about 25 m from the register mean\", \"retrieved\": \"2026-10-05\", \"by\": \"agent\", \"d_m\": 22}, {\"source\": \"web\", \"ref\": \"https://www.g4media.ro/blocul-patria-din-centrul-capitalei-va-fi-consolidat-cu-fonduri-nationale-nerambursabile-anunta-primarul-general-nicusor-dan.html\", \"lat\": null, \"lon\": null, \"precision\": \"address\", \"evidence\": \"Press: ARO-Patria building at Magheru 12-14, four structures, damaged 1977, consolidation project led by Gh. Ursu\", \"retrieved\": \"2026-10-05\", \"by\": \"agent\"}, {\"source\": \"osm\", \"ref\": \"way/163622261\", \"lat\": 44.442474, \"lon\": 26.099322, \"precision\": \"building\", \"evidence\": \"OSM polygon 'Bl. ARO/Patria', Magheru 14, 10 levels, start 1931, wikidata Q25460511 (main section; centre 8 m from the register mean)\", \"retrieved\": \"2026-10-05\", \"by\": \"agent\", \"d_m\": 8}, {\"source\": \"web\", \"ref\": \"https://www.espaco.ro/wp-content/uploads/2020/09/2020.09.15-imobile-cu-risc-seismic-in-Bucuresti-lista-primarie.pdf\", \"lat\": null, \"lon\": null, \"precision\": \"address\", \"evidence\": \"Municipal list: Magheru 12-14 (Cinematograful Patria), S+P+7E and S+P+9E, 1929/1931, 54 apartments, expertised 1993\", \"retrieved\": \"2026-10-05\", \"by\": \"agent\"}]", "checked_by": "agent (sonnet) + auto (s21)", "flags": "dupacutremur_uid_not_in_snapshot", "name": "blocul de locuințe \"Patria\"", "type": "bc_bloc", "class": "structure", "locality": "București", "address_1977": "București, Bd. Magheru 12-14", "period": "", "height": "S+P+4...9E", "system": "ss_cadre_ba", "iv_classes": "local", "iv_techniques": "ms_camasuire;ms_consolidare_locala;ms_injectare;ms_refacere_zidarie", "iv_only_proposed": "0", "outcome_unit": "v1_p0376_00"}}, {"type": "Feature", "id": "v1_b_X035_b_pricopan9", "geometry": {"type": "Point", "coordinates": [26.071793, 44.406081]}, "properties": {"building_id": "v1_b_X035_b_pricopan9", "batch_id": "P2_04", "locatable": "area", "precision": "street", "status": "area", "n_sources": "2", "n_agree": "2", "agreement_m": "33", "outcome_1977": "moderate", "outcome_quote": "remedierea zidăriilor prin injectări cu pastă de ciment", "status_today": "unknown", "status_source": "", "modern_address": "Aleea Pricopan, Rahova, sector 5, București (no.9 not found)", "historic_address_note": "Aleea Pricopan same name today; in 1977 the area was sector 7, now sector 5", "dupacutremur_building_uid": "", "osm_footprint_ref": "", "wikidata": "", "confidence": "low", "notes": "pass2: no further evidence found for no. 9. New: the municipal list and the register show only even numbers (4, 6, 6A, 8, 12) as 1969 S+P+4E blocks with block numbers 12-20; no record has house no. 9 in the register, the list, or Nominatim. The report's 'Aleea Pricopan 9' may be an old or alternative number for one of the odd-side blocks (OSM shows Bl. 13, 14, 15, 17, 21 nearby), so the street segment of the 1969 P+4E series (mean of register points about 44.4059, 26.0725) remains the best level. Point kept on the street way as in pass 1.", "open_question": "Which block carried no. 9 in 1977 (odd side of Aleea Pricopan)? A street-numbering source or annex IV.16 is needed.", "review_note": "", "sources": "[{\"source\": \"osm\", \"ref\": \"way/150893323\", \"lat\": 44.4060808, \"lon\": 26.0717931, \"precision\": \"street\", \"evidence\": \"Nominatim: Aleea Pricopan, Rahova, sector 5\", \"retrieved\": \"2026-10-05\", \"by\": \"agent\", \"d_m\": 0}, {\"source\": \"dupacutremur\", \"ref\": \"gai5sv / 9jk71v (nos. 6 and 8)\", \"lat\": 44.40584, \"lon\": 26.07204, \"precision\": \"street\", \"evidence\": \"Register: Aleea Pricopan 4, 6, 6A, 8, 12 are S+P+4E blocks built 1969, same height regime as the report; no no.9 record\", \"retrieved\": \"2026-10-05\", \"by\": \"agent\", \"d_m\": 33}, {\"source\": \"web\", \"ref\": \"https://www.espaco.ro/wp-content/uploads/2020/09/2020.09.15-imobile-cu-risc-seismic-in-Bucuresti-lista-primarie.pdf\", \"lat\": null, \"lon\": null, \"precision\": \"street\", \"evidence\": \"Municipal list rows 1166-1170: Aleea Pricopan nos. 4 (bloc 12), 6 (bloc 16), 6A (bloc 18), 8 (bloc 19), 12 (bloc 20), all S+P+4E, 1969, class U3; no no. 9\", \"retrieved\": \"2026-10-05\", \"by\": \"agent\"}]", "checked_by": "agent (sonnet) + auto (s21)", "flags": "", "name": "clădirea de locuit din Aleea Pricopan 9", "type": "bc_locuinte", "class": "structure", "locality": "București", "address_1977": "București, Aleea Pricopan 9", "period": "", "height": "P+4E", "system": "ss_zidarie_confinata", "iv_classes": "local", "iv_techniques": "ms_consolidare_locala;ms_injectare", "iv_only_proposed": "0", "outcome_unit": "v1_p0377_04"}}, {"type": "Feature", "id": "v1_b_X035_b_r23_racovita22", "geometry": {"type": "Point", "coordinates": [26.125601, 44.380638]}, "properties": {"building_id": "v1_b_X035_b_r23_racovita22", "batch_id": "P2_04", "locatable": "point", "precision": "building", "status": "single", "n_sources": "1", "n_agree": "1", "agreement_m": "", "outcome_1977": "severe", "outcome_quote": "elementele de rezistență au fost degradate în întregime iar marca betonului a fost necorespunzătoare", "status_today": "standing", "status_source": "OSM way/96715332 (Bl. R23) + Sector 4 heating-point list naming bl. R23 on Str. Emil Racovita", "modern_address": "Bl. R23, Str. Emil Racoviță 22, Berceni, sector 4, București", "historic_address_note": "Same street name and number; block label R23 matches 'R.23'", "dupacutremur_building_uid": "", "osm_footprint_ref": "way/96715332 (Bl. R23, apartments, Str. Emil Racoviță 22)", "wikidata": "", "confidence": "high", "notes": "pass2: OSM has a polygon tagged 'Bl. R23, nr. 22, Str. Emil Racoviță' (Berceni) plus a separate address node for no. 22; the municipal list shows the R-block series on Emil Racoviță (R1 at no. 6, S+P+9E, 1964) and an independent Sector 4 notice names bl. R23 on the same street, confirming the label/street pairing outside OSM. The coordinates still come only from OSM (polygon and node 25 m apart), so the building point is audited by label and street, not by a second coordinate set.", "open_question": "", "review_note": "", "sources": "[{\"source\": \"osm\", \"ref\": \"way/96715332\", \"lat\": 44.3806382, \"lon\": 26.1256015, \"precision\": \"building\", \"evidence\": \"OSM building with address Bl. R23, nr. 22, Str. Emil Racoviță, Berceni\", \"retrieved\": \"2026-10-05\", \"by\": \"agent+auto\", \"d_m\": 0}, {\"source\": \"osm\", \"ref\": \"node/2280747135\", \"lat\": 44.3807636, \"lon\": 26.1258593, \"precision\": \"address\", \"evidence\": \"Separate OSM address node for no.22 Emil Racoviță, 25 m away\", \"retrieved\": \"2026-10-05\", \"by\": \"agent\", \"d_m\": 25}, {\"source\": \"web\", \"ref\": \"https://sectorul4live.ro/sectorul-4-fara-apa-calda-si-caldura-din-cauza-unei-avarii/\", \"lat\": null, \"lon\": null, \"precision\": \"street\", \"evidence\": \"Sector 4 heating-outage notice lists 'Str Emil Racovita - bl. I13, R6, R9, R23, U3' under one heating point (block R23 exists on this street; no number or coordinates)\", \"retrieved\": \"2026-10-05\", \"by\": \"agent\"}]", "checked_by": "agent (sonnet) + auto (s21)", "flags": "", "name": "blocul de locuințe R.23", "type": "bc_bloc", "class": "structure", "locality": "București", "address_1977": "București, Str. Emil Racoviță 22", "period": "", "height": "P+9E", "system": "ss_diafragme_ba", "iv_classes": "global;local", "iv_techniques": "ms_camasuire;ms_consolidare_locala;ms_fibre_sticla;ms_injectare;ms_rebetonare;ms_restabilire_capacitate;ms_rigidizare_suplimentara;ms_torcretare", "iv_only_proposed": "0", "outcome_unit": "v1_p0379_00"}}, {"type": "Feature", "id": "v1_b_X035_b_w2_vatra_luminoasa70", "geometry": {"type": "Point", "coordinates": [26.14576, 44.439505]}, "properties": {"building_id": "v1_b_X035_b_w2_vatra_luminoasa70", "batch_id": "P2_04", "locatable": "point", "precision": "building", "status": "single", "n_sources": "1", "n_agree": "1", "agreement_m": "", "outcome_1977": "moderate", "outcome_quote": "s-a urmărit restabilirea capacității portante inițiale a elementelor avariate", "status_today": "standing", "status_source": "OSM way/205084079 (Bl. W2, 11 levels)", "modern_address": "Bl. W2, Str. Vatra Luminoasă 70, Zefir, sector 2, București", "historic_address_note": "Same street and number; W2 label matches", "dupacutremur_building_uid": "", "osm_footprint_ref": "way/205084079 (Bl. W2, apartments, 11 levels, Str. Vatra Luminoasă 70)", "wikidata": "", "confidence": "medium", "notes": "pass2: no non-OSM source for W2 was found (the register has nothing at Vatra Luminoasa; web searches do not name the W blocks). OSM polygon 'Bl. W2', nr. 70 has 11 levels, equal to S+P+10E in the report, and the sister block 'Bl. W1' is also nr. 70 (36 m away), consistent with a W series at this address. The Nominatim hit 'Bl. W2, Str. Soldat Nicolae Sebe 1' (Titan, 1.3 km east, way/28896769) is a different building with the same label and was dropped as a candidate because the printed street is Vatra Luminoasa 70. The report's '5 turnuri' are not visible as five polygons: OSM maps W2 as one outline.", "open_question": "Is OSM way/205084079 the whole 5-tower block or one tower? A second non-OSM source is still wanted.", "review_note": "", "sources": "[{\"source\": \"osm\", \"ref\": \"way/205084079\", \"lat\": 44.4395052, \"lon\": 26.1457598, \"precision\": \"building\", \"evidence\": \"OSM building Bl. W2, 70 Str. Vatra Luminoasă\", \"retrieved\": \"2026-10-05\", \"by\": \"agent\", \"d_m\": 0}, {\"source\": \"osm\", \"ref\": \"node/1786322315\", \"lat\": 44.4397308, \"lon\": 26.1450549, \"precision\": \"address\", \"evidence\": \"OSM address node no.70, about 60 m west; sister block W1 also at no.70 (way/205084080)\", \"retrieved\": \"2026-10-05\", \"by\": \"agent\", \"d_m\": 61}, {\"source\": \"nominatim\", \"ref\": \"way/28896769\", \"lat\": 44.4338943, \"lon\": 26.1588362, \"precision\": \"building\", \"evidence\": \"Nominatim: Bl. W2, 1, Strada Soldat Nicolae Sebe, Titan - Balta Albă, Sector 3, București, 030406, România\", \"retrieved\": \"2026-10-05\", \"by\": \"auto\", \"d_m\": 1211}]", "checked_by": "agent (sonnet) + auto (s21)", "flags": "", "name": "blocul de locuințe W.2", "type": "bc_bloc", "class": "structure", "locality": "București", "address_1977": "București, Str. Vatra Luminoasă 70", "period": "", "height": "S+P+10E", "system": "ss_diafragme_ba", "iv_classes": "local", "iv_techniques": "ms_camasuire;ms_injectare;ms_rebetonare", "iv_only_proposed": "0", "outcome_unit": "v1_p0379_03"}}, {"type": "Feature", "id": "v1_b_X036_b_centrul_imbuteliere_vin_obor", "geometry": {"type": "Point", "coordinates": [26.124278, 44.449036]}, "properties": {"building_id": "v1_b_X036_b_centrul_imbuteliere_vin_obor", "batch_id": "P2_04", "locatable": "area", "precision": "area", "status": "area", "n_sources": "1", "n_agree": "1", "agreement_m": "", "outcome_1977": "moderate", "outcome_quote": "avarierea stâlpilor să producă lăsarea acoperișurilor în zona respectivă cu câteva zeci", "status_today": "unknown", "status_source": "", "modern_address": "Obor, sector 2, București", "historic_address_note": "Only 'Obor' given", "dupacutremur_building_uid": "", "osm_footprint_ref": "", "wikidata": "", "confidence": "low", "notes": "pass2: no further evidence found. Searched again for a wine bottling centre at Obor (Vinalcool / Intreprinderea de vinuri si rachiuri Bucuresti): results mention a Bucharest wine and spirits enterprise without address, nothing at Obor. Point remains the Obor district anchor, not the plant.", "open_question": "Archive or industry directory needed.", "review_note": "", "sources": "[{\"source\": \"osm\", \"ref\": \"node/13607110968\", \"lat\": 44.4490364, \"lon\": 26.1242775, \"precision\": \"area\", \"evidence\": \"Nominatim: Piața Obor neighbourhood node, used only as a locality anchor\", \"retrieved\": \"2026-10-05\", \"by\": \"agent\", \"d_m\": 0}]", "checked_by": "agent (sonnet) + auto (s21)", "flags": "", "name": "Centrul de îmbuteliere vin București-Obor", "type": "bc_industrial", "class": "structure", "locality": "București", "address_1977": "Obor", "period": "", "height": "", "system": "", "iv_classes": "local;loads;temporary", "iv_techniques": "ms_camasuire;ms_rebetonare;ms_ridicare_acoperis;ms_sprijinire", "iv_only_proposed": "0", "outcome_unit": "v1_p0386_02"}}, {"type": "Feature", "id": "v1_b_X036_b_danubiana_hala_calandrare", "geometry": {"type": "Point", "coordinates": [26.185546, 44.369165]}, "properties": {"building_id": "v1_b_X036_b_danubiana_hala_calandrare", "batch_id": "P2_04", "locatable": "point", "precision": "site", "status": "single", "n_sources": "1", "n_agree": "1", "agreement_m": "", "outcome_1977": "moderate", "outcome_quote": "cămășuirea stâlpilor pe toată înălțimea", "status_today": "replaced", "status_source": "https://www.danubianapark.ro/ (former tyre plant converted to an industrial park)", "modern_address": "Fostă platformă Danubiana (Danubiana Industrial Park), Șos. Olteniței 181, Popești-Leordeni, Ilfov", "historic_address_note": "In 1977 the plant was listed as Danubiana, București; the site lies just south of Bucharest in Popești-Leordeni (Ilfov), entered under the Bucharest enterprise.", "dupacutremur_building_uid": "", "osm_footprint_ref": "way/360194479 (Colina Motors building at Șos. Olteniței 181, on the former platform; not the original hall)", "wikidata": "", "confidence": "low", "notes": "pass2: plant moved from the suburb node to the platform address. Danubiana SA / Danubiana Industrial Park (the former Danubiana tyre plant) has its address at Soseaua Oltenitei 181, Popesti-Leordeni (park site, company registers, press); OSM places the address on the 'Colina Motors' building at 44.3692, 26.1855, which stands on the old platform. Another OSM object 'Danubiana' with the same number 181 is only a residential-apartments landuse (the estate) and was not used. The original plant covered about 35 ha and the park only 7 ha, so the point is a site proxy accurate to a few hundred metres; the individual hall is not locatable from public sources. The calendering-tower hall cannot be pinned.", "open_question": "Locate the plant outline (old tyre factory, about 35 ha) and then the individual hall; an old plan or aerial photo is needed.", "review_note": "", "sources": "[{\"source\": \"osm\", \"ref\": \"way/360194479\", \"lat\": 44.369165, \"lon\": 26.185546, \"precision\": \"address\", \"evidence\": \"OSM building 'Colina Motors' with addr. Soseaua Oltenitei 181, the address used by Danubiana Industrial Park on the former tyre-plant platform\", \"retrieved\": \"2026-10-05\", \"by\": \"agent\", \"d_m\": 0}, {\"source\": \"web\", \"ref\": \"https://www.danubianapark.ro/contact\", \"lat\": null, \"lon\": null, \"precision\": \"site\", \"evidence\": \"Danubiana Industrial Park (re-use of the former tyre plant, 7.3 ha part) is at Soseaua Oltenitei 181, Popesti-Leordeni\", \"retrieved\": \"2026-10-05\", \"by\": \"agent\"}, {\"source\": \"web\", \"ref\": \"https://www.bursa.ro/pentru-perioada-2004-2007-danubiana-sa-popesti-leordeni-are-stabilit-un-volum-de-investitii-de-7-milioane-euro-00826130\", \"lat\": null, \"lon\": null, \"precision\": \"locality\", \"evidence\": \"Press: Danubiana SA tyre plant (founded 1959, producing from 1962) is at Popesti-Leordeni\", \"retrieved\": \"2026-10-05\", \"by\": \"agent\"}, {\"source\": \"osm\", \"ref\": \"node/8932645688\", \"lat\": 44.3644748, \"lon\": 26.1964658, \"precision\": \"area\", \"evidence\": \"OSM suburb node 'Danubiana' (the workers' estate, about 0.9 km SE of the platform; context only, not used for the point)\", \"retrieved\": \"2026-10-05\", \"by\": \"agent\", \"d_m\": 1013}]", "checked_by": "agent (sonnet) + auto (s21)", "flags": "", "name": "Hala de fabricație - turnul de calandrare de la I.A.Danubiana", "type": "bc_hala", "class": "structure", "locality": "București", "address_1977": "", "period": "", "height": "", "system": "", "iv_classes": "local", "iv_techniques": "ms_camasuire", "iv_only_proposed": "0", "outcome_unit": "v1_p0385_02"}}, {"type": "Feature", "id": "v1_b_X036_b_danubiana_siloz_negru_fum", "geometry": {"type": "Point", "coordinates": [26.185546, 44.369165]}, "properties": {"building_id": "v1_b_X036_b_danubiana_siloz_negru_fum", "batch_id": "P2_04", "locatable": "point", "precision": "site", "status": "single", "n_sources": "1", "n_agree": "1", "agreement_m": "", "outcome_1977": "severe", "outcome_quote": "cei 18 stâlpi marginali complet distruși la cutremur", "status_today": "replaced", "status_source": "https://www.danubianapark.ro/ (former tyre plant converted to an industrial park)", "modern_address": "Fostă platformă Danubiana (Danubiana Industrial Park), Șos. Olteniței 181, Popești-Leordeni, Ilfov", "historic_address_note": "In 1977 the plant was listed as Danubiana, București; the site lies just south of Bucharest in Popești-Leordeni (Ilfov), entered under the Bucharest enterprise.", "dupacutremur_building_uid": "", "osm_footprint_ref": "way/360194479 (Colina Motors building at Șos. Olteniței 181, on the former platform; not the original hall)", "wikidata": "", "confidence": "low", "notes": "pass2: plant moved from the suburb node to the platform address. Danubiana SA / Danubiana Industrial Park (the former Danubiana tyre plant) has its address at Soseaua Oltenitei 181, Popesti-Leordeni (park site, company registers, press); OSM places the address on the 'Colina Motors' building at 44.3692, 26.1855, which stands on the old platform. Another OSM object 'Danubiana' with the same number 181 is only a residential-apartments landuse (the estate) and was not used. The original plant covered about 35 ha and the park only 7 ha, so the point is a site proxy accurate to a few hundred metres; the individual hall is not locatable from public sources. The carbon-black silo cannot be pinned.", "open_question": "Locate the plant outline (old tyre factory, about 35 ha) and then the individual hall; an old plan or aerial photo is needed.", "review_note": "", "sources": "[{\"source\": \"osm\", \"ref\": \"way/360194479\", \"lat\": 44.369165, \"lon\": 26.185546, \"precision\": \"address\", \"evidence\": \"OSM building 'Colina Motors' with addr. Soseaua Oltenitei 181, the address used by Danubiana Industrial Park on the former tyre-plant platform\", \"retrieved\": \"2026-10-05\", \"by\": \"agent\", \"d_m\": 0}, {\"source\": \"web\", \"ref\": \"https://www.danubianapark.ro/contact\", \"lat\": null, \"lon\": null, \"precision\": \"site\", \"evidence\": \"Danubiana Industrial Park (re-use of the former tyre plant, 7.3 ha part) is at Soseaua Oltenitei 181, Popesti-Leordeni\", \"retrieved\": \"2026-10-05\", \"by\": \"agent\"}, {\"source\": \"web\", \"ref\": \"https://www.bursa.ro/pentru-perioada-2004-2007-danubiana-sa-popesti-leordeni-are-stabilit-un-volum-de-investitii-de-7-milioane-euro-00826130\", \"lat\": null, \"lon\": null, \"precision\": \"locality\", \"evidence\": \"Press: Danubiana SA tyre plant (founded 1959, producing from 1962) is at Popesti-Leordeni\", \"retrieved\": \"2026-10-05\", \"by\": \"agent\"}, {\"source\": \"osm\", \"ref\": \"node/8932645688\", \"lat\": 44.3644748, \"lon\": 26.1964658, \"precision\": \"area\", \"evidence\": \"OSM suburb node 'Danubiana' (the workers' estate, about 0.9 km SE of the platform; context only, not used for the point)\", \"retrieved\": \"2026-10-05\", \"by\": \"agent\", \"d_m\": 1013}]", "checked_by": "agent (sonnet) + auto (s21)", "flags": "", "name": "Silozul de negru de fum de la I.A.Danubiana", "type": "bc_industrial_special", "class": "structure", "locality": "București", "address_1977": "", "period": "", "height": "", "system": "", "iv_classes": "global;local", "iv_techniques": "ms_camasuire;ms_diafragme_noi", "iv_only_proposed": "0", "outcome_unit": "v1_p0388_00"}}, {"type": "Feature", "id": "v1_b_X036_b_danubiana_statia_anvelope", "geometry": {"type": "Point", "coordinates": [26.185546, 44.369165]}, "properties": {"building_id": "v1_b_X036_b_danubiana_statia_anvelope", "batch_id": "P2_04", "locatable": "point", "precision": "site", "status": "single", "n_sources": "1", "n_agree": "1", "agreement_m": "", "outcome_1977": "moderate", "outcome_quote": "s-au produs alunecări pe reazem a elementelor de acoperiș de tip \"T\"", "status_today": "replaced", "status_source": "https://www.danubianapark.ro/ (former tyre plant converted to an industrial park)", "modern_address": "Fostă platformă Danubiana (Danubiana Industrial Park), Șos. Olteniței 181, Popești-Leordeni, Ilfov", "historic_address_note": "In 1977 the plant was listed as Danubiana, București; the site lies just south of Bucharest in Popești-Leordeni (Ilfov), entered under the Bucharest enterprise.", "dupacutremur_building_uid": "", "osm_footprint_ref": "way/360194479 (Colina Motors building at Șos. Olteniței 181, on the former platform; not the original hall)", "wikidata": "", "confidence": "low", "notes": "pass2: plant moved from the suburb node to the platform address. Danubiana SA / Danubiana Industrial Park (the former Danubiana tyre plant) has its address at Soseaua Oltenitei 181, Popesti-Leordeni (park site, company registers, press); OSM places the address on the 'Colina Motors' building at 44.3692, 26.1855, which stands on the old platform. Another OSM object 'Danubiana' with the same number 181 is only a residential-apartments landuse (the estate) and was not used. The original plant covered about 35 ha and the park only 7 ha, so the point is a site proxy accurate to a few hundred metres; the individual hall is not locatable from public sources. The tyre test station cannot be pinned.", "open_question": "Locate the plant outline (old tyre factory, about 35 ha) and then the individual hall; an old plan or aerial photo is needed.", "review_note": "", "sources": "[{\"source\": \"osm\", \"ref\": \"way/360194479\", \"lat\": 44.369165, \"lon\": 26.185546, \"precision\": \"address\", \"evidence\": \"OSM building 'Colina Motors' with addr. Soseaua Oltenitei 181, the address used by Danubiana Industrial Park on the former tyre-plant platform\", \"retrieved\": \"2026-10-05\", \"by\": \"agent\", \"d_m\": 0}, {\"source\": \"web\", \"ref\": \"https://www.danubianapark.ro/contact\", \"lat\": null, \"lon\": null, \"precision\": \"site\", \"evidence\": \"Danubiana Industrial Park (re-use of the former tyre plant, 7.3 ha part) is at Soseaua Oltenitei 181, Popesti-Leordeni\", \"retrieved\": \"2026-10-05\", \"by\": \"agent\"}, {\"source\": \"web\", \"ref\": \"https://www.bursa.ro/pentru-perioada-2004-2007-danubiana-sa-popesti-leordeni-are-stabilit-un-volum-de-investitii-de-7-milioane-euro-00826130\", \"lat\": null, \"lon\": null, \"precision\": \"locality\", \"evidence\": \"Press: Danubiana SA tyre plant (founded 1959, producing from 1962) is at Popesti-Leordeni\", \"retrieved\": \"2026-10-05\", \"by\": \"agent\"}, {\"source\": \"osm\", \"ref\": \"node/8932645688\", \"lat\": 44.3644748, \"lon\": 26.1964658, \"precision\": \"area\", \"evidence\": \"OSM suburb node 'Danubiana' (the workers' estate, about 0.9 km SE of the platform; context only, not used for the point)\", \"retrieved\": \"2026-10-05\", \"by\": \"agent\", \"d_m\": 1013}]", "checked_by": "agent (sonnet) + auto (s21)", "flags": "", "name": "Stația de încercări anvelope de la I.A.Danubiana", "type": "bc_industrial", "class": "structure", "locality": "București", "address_1977": "", "period": "", "height": "", "system": "", "iv_classes": "local", "iv_techniques": "ms_inlocuire_piese_metalice", "iv_only_proposed": "0", "outcome_unit": "v1_p0386_04"}}, {"type": "Feature", "id": "v1_b_X036_b_danubiana_statia_compresoare", "geometry": {"type": "Point", "coordinates": [26.185546, 44.369165]}, "properties": {"building_id": "v1_b_X036_b_danubiana_statia_compresoare", "batch_id": "P2_04", "locatable": "point", "precision": "site", "status": "single", "n_sources": "1", "n_agree": "1", "agreement_m": "", "outcome_1977": "light", "outcome_quote": "În cazul unor avarii mai mici", "status_today": "replaced", "status_source": "https://www.danubianapark.ro/ (former tyre plant converted to an industrial park)", "modern_address": "Fostă platformă Danubiana (Danubiana Industrial Park), Șos. Olteniței 181, Popești-Leordeni, Ilfov", "historic_address_note": "In 1977 the plant was listed as Danubiana, București; the site lies just south of Bucharest in Popești-Leordeni (Ilfov), entered under the Bucharest enterprise.", "dupacutremur_building_uid": "", "osm_footprint_ref": "way/360194479 (Colina Motors building at Șos. Olteniței 181, on the former platform; not the original hall)", "wikidata": "", "confidence": "low", "notes": "pass2: plant moved from the suburb node to the platform address. Danubiana SA / Danubiana Industrial Park (the former Danubiana tyre plant) has its address at Soseaua Oltenitei 181, Popesti-Leordeni (park site, company registers, press); OSM places the address on the 'Colina Motors' building at 44.3692, 26.1855, which stands on the old platform. Another OSM object 'Danubiana' with the same number 181 is only a residential-apartments landuse (the estate) and was not used. The original plant covered about 35 ha and the park only 7 ha, so the point is a site proxy accurate to a few hundred metres; the individual hall is not locatable from public sources. The compressor station cannot be pinned.", "open_question": "Locate the plant outline (old tyre factory, about 35 ha) and then the individual hall; an old plan or aerial photo is needed.", "review_note": "", "sources": "[{\"source\": \"osm\", \"ref\": \"way/360194479\", \"lat\": 44.369165, \"lon\": 26.185546, \"precision\": \"address\", \"evidence\": \"OSM building 'Colina Motors' with addr. Soseaua Oltenitei 181, the address used by Danubiana Industrial Park on the former tyre-plant platform\", \"retrieved\": \"2026-10-05\", \"by\": \"agent\", \"d_m\": 0}, {\"source\": \"web\", \"ref\": \"https://www.danubianapark.ro/contact\", \"lat\": null, \"lon\": null, \"precision\": \"site\", \"evidence\": \"Danubiana Industrial Park (re-use of the former tyre plant, 7.3 ha part) is at Soseaua Oltenitei 181, Popesti-Leordeni\", \"retrieved\": \"2026-10-05\", \"by\": \"agent\"}, {\"source\": \"web\", \"ref\": \"https://www.bursa.ro/pentru-perioada-2004-2007-danubiana-sa-popesti-leordeni-are-stabilit-un-volum-de-investitii-de-7-milioane-euro-00826130\", \"lat\": null, \"lon\": null, \"precision\": \"locality\", \"evidence\": \"Press: Danubiana SA tyre plant (founded 1959, producing from 1962) is at Popesti-Leordeni\", \"retrieved\": \"2026-10-05\", \"by\": \"agent\"}, {\"source\": \"osm\", \"ref\": \"node/8932645688\", \"lat\": 44.3644748, \"lon\": 26.1964658, \"precision\": \"area\", \"evidence\": \"OSM suburb node 'Danubiana' (the workers' estate, about 0.9 km SE of the platform; context only, not used for the point)\", \"retrieved\": \"2026-10-05\", \"by\": \"agent\", \"d_m\": 1013}]", "checked_by": "agent (sonnet) + auto (s21)", "flags": "", "name": "Stația de compresoare Danubiana", "type": "bc_industrial", "class": "structure", "locality": "București", "address_1977": "", "period": "", "height": "", "system": "", "iv_classes": "local", "iv_techniques": "ms_rebetonare", "iv_only_proposed": "0", "outcome_unit": "v1_p0386_01"}}, {"type": "Feature", "id": "v1_b_X036_b_frb_fire_ring", "geometry": {"type": "Point", "coordinates": [26.166535, 44.440502]}, "properties": {"building_id": "v1_b_X036_b_frb_fire_ring", "batch_id": "P2_04", "locatable": "point", "precision": "site", "status": "single", "n_sources": "1", "n_agree": "1", "agreement_m": "", "outcome_1977": "moderate", "outcome_quote": "stâlpii de susținere ai acoperișurilor tip sed de la secția fire ring", "status_today": "standing", "status_source": "https://www.profit.ro/ (former FRB / Santer System, 10.4 ha, 50 buildings, partly rented)", "modern_address": "Fosta Filatură Românească de Bumbac (Santer System), Șos. Morarilor 2, București (sector 2)", "historic_address_note": "FRB = Filatura Românească de Bumbac, later Santer System SA, Șos. Morarilor nr. 2, sector 2 (press and navigation listing). OSM also has a landuse labelled 'Filatura Română de Bumbac' in the 23 August area, sector 3, about 6 km SW; the two sources conflict.", "dupacutremur_building_uid": "", "osm_footprint_ref": "", "wikidata": "", "confidence": "low", "notes": "pass2: CONFLICT between sources. Pass 1 used an OSM landuse polygon named 'Filatura Română de Bumbac' (way/848875781, 44.43654, 26.19183, near Sos. Dudesti-Pantelimon 42, sector 3), still in the candidate list; two web sources (a business-press article and a navigation listing) identify Filatura Romaneasca de Bumbac as the plant at Sos. Morarilor 2, sector 2 (later Santer System), a cotton spinning mill of the Centrala Industriala a Bumbacului. The point is moved to the Morarilor address node. Why not the OSM landuse: its name may be a mapper's label for another mill in sector 3, and I found no web source for an FRB at that spot. The position of the fire-ring hall inside the 10 ha site is unknown.", "open_question": "Confirm which FRB plant had the 'fire ring' section: Morarilor 2 (sector 2) or the sector 3 site; OSM landuse way/848875781 (44.436542, 26.191832) remains the alternative.", "review_note": "", "sources": "[{\"source\": \"osm\", \"ref\": \"way/848875781\", \"lat\": 44.436542, \"lon\": 26.1918319, \"precision\": \"site\", \"evidence\": \"OSM landuse=industrial 'Filatura Română de Bumbac' (sector 3)\", \"retrieved\": \"2026-10-05\", \"by\": \"agent\", \"d_m\": 2056}, {\"source\": \"osm\", \"ref\": \"node/7114501642\", \"lat\": 44.4405022, \"lon\": 26.1665351, \"precision\": \"address\", \"evidence\": \"OSM place node 'Soseaua Morarilor 2' (Pantelimon, sector 2), the address of the former FRB / Santer System\", \"retrieved\": \"2026-10-05\", \"by\": \"agent\", \"d_m\": 0}, {\"source\": \"web\", \"ref\": \"https://www.profit.ro/povesti-cu-profit/real-estate-constructii/exclusiv-un-grup-de-investitori-israelieni-coordonat-de-ramon-tsur-lanseaza-dezvoltarea-a-trei-terenuri-valoroase-parte-a-unor-fabrici-privatizate-cu-sorin-beraru-cautat-de-interpol-19043455\", \"lat\": null, \"lon\": null, \"precision\": \"site\", \"evidence\": \"Press: the former Filatura Romaneasca de Bumbac (now Santer System) in the Morarilor area of sector 2, a 10.4 ha plot with 50 buildings\", \"retrieved\": \"2026-10-05\", \"by\": \"agent\"}, {\"source\": \"web\", \"ref\": \"https://www.waze.com/live-map/directions/ro/bucuresti/bucuresti/filatura-romana-de-bumbac(santer-system-sa)?to=place.ChIJx4VWGBj5sUARIbnw6muzIm0\", \"lat\": null, \"lon\": null, \"precision\": \"address\", \"evidence\": \"Navigation listing 'Filatura romana de bumbac (Santer System SA)', 2 Sos. Morarilor\", \"retrieved\": \"2026-10-05\", \"by\": \"agent\"}]", "checked_by": "agent (sonnet) + auto (s21)", "flags": "", "name": "Secția fire ring a Filaturii Române de Bumbac FRB", "type": "bc_hala", "class": "structure", "locality": "București", "address_1977": "", "period": "", "height": "", "system": "", "iv_classes": "local", "iv_techniques": "ms_camasuire;ms_manson", "iv_only_proposed": "0", "outcome_unit": "v1_p0385_02"}}, {"type": "Feature", "id": "v1_b_X036_b_pompe_sectia_iii_smr", "geometry": {"type": "Point", "coordinates": [26.133153, 44.450176]}, "properties": {"building_id": "v1_b_X036_b_pompe_sectia_iii_smr", "batch_id": "P2_04", "locatable": "point", "precision": "site", "status": "single", "n_sources": "1", "n_agree": "1", "agreement_m": "", "outcome_1977": "severe", "outcome_quote": "s-au cămășuit toți stâlpii halei pe primele 4 niveluri", "status_today": "demolished", "status_source": "https://b365.ro/fosta-fabrica-aversa-de-la-obor-este-demolata-in-loc-proprietarii-vor-sa-construiasca-zgarie-nori-si-cladiri-de-birouri-469685/", "modern_address": "Former Aversa (Întreprinderea de Pompe București) platform, Obor, sector 2, București", "historic_address_note": "Întreprinderea de Pompe București became Aversa SA; the 10 ha Obor platform is now the Skylight Residence project", "dupacutremur_building_uid": "", "osm_footprint_ref": "way/392786462 (SkyLight Residence construction site on the former plant plot)", "wikidata": "", "confidence": "medium", "notes": "pass2: no new coordinate source. Press articles (economica.net, buletin.de, b365, profit.ro) agree that the former Aversa pump factory (about 10 ha, Obor, sector 2) was demolished from 2022 and replaced by the SkyLight Residence project; the equation Intreprinderea de Pompe Bucuresti = Aversa rests on the pass-1 press history of name changes (economedia) and is consistent with the pump-making function. The point is the SkyLight construction polygon at Obor, a proxy for the plot, not a plant polygon. The section III SMR hall is not individually locatable.", "open_question": "Verify the street address and boundary of the Aversa plant (not given in the press found).", "review_note": "", "sources": "[{\"source\": \"web\", \"ref\": \"https://economedia.ro/foto-se-demoleaza-celebra-fabrica-aversa-in-loc-familia-topolinski-pregateste-un-proiect-rezidential-de-1-miliard-de-euro.html\", \"lat\": null, \"lon\": null, \"precision\": \"area\", \"evidence\": \"Press: Aversa (Bucharest Pump Plant after 1963) is a 10 ha site in the Obor area, demolished for Skylight Residence; no coordinates\", \"retrieved\": \"2026-10-05\", \"by\": \"agent\"}, {\"source\": \"osm\", \"ref\": \"way/392786462\", \"lat\": 44.4501762, \"lon\": 26.133153, \"precision\": \"site\", \"evidence\": \"OSM: Skylight Residence construction at Obor, found by Nominatim query 'Aversa'; proxy for the former plant site\", \"retrieved\": \"2026-10-05\", \"by\": \"agent\", \"d_m\": 0}, {\"source\": \"web\", \"ref\": \"https://buletin.de/bucuresti/aversa-se-demoleaza-lasa-loc-unui-complex-imobiliar/\", \"lat\": null, \"lon\": null, \"precision\": \"site\", \"evidence\": \"Press: the Aversa factory at Obor, sector 2, active since 1882 and a pump maker later, about 10 ha, demolished from 2022 for SkyLight Residence\", \"retrieved\": \"2026-10-05\", \"by\": \"agent\"}]", "checked_by": "agent (sonnet) + auto (s21)", "flags": "", "name": "Hala multietajată de la secția III SMR a Întreprinderii de Pompe", "type": "bc_hala", "class": "structure", "locality": "București", "address_1977": "", "period": "", "height": "", "system": "", "iv_classes": "local", "iv_techniques": "ms_camasuire;ms_injectare", "iv_only_proposed": "0", "outcome_unit": "v1_p0387_02"}}, {"type": "Feature", "id": "v1_b_X019_b_filatura_viscofil", "geometry": {"type": "Point", "coordinates": [26.179733, 44.372595]}, "properties": {"building_id": "v1_b_X019_b_filatura_viscofil", "batch_id": "P2_05", "locatable": "point", "precision": "site", "status": "single", "n_sources": "1", "n_agree": "1", "agreement_m": "", "outcome_1977": "moderate", "outcome_quote": "articulații plastice / avarii la capetele stâlpilor", "status_today": "unknown", "status_source": "", "modern_address": "Viscofil SA, Șos. Olteniței 202, Popești-Leordeni (Ilfov), at the Bucharest border", "historic_address_note": "Text says 'București' and 'Popești Leordeni' for the same enterprise; Șos. Olteniței is the Bucharest-Oltenița road", "dupacutremur_building_uid": "", "osm_footprint_ref": "node/2815557041", "wikidata": "", "confidence": "medium", "notes": "Pass2: address Sos. Olteniței 202 now corroborated by a company register (termene.ro) and other directories, independent of OSM; coordinates still from OSM only. The current Viscofil SA (founded 1991, PTFE products) is the successor on the site; the 1977 enterprise is described as both \"din București\" and \"Popești Leordeni\", consistent with a plant on Șos. Olteniței at the city boundary. There is also an OSM \"Viscofil Park\" ~1.2 km north that was not examined; status of the old plant buildings not verified.", "open_question": "Confirm that the 1977 Viscofil plant occupied the same site as today Viscofil SA (e.g., an old map).", "review_note": "", "sources": "[{\"source\": \"osm\", \"ref\": \"node/2815557041\", \"lat\": 44.3725954, \"lon\": 26.1797325, \"precision\": \"address\", \"evidence\": \"OSM node 'Viscofil', Șos. Olteniței, Popești-Leordeni\", \"retrieved\": \"2026-10-05\", \"by\": \"agent\", \"d_m\": 0}, {\"source\": \"web\", \"ref\": \"https://www.textileinfomedia.com/business-info/Viscofil-SA\", \"lat\": null, \"lon\": null, \"precision\": \"address\", \"evidence\": \"Directory lists Viscofil SA at Șos. Olteniței 202, Popești-Leordeni (no coordinates)\", \"retrieved\": \"2026-10-05\", \"by\": \"agent\"}, {\"source\": \"web\", \"ref\": \"https://termene.ro/firma/478308-VISCOFIL-SA\", \"lat\": null, \"lon\": null, \"precision\": \"address\", \"evidence\": \"Company register: Viscofil SA, Sos. Olteniței 202, Popești-Leordeni, Ilfov\", \"retrieved\": \"2026-10-05\", \"by\": \"agent\"}, {\"source\": \"osm\", \"ref\": \"node/9467380087\", \"lat\": 44.3726129, \"lon\": 26.1794441, \"precision\": \"address\", \"evidence\": \"OSM node Viscofil, Șos. Olteniței, Danubiana, Popești-Leordeni (second OSM node, same origin as pass 1)\", \"retrieved\": \"2026-10-05\", \"by\": \"agent\", \"d_m\": 23}]", "checked_by": "agent (sonnet) + auto (s21)", "flags": "", "name": "filatura Viscofil", "type": "bc_industrial", "class": "structure", "locality": "București | Popești Leordeni", "address_1977": "", "period": "", "height": "", "system": "", "iv_classes": "", "iv_techniques": "", "iv_only_proposed": "", "outcome_unit": "v1_p0219_05"}}, {"type": "Feature", "id": "v1_b_X021_b_castel_imgb_berceni", "geometry": {"type": "Point", "coordinates": [26.1434, 44.3612]}, "properties": {"building_id": "v1_b_X021_b_castel_imgb_berceni", "batch_id": "P2_05", "locatable": "point", "precision": "site", "status": "verified", "n_sources": "2", "n_agree": "2", "agreement_m": "429", "outcome_1977": "collapsed", "outcome_quote": "scufundare pe verticală, sfărâmarea completă a betonului turnului", "status_today": "unknown", "status_source": "", "modern_address": "IMGB platform (Platforma IMGB), Șos. Berceni, sector 4, București", "historic_address_note": "IMGB = Întreprinderea de Mașini Grele București; tower position inside platform unknown", "dupacutremur_building_uid": "", "osm_footprint_ref": "", "wikidata": "Q12730186", "confidence": "medium", "notes": "Pass2: replaced the OSM parking point (platform edge) with the Wikidata point of the IMGB works, a second source family giving the platform centre; the OSM gates and parking lie 0.5 km (east) and 0.8 km (north) from it and bracket the platform. The water tower itself is not locatable (destroyed in 1977; no map or photo found). Current status of the site not verified.", "open_question": "Find an old plan or photo for the tower position inside the platform.", "review_note": "", "sources": "[{\"source\": \"wikidata\", \"ref\": \"Q12730186\", \"lat\": 44.3612, \"lon\": 26.1434, \"precision\": \"site\", \"evidence\": \"IMGB (Doosan IMGB), former heavy machinery factory: Wikidata point at the platform centre\", \"retrieved\": \"2026-10-05\", \"by\": \"agent+auto\", \"d_m\": 0}, {\"source\": \"osm\", \"ref\": \"way/570629398\", \"lat\": 44.3605729, \"lon\": 26.1496276, \"precision\": \"site\", \"evidence\": \"Pass 1: OSM \\\"IMGB 1\\\" parking on the Șos. Berceni frontage (platform edge)\", \"retrieved\": \"2026-10-05\", \"by\": \"agent\", \"d_m\": 500}, {\"source\": \"osm\", \"ref\": \"node/3058236636\", \"lat\": 44.3612489, \"lon\": 26.1487906, \"precision\": \"site\", \"evidence\": \"OSM IMGB Poarta 2 gate, Șos. Berceni\", \"retrieved\": \"2026-10-05\", \"by\": \"agent\", \"d_m\": 429}, {\"source\": \"osm\", \"ref\": \"node/3058237133\", \"lat\": 44.3687902, \"lon\": 26.1433093, \"precision\": \"site\", \"evidence\": \"Pass 1: OSM IMGB Poarta 1 gate (northern end of the platform)\", \"retrieved\": \"2026-10-05\", \"by\": \"agent\", \"d_m\": 844}]", "checked_by": "agent (sonnet) + auto (s21)", "flags": "", "name": "castelul de apă de 2000 m³ de la Intreprinderea de mașini grele (IMGB) din București-Berceni", "type": "bc_industrial_special", "class": "structure", "locality": "București-Berceni", "address_1977": "", "period": "", "height": "", "system": "", "iv_classes": "", "iv_techniques": "", "iv_only_proposed": "", "outcome_unit": "v1_p0239_03"}}, {"type": "Feature", "id": "v1_b_X024_b_pasaj_buftea_dn14", "geometry": {"type": "Point", "coordinates": [25.96069, 44.551392]}, "properties": {"building_id": "v1_b_X024_b_pasaj_buftea_dn14", "batch_id": "P3_06", "locatable": "point", "precision": "site", "status": "single", "n_sources": "1", "n_agree": "1", "agreement_m": "", "outcome_1977": "moderate", "outcome_quote": "fisuri la baza cuzineților pe ambele pile, fisuri înclinate la pila dinspre București, fisuri între riglă și stâlpi la culeea spre Ploiești", "status_today": "unknown", "status_source": "https://www.openstreetmap.org/way/16207775", "modern_address": "Pasaj rutier DN1A peste liniile CFR electrificate, sud de Buftea (Ilfov)", "historic_address_note": "Text says DN 14 km 18+355; DN 14 does not pass Buftea; DN1A (Bucharest-Buftea-Ploiești) is assumed (unverified misprint/older numbering). Spans toward București and Ploiești fit DN1A.", "dupacutremur_building_uid": "", "osm_footprint_ref": "way/16207775 (DN1A bridge, two-node way)", "wikidata": "", "confidence": "low", "notes": "Pass 3: scanned OSM bridge ways for Buftea; the single DN1A grade separation over electrified lines lies at the south edge of the town. Identification is an inference (single family; the DN number in the report is unverified); OSM length exceeds 123.2 m because it includes approach ramps, or the structure was rebuilt.", "open_question": "Check km post 18+355 on DN1A or a CNAIR bridge register; compare the 3-span geometry (30+54+30 m) on aerial imagery.", "review_note": "", "sources": "[{\"source\": \"osm\", \"ref\": \"way/16207775\", \"lat\": 44.5513919, \"lon\": 25.9606897, \"precision\": \"site\", \"evidence\": \"Only DN1A road bridge in the Buftea area (bbox 44.545-44.585N, 25.93-25.99E); it passes over electrified double-track line 300 and line 301Ba; way length ~200 m incl. ramps vs 123.2 m structure\", \"retrieved\": \"2026-10-05\", \"by\": \"agent\", \"d_m\": 0}, {\"source\": \"web\", \"ref\": \"https://www.economica.net/?p=693754\", \"lat\": null, \"lon\": null, \"precision\": \"locality\", \"evidence\": \"News of a planned new Buftea rail overpass on DN1A/DN1 replacing a level crossing; no coordinates\", \"retrieved\": \"2026-10-05\", \"by\": \"agent\"}]", "checked_by": "agent (sonnet) + auto (s21)", "flags": "footprint_ref_is_a_line", "name": "pasajul superior de DN 14, km 18 + 355 de la Buftea", "type": "bc_pod", "class": "structure", "locality": "Buftea", "address_1977": "DN 14, km 18 + 355", "period": "", "height": "", "system": "", "iv_classes": "", "iv_techniques": "", "iv_only_proposed": "", "outcome_unit": "v1_p0266_04"}}, {"type": "Feature", "id": "v1_b_X020_b_sarma_buzau", "geometry": {"type": "Point", "coordinates": [26.817695, 45.135103]}, "properties": {"building_id": "v1_b_X020_b_sarma_buzau", "batch_id": "P2_05", "locatable": "point", "precision": "site", "status": "single", "n_sources": "1", "n_agree": "1", "agreement_m": "", "outcome_1977": "moderate", "outcome_quote": "avarii la îmbinări, rezemări și stâlpi", "status_today": "unknown", "status_source": "https://www.agir.ro/univers-ingineresc/numar-16-2023/55-de-dialoguri-o-singura-poveste-istoria-fabricii-de-sarma-din-buzau_8125.html", "modern_address": "Ductil SA (ex-Uzina de Sârmă și Produse din Sârmă), Bd. Industriei, Buzău", "historic_address_note": "Uzina de sârmă Buzău (1964, Intreprinderea de Sârmă și Produse din Sârmă) = today Ductil SA, Bd. Industriei 7, Buzău (company register + AGIR history).", "dupacutremur_building_uid": "", "osm_footprint_ref": "way/364414795", "wikidata": "", "confidence": "high", "notes": "Pass2: identity and address confirmed by a company register and the AGIR history (independent of OSM); the coordinates are the OSM footprint named Ductil SA on Bd. Industriei, consistent with that address. Site-level precision; the OSM building is one hall of a larger platform.", "open_question": "Confirm the platform extent on a map if a polygon is needed.", "review_note": "", "sources": "[{\"source\": \"osm\", \"ref\": \"way/364414795\", \"lat\": 45.1351029, \"lon\": 26.8176951, \"precision\": \"site\", \"evidence\": \"OSM building 'Ductil SA', Bd. Industriei, Buzău\", \"retrieved\": \"2026-10-05\", \"by\": \"agent\", \"d_m\": 0}, {\"source\": \"web\", \"ref\": \"https://www.agir.ro/univers-ingineresc/numar-16-2023/55-de-dialoguri-o-singura-poveste-istoria-fabricii-de-sarma-din-buzau_8125.html\", \"lat\": null, \"lon\": null, \"precision\": \"locality\", \"evidence\": \"History: production began 1964, plant became Ductil / Ductil Steel; no address\", \"retrieved\": \"2026-10-05\", \"by\": \"agent\"}, {\"source\": \"web\", \"ref\": \"https://termene.ro/firma/1154610-DUCTIL-SA\", \"lat\": null, \"lon\": null, \"precision\": \"address\", \"evidence\": \"Company register: Ductil SA, Bd. Industriei nr. 7, Buzău; enterprise founded 1964 as Întreprinderea de Sârmă și Produse din Sârmă\", \"retrieved\": \"2026-10-05\", \"by\": \"agent\"}]", "checked_by": "agent (sonnet) + auto (s21)", "flags": "", "name": "Uzina de sârmă Buzău", "type": "bc_hala", "class": "structure", "locality": "Buzău", "address_1977": "", "period": "", "height": "", "system": "", "iv_classes": "", "iv_techniques": "", "iv_only_proposed": "", "outcome_unit": "v1_p0225_01"}}, {"type": "Feature", "id": "v1_b_X022_b_siloz_buzau", "geometry": {"type": "Point", "coordinates": [26.868715, 45.121335]}, "properties": {"building_id": "v1_b_X022_b_siloz_buzau", "batch_id": "P3_05", "locatable": "area", "precision": "area", "status": "area", "n_sources": "2", "n_agree": "1", "agreement_m": "", "outcome_1977": "collapsed", "outcome_quote": "prăbușirea galeriilor superioare la 3 din cele 4 baterii, prin ruperea stîlpilor la forfecare", "status_today": "unknown", "status_source": "", "modern_address": "Buzău, zona Buzău-Sud (lângă gara Buzău Sud)", "historic_address_note": "", "dupacutremur_building_uid": "", "osm_footprint_ref": "", "wikidata": "Q201404", "confidence": "low", "notes": "NOT_FOUND (silo plot). Photo captions place the silos at Buzău-Sud; the point is the Buzău Sud railway station as an area proxy, not the silo. Searches: nom/photon 'Siloz Buzău', 'Silozuri Buzău Sud', 'SC Cerealcom Buzău', 2 web searches (nothing on the silo). Overpass down.", "open_question": "Locate the grain silos beside the Buzău Sud railway yard on satellite imagery.", "review_note": "", "sources": "[{\"source\": \"web\", \"ref\": \"work/vol4 Foto 136a/136b/137a (Partea IV)\", \"lat\": null, \"lon\": null, \"precision\": \"area\", \"evidence\": \"Photo captions: 'Silozuri noi pentru cereale la Buzău-Sud' (new silos, south Buzău); no coordinates\", \"retrieved\": \"2026-10-05\", \"by\": \"agent\"}, {\"source\": \"osm\", \"ref\": \"node/648895277\", \"lat\": 45.121335, \"lon\": 26.868715, \"precision\": \"area\", \"evidence\": \"Gara Buzău Sud: used only as proxy for the 'Buzău-Sud' toponym, not the silo itself\", \"retrieved\": \"2026-10-05\", \"by\": \"agent\", \"d_m\": 0}, {\"source\": \"wikidata\", \"ref\": \"Q201404\", \"lat\": 45.151666666667, \"lon\": 26.816666666667, \"precision\": \"building\", \"evidence\": \"Wikidata P625\", \"retrieved\": \"2026-10-05\", \"by\": \"auto\", \"d_m\": 5296}]", "checked_by": "agent (sonnet) + auto (s21)", "flags": "", "name": "silozul Buzău", "type": "bc_industrial_special", "class": "structure", "locality": "Buzău", "address_1977": "", "period": "", "height": "", "system": "", "iv_classes": "", "iv_techniques": "", "iv_only_proposed": "", "outcome_unit": "v1_p0247_05"}}, {"type": "Feature", "id": "v1_b_X023_b_baraj_san_fernando", "geometry": {"type": "Point", "coordinates": [-118.479, 34.28515]}, "properties": {"building_id": "v1_b_X023_b_baraj_san_fernando", "batch_id": "G09", "locatable": "point", "precision": "site", "status": "verified", "n_sources": "2", "n_agree": "2", "agreement_m": "121", "outcome_1977": "unknown", "outcome_quote": "", "status_today": "replaced", "status_source": "https://en.wikipedia.org/wiki/Lower_San_Fernando_Dam", "modern_address": "Lower San Fernando Dam (Van Norman Dams), Granada Hills, Los Angeles, California, USA", "historic_address_note": "Report's San Fernando-aval = Lower San Fernando Dam (downstream of the Upper dam); hydraulic fill, slide in 1971", "dupacutremur_building_uid": "", "osm_footprint_ref": "relation/14176801", "wikidata": "Q48992903", "confidence": "high", "notes": "Three sources agree within ~200 m (Wikidata and Wikipedia may share origin). The dam slid in the 1971 San Fernando earthquake, not 1977, so outcome_1977 is unknown; the report cites it only as a foreign example. Dams decommissioned after 1971; Los Angeles Dam built nearby as replacement.", "open_question": "None", "review_note": "", "sources": "[{\"source\": \"osm\", \"ref\": \"relation/14176801\", \"lat\": 34.2843494, \"lon\": -118.4781005, \"precision\": \"site\", \"evidence\": \"OSM dam relation Lower San Fernando 6-015 Dam\", \"retrieved\": \"2026-10-05\", \"by\": \"agent\", \"d_m\": 121}, {\"source\": \"wikidata\", \"ref\": \"Q48992903\", \"lat\": 34.285, \"lon\": -118.47916666667, \"precision\": \"site\", \"evidence\": \"Wikidata item Lower San Fernando 6-015 Dam\", \"retrieved\": \"2026-10-05\", \"by\": \"agent+auto\", \"d_m\": 23}, {\"source\": \"wikipedia\", \"ref\": \"https://en.wikipedia.org/wiki/Lower_San_Fernando_Dam\", \"lat\": 34.28611, \"lon\": -118.47972, \"precision\": \"site\", \"evidence\": \"Wikipedia Van Norman Dams infobox 34d17m10sN 118d28m47sW; confirms hydraulic fill and 1971 slide\", \"retrieved\": \"2026-10-05\", \"by\": \"agent\", \"d_m\": 126}]", "checked_by": "agent (sonnet) + auto (s21)", "flags": "", "name": "barajul San Fernando-aval", "type": "bc_baraj", "class": "structure", "locality": "California, SUA", "address_1977": "", "period": "", "height": "", "system": "", "iv_classes": "", "iv_techniques": "", "iv_only_proposed": "", "outcome_unit": ""}}, {"type": "Feature", "id": "v1_b_X024_b_pod_cf_cernavoda", "geometry": {"type": "Point", "coordinates": [28.011378, 44.341791]}, "properties": {"building_id": "v1_b_X024_b_pod_cf_cernavoda", "batch_id": "P2_05", "locatable": "point", "precision": "site", "status": "verified", "n_sources": "2", "n_agree": "2", "agreement_m": "436", "outcome_1977": "light", "outcome_quote": "La acest pod s-au înregistrat, în urma cutremurului, mici devieri", "status_today": "standing", "status_source": "https://ro.wikipedia.org/wiki/Podul_de_la_Cernavod%C4%83", "modern_address": "Podul Anghel Saligny (Podul Regele Carol I), Cernavoda - Fetesti, over the Danube and Borcea", "historic_address_note": "1895 railway bridge; report's 2x140+190+2x140 main spans fit the 190 m central span of the Saligny bridge", "dupacutremur_building_uid": "", "osm_footprint_ref": "way/171375123", "wikidata": "Q3657086", "confidence": "high", "notes": "Pass2: OSM bridge way found (named Podul Anghel Saligny, start_date 1890, wikidata tag = Q3657086), now used as the top-level point and footprint ref; the Wikidata and Wikipedia points lie ~0.5 km east on the same structure, so the three agree on the bridge. Identity secure (the only Danube rail bridge at Cernavodă in 1977, built 1895; the report 2x140+190+2x140 main spans fit the 190 m central span). The structure is ~2.6 km long, so the point is a representative position on the bridge.", "open_question": "None for identity; point is a representative position on a long structure.", "review_note": "", "sources": "[{\"source\": \"osm\", \"ref\": \"way/171375123\", \"lat\": 44.341791, \"lon\": 28.011378, \"precision\": \"site\", \"evidence\": \"OSM way Podul Anghel Saligny (start_date 1890, wikidata Q3657086): footprint centre\", \"retrieved\": \"2026-10-05\", \"by\": \"agent\", \"d_m\": 0}, {\"source\": \"wikidata\", \"ref\": \"Q3657086\", \"lat\": 44.34043333, \"lon\": 28.01701667, \"precision\": \"site\", \"evidence\": \"Wikidata Podul Anghel Saligny, built 1890-1895\", \"retrieved\": \"2026-10-05\", \"by\": \"agent+auto\", \"d_m\": 473}, {\"source\": \"wikidata\", \"ref\": \"Q5064545\", \"lat\": 44.3399194, \"lon\": 28.0161917, \"precision\": \"site\", \"evidence\": \"Second Wikidata item (en: Cernavoda Bridge), same bridge\", \"retrieved\": \"2026-10-05\", \"by\": \"agent\", \"d_m\": 436}, {\"source\": \"wikipedia\", \"ref\": \"https://ro.wikipedia.org/wiki/Podul_de_la_Cernavod%C4%83\", \"lat\": 44.34043333, \"lon\": 28.01701667, \"precision\": \"site\", \"evidence\": \"ro Wikipedia: 1895 bridge, 190 m central span, rail only until the 1980s parallel bridges\", \"retrieved\": \"2026-10-05\", \"by\": \"agent\", \"d_m\": 473}]", "checked_by": "agent (sonnet) + auto (s21)", "flags": "footprint_ref_is_a_line", "name": "podul de cale ferată peste Dunăre la Cernavodă", "type": "bc_pod", "class": "structure", "locality": "Cernavodă", "address_1977": "", "period": "", "height": "", "system": "", "iv_classes": "ground", "iv_techniques": "ms_inlocuire_aparate_reazem", "iv_only_proposed": "0", "outcome_unit": "v1_p0262_10"}}, {"type": "Feature", "id": "v1_b_X020_b_autoturisme_colibasi", "geometry": {"type": "Point", "coordinates": [24.932679, 44.944104]}, "properties": {"building_id": "v1_b_X020_b_autoturisme_colibasi", "batch_id": "P2_05", "locatable": "point", "precision": "site", "status": "probable", "n_sources": "2", "n_agree": "1", "agreement_m": "", "outcome_1977": "moderate", "outcome_quote": "avarii la acoperișul halelor mixte", "status_today": "standing", "status_source": "https://ro.wikipedia.org/wiki/Mioveni", "modern_address": "Uzinele Dacia (Automobile Dacia), Mioveni, Arges", "historic_address_note": "Colibasi was the official name of today's Mioveni from 1964 to 1996 (ro.wikipedia Mioveni); the Uzina de Autoturisme Pitesti plant stands there", "dupacutremur_building_uid": "", "osm_footprint_ref": "way/88173117", "wikidata": "", "confidence": "high", "notes": "Plant identity from three sources; point from OSM, locality-level agreement 1.3 km away. Roof damage at some mixed halls only. pass2: re-checked, OSM footprint area and the locality-level sources still agree; no change.", "open_question": "None", "review_note": "", "sources": "[{\"source\": \"osm\", \"ref\": \"way/88173117\", \"lat\": 44.9441039, \"lon\": 24.9326792, \"precision\": \"site\", \"evidence\": \"OSM industrial area Uzinele Dacia, Mioveni\", \"retrieved\": \"2026-10-05\", \"by\": \"agent\", \"d_m\": 0}, {\"source\": \"wikipedia\", \"ref\": \"https://ro.wikipedia.org/wiki/Mioveni\", \"lat\": 44.9553, \"lon\": 24.9356, \"precision\": \"locality\", \"evidence\": \"Plant built in Mioveni village (Colibasi 1964-1996); locality point only\", \"retrieved\": \"2026-10-05\", \"by\": \"agent\", \"d_m\": 1266}, {\"source\": \"web\", \"ref\": \"https://agerpres.ro/stiri/2022/08/08/documentar-in-imagini-50-de-ani-de-la-inaugurarea-uzinei-de-autoturisme-pitesti-prima-de-acest-fel-din-romania-162439\", \"lat\": null, \"lon\": null, \"precision\": \"locality\", \"evidence\": \"UAP inaugurated 20 Aug 1968 near Colibasi (now Mioveni), Arges\", \"retrieved\": \"2026-10-05\", \"by\": \"agent\"}]", "checked_by": "agent (sonnet) + auto (s21)", "flags": "", "name": "Uzina de autoturisme Colibași", "type": "bc_hala", "class": "structure", "locality": "Colibași", "address_1977": "", "period": "", "height": "", "system": "", "iv_classes": "", "iv_techniques": "", "iv_only_proposed": "", "outcome_unit": "v1_p0229_06"}}, {"type": "Feature", "id": "v1_b_X018_b_consiliul_popular_judetean_craiova", "geometry": {"type": "Point", "coordinates": [23.795687, 44.317967]}, "properties": {"building_id": "v1_b_X018_b_consiliul_popular_judetean_craiova", "batch_id": "P2_05", "locatable": "point", "precision": "building", "status": "single", "n_sources": "1", "n_agree": "1", "agreement_m": "", "outcome_1977": "moderate", "outcome_quote": "turnul intrării principale a crăpat, având tendință de instabilitate", "status_today": "standing", "status_source": "http://www.monumenteoltenia.ro/palatul-administrativ-craiova-azi-prefectura-dolj/", "modern_address": "Palatul Administrativ (Prefectura si Consiliul Judetean Dolj), Calea Unirii 19, Craiova", "historic_address_note": "Consiliul Popular Județean Dolj sat in the Palatul Administrativ (Calea Unirii 19, built 1912-13) until 1989 (monumenteoltenia.ro).", "dupacutremur_building_uid": "", "osm_footprint_ref": "way/172694332", "wikidata": "", "confidence": "high", "notes": "Pass2: the pass-1 inference is now confirmed by a heritage source that names the Consiliul Popular Județean Dolj as tenant of the palace until 1989, mentions its tower and its damage in 1977. Coordinates are the OSM footprint (Prefectura Județului Dolj, Calea Unirii 19).", "open_question": "None.", "review_note": "", "sources": "[{\"source\": \"osm\", \"ref\": \"way/172694332\", \"lat\": 44.3179666, \"lon\": 23.7956868, \"precision\": \"building\", \"evidence\": \"OSM office Prefectura Judetului Dolj, 19 Calea Unirii\", \"retrieved\": \"2026-10-05\", \"by\": \"agent\", \"d_m\": 0}, {\"source\": \"web\", \"ref\": \"https://playtech.ro/2025/ce-sa-vizitezi-in-craiova-atractiile-turistice-pe-care-sa-le-bifezi-intr-un-weekend/\", \"lat\": null, \"lon\": null, \"precision\": \"building\", \"evidence\": \"Palatul Administrativ is seat of county council and prefecture, built 1907-1913, monument\", \"retrieved\": \"2026-10-05\", \"by\": \"agent\"}, {\"source\": \"web\", \"ref\": \"http://www.monumenteoltenia.ro/palatul-administrativ-craiova-azi-prefectura-dolj/\", \"lat\": null, \"lon\": null, \"precision\": \"building\", \"evidence\": \"Heritage site: the Palatul Administrativ housed the Consiliul Popular Județean Dolj until 1989, has a central tower, and was damaged in the 1977 earthquake\", \"retrieved\": \"2026-10-05\", \"by\": \"agent\"}]", "checked_by": "agent (sonnet) + auto (s21)", "flags": "", "name": "clădirea Consiliului Popular Județean", "type": "bc_administrativ", "class": "structure", "locality": "Craiova", "address_1977": "", "period": "", "height": "demisol, parter și etaj", "system": "ss_zidarie", "iv_classes": "", "iv_techniques": "", "iv_only_proposed": "", "outcome_unit": "v1_p0211_02"}}, {"type": "Feature", "id": "v1_b_X018_b_liceul_balcescu_craiova", "geometry": {"type": "Point", "coordinates": [23.7919, 44.31898]}, "properties": {"building_id": "v1_b_X018_b_liceul_balcescu_craiova", "batch_id": "G09", "locatable": "point", "precision": "building", "status": "verified", "n_sources": "2", "n_agree": "2", "agreement_m": "34", "outcome_1977": "severe", "outcome_quote": "prăbușiri de planșee", "status_today": "standing", "status_source": "https://en.wikipedia.org/wiki/Carol_I_National_College", "modern_address": "Colegiul National Carol I, Str. Ion Maiorescu 2, Craiova", "historic_address_note": "Liceul Nicolae Balcescu was the 1948-1997 name of Colegiul National Carol I; 1977 earthquake demolished a major part of buildings (Wikipedia)", "dupacutremur_building_uid": "", "osm_footprint_ref": "way/345097298", "wikidata": "", "confidence": "medium", "notes": "Name equivalence taken from a search snippet of the college history (renamed Liceul de matematica-fizica N. Balcescu in 1948, Carol I again in 1997) and Wikipedia; the text gives no address. Building rebuilt after 1977, so the present structure is not the surveyed one. Top point = mean of the three.", "open_question": "Check whether another Craiova school was called Liceul N. Balcescu in 1977.", "review_note": "", "sources": "[{\"source\": \"osm\", \"ref\": \"way/172692818\", \"lat\": 44.3187957, \"lon\": 23.7914191, \"precision\": \"building\", \"evidence\": \"OSM school amenity Colegiul National Carol I, Str. Ion Maiorescu 2\", \"retrieved\": \"2026-10-05\", \"by\": \"agent+auto\", \"d_m\": 43}, {\"source\": \"osm\", \"ref\": \"way/345097298\", \"lat\": 44.3189627, \"lon\": 23.7923265, \"precision\": \"building\", \"evidence\": \"OSM building polygon of the same college (same source family)\", \"retrieved\": \"2026-10-05\", \"by\": \"agent\", \"d_m\": 34}, {\"source\": \"wikipedia\", \"ref\": \"https://en.wikipedia.org/wiki/Carol_I_National_College\", \"lat\": 44.31917, \"lon\": 23.79194, \"precision\": \"building\", \"evidence\": \"Wikipedia: Ion Maiorescu St., central Craiova; rebuilt after 1977\", \"retrieved\": \"2026-10-05\", \"by\": \"agent\", \"d_m\": 21}]", "checked_by": "agent (sonnet) + auto (s21)", "flags": "", "name": "liceul N. Bălcescu", "type": "bc_scoala", "class": "structure", "locality": "Craiova", "address_1977": "", "period": "", "height": "subsol, parter și 2 etaje", "system": "ss_zidarie", "iv_classes": "", "iv_techniques": "", "iv_only_proposed": "", "outcome_unit": "v1_p0211_01"}}, {"type": "Feature", "id": "v1_b_X018_b_muzeu_arta_craiova", "geometry": {"type": "Point", "coordinates": [23.79507, 44.3191]}, "properties": {"building_id": "v1_b_X018_b_muzeu_arta_craiova", "batch_id": "G09", "locatable": "point", "precision": "building", "status": "verified", "n_sources": "2", "n_agree": "2", "agreement_m": "5", "outcome_1977": "severe", "outcome_quote": "distrugând local planșeele cu tavane decorative pe două nivele și portalul de intrare", "status_today": "standing", "status_source": "https://evz.ro/ceausescu-salveaza-palatul-michail-din-craiova-in-1977.html", "modern_address": "Muzeul de Arta (Palatul Jean Mihail), Calea Unirii 15, Craiova", "historic_address_note": "Art museum housed in the Mihail palace in 1977 (evz.ro article on Ceausescu saving it)", "dupacutremur_building_uid": "", "osm_footprint_ref": "", "wikidata": "Q18542191", "confidence": "high", "notes": "Coordinates agree within 10 m; building restored per original plans.", "open_question": "None", "review_note": "", "sources": "[{\"source\": \"osm\", \"ref\": \"node/2634652190\", \"lat\": 44.3191406, \"lon\": 23.7950945, \"precision\": \"building\", \"evidence\": \"OSM museum node, Muzeul de Arta, Calea Unirii 15\", \"retrieved\": \"2026-10-05\", \"by\": \"agent\", \"d_m\": 5}, {\"source\": \"wikidata\", \"ref\": \"Q18542191\", \"lat\": 44.319058, \"lon\": 23.795048, \"precision\": \"building\", \"evidence\": \"Wikidata Muzeul de Arta din Craiova\", \"retrieved\": \"2026-10-05\", \"by\": \"agent+auto\", \"d_m\": 5}, {\"source\": \"web\", \"ref\": \"https://evz.ro/ceausescu-salveaza-palatul-michail-din-craiova-in-1977.html\", \"lat\": null, \"lon\": null, \"precision\": \"building\", \"evidence\": \"Palace damaged in 1977 and saved from demolition; housed the art museum\", \"retrieved\": \"2026-10-05\", \"by\": \"agent\"}]", "checked_by": "agent (sonnet) + auto (s21)", "flags": "", "name": "clădirea muzeului de artă din Craiova", "type": "bc_social_cultural", "class": "structure", "locality": "Craiova", "address_1977": "", "period": "", "height": "demisol, parter și etaj", "system": "ss_zidarie", "iv_classes": "", "iv_techniques": "", "iv_only_proposed": "", "outcome_unit": "v1_p0210_06"}}, {"type": "Feature", "id": "v1_b_X019_b_bloc_ciufulici_craiova", "geometry": {"type": "Point", "coordinates": [23.795964, 44.316788]}, "properties": {"building_id": "v1_b_X019_b_bloc_ciufulici_craiova", "batch_id": "P2_05", "locatable": "point", "precision": "street", "status": "single", "n_sources": "1", "n_agree": "1", "agreement_m": "", "outcome_1977": "severe", "outcome_quote": "ruperi de stâlpi la parter și crăparea puternică a zidăriei", "status_today": "unknown", "status_source": "", "modern_address": "Block at Calea Unirii / Str. Lipscani / Str. C.S. Nicolăescu Plopșor, Craiova (historic centre)", "historic_address_note": "Block known from the ground-floor children's barbershop \"Ciufulici\"; a local blog puts it on Str. Lipscani, press summaries on Calea Unirii, and OSM has a shop named Ciufulici on Str. C.S. Nicolăescu Plopșor 40-60 m from the Lipscani corner. All three fall within one city block cluster.", "dupacutremur_building_uid": "", "osm_footprint_ref": "way/292749127 (Bloc 49, probable; unconfirmed)", "wikidata": "", "confidence": "medium", "notes": "Pass2: a second, independent source family (local-history blog) names the block and the barbershop and places it on Str. Lipscani, adjacent to the OSM shop on Plopșor. Press summaries mention Calea Unirii, which borders the same block cluster. Point is the OSM shop; the exact block (Bloc 49 vs. Bloc 23C at Lipscani 2 vs. Calea Unirii 21) is not settled.", "open_question": "Decide between Bloc 49 (Plopșor 2) and Bloc 23C (Lipscani 2) with a photo or address of the former Ciufulici barbershop.", "review_note": "", "sources": "[{\"source\": \"osm\", \"ref\": \"node/3225105205\", \"lat\": 44.3167883, \"lon\": 23.7959637, \"precision\": \"address\", \"evidence\": \"OSM shop named Ciufulici, Str. C.S. Nicolaescu Plopsor, Centrul Istoric\", \"retrieved\": \"2026-10-05\", \"by\": \"agent\", \"d_m\": 0}, {\"source\": \"web\", \"ref\": \"http://vrosulescu.blogspot.com/2017/07/craiova-veche-3.html\", \"lat\": null, \"lon\": null, \"precision\": \"street\", \"evidence\": \"Craiova local-history blog: Blocul Ciufulici, named after a children's barbershop on the ground floor, on Str. Lipscani\", \"retrieved\": \"2026-10-05\", \"by\": \"agent\"}, {\"source\": \"osm\", \"ref\": \"way/292749127\", \"lat\": 44.316825, \"lon\": 23.795725, \"precision\": \"building\", \"evidence\": \"OSM Bloc 49, Str. C.S. Nicolăescu Plopșor 2 (5 levels), probably the block containing the Ciufulici shop node (inferred from position)\", \"retrieved\": \"2026-10-05\", \"by\": \"agent\", \"d_m\": 19}]", "checked_by": "agent (sonnet) + auto (s21)", "flags": "", "name": "blocul Ciufulici", "type": "bc_bloc", "class": "structure", "locality": "Craiova", "address_1977": "", "period": "", "height": "", "system": "ss_cadre_ba", "iv_classes": "", "iv_techniques": "", "iv_only_proposed": "", "outcome_unit": "v1_p0214_03"}}, {"type": "Feature", "id": "v1_b_X020_b_prefab_craiova_bca", "geometry": {"type": "Point", "coordinates": [23.761639, 44.342729]}, "properties": {"building_id": "v1_b_X020_b_prefab_craiova_bca", "batch_id": "P3_02", "locatable": "point", "precision": "site", "status": "single", "n_sources": "1", "n_agree": "1", "agreement_m": "", "outcome_1977": "collapsed", "outcome_quote": "Prăbușirea parțială, până la nivelul grinzilor de rulare a acoperișului", "status_today": "standing", "status_source": "OSM node/3591984061", "modern_address": "Elpreco SA, Calea Severinului 44, Craiova (probable successor)", "historic_address_note": "Enterprise name differs; successor link inferred.", "dupacutremur_building_uid": "", "osm_footprint_ref": "way/743820222 (building at Calea Severinului 44)", "wikidata": "", "confidence": "low", "notes": "Identity inferred (AAC + precast + Craiova + firm registered 1991). No source states that Elpreco = Întreprinderea de prefabricate Craiova; the two families agree on the plant location only if the identity holds.", "open_question": "Confirm Elpreco's predecessor name.", "review_note": "", "sources": "[{\"source\": \"osm\", \"ref\": \"node/3591984061\", \"lat\": 44.3427286, \"lon\": 23.7616387, \"precision\": \"site\", \"evidence\": \"OSM 'Elpreco', Calea Severinului 44.\", \"retrieved\": \"2026-10-05\", \"by\": \"agent\", \"d_m\": 0}, {\"source\": \"web\", \"ref\": \"https://www.topograph.co/companies/ro/elpreco-sa-J1991000103165\", \"lat\": null, \"lon\": null, \"precision\": \"address\", \"evidence\": \"Elpreco SA (registered 1991), Calea Severinului 44; precast-concrete leader in Oltenia with AAC (BCA) products, 60+ years; predecessor not stated.\", \"retrieved\": \"2026-10-05\", \"by\": \"agent\"}]", "checked_by": "agent (sonnet) + auto (s21)", "flags": "", "name": "hala secției de beton celular autoclavizat a Întreprinderii de prefabricate Craiova", "type": "bc_hala", "class": "structure", "locality": "Craiova", "address_1977": "", "period": "", "height": "", "system": "ss_prefabricat_ba", "iv_classes": "", "iv_techniques": "", "iv_only_proposed": "", "outcome_unit": "v1_p0222_01"}}, {"type": "Feature", "id": "v1_b_X019_b_hotel_muntenia_campina", "geometry": {"type": "Point", "coordinates": [25.735073, 45.123263]}, "properties": {"building_id": "v1_b_X019_b_hotel_muntenia_campina", "batch_id": "P2_05", "locatable": "point", "precision": "building", "status": "single", "n_sources": "1", "n_agree": "1", "agreement_m": "", "outcome_1977": "moderate", "outcome_quote": "fisuri puternice în zidărie și forfecări ale stâlpilor de beton armat", "status_today": "standing", "status_source": "https://www.hotel.info/en/hotel/1162884", "modern_address": "Hotel Muntenia, Bd. Carol I 61, Campina, Prahova", "historic_address_note": "Street name today = Bd. Carol I; hotel still operates under the same name", "dupacutremur_building_uid": "", "osm_footprint_ref": "way/197714231", "wikidata": "", "confidence": "medium", "notes": "Pass2: the hotel's central position is now corroborated by a municipal planning document (PUZ Centru, HCL 128/2023) independent of OSM and the booking listing, but it gives no coordinates. Coordinates remain OSM only (way/197714231 and its node). Whether the 1977 hotel is the same building is assumed (the only hotel of that name found).", "open_question": "Confirm the hotel building dates before 1977.", "review_note": "", "sources": "[{\"source\": \"osm\", \"ref\": \"way/197714231\", \"lat\": 45.1232629, \"lon\": 25.7350729, \"precision\": \"building\", \"evidence\": \"OSM hotel building, Bulevardul Carol I 61\", \"retrieved\": \"2026-10-05\", \"by\": \"agent+auto\", \"d_m\": 0}, {\"source\": \"osm\", \"ref\": \"node/2079208391\", \"lat\": 45.1232684, \"lon\": 25.7351064, \"precision\": \"building\", \"evidence\": \"OSM tourism node of same hotel\", \"retrieved\": \"2026-10-05\", \"by\": \"agent\", \"d_m\": 3}, {\"source\": \"web\", \"ref\": \"https://www.hotel.info/en/hotel/1162884\", \"lat\": null, \"lon\": null, \"precision\": \"address\", \"evidence\": \"Hotel listing gives address Bulevardul Carol I 61, Campina\", \"retrieved\": \"2026-10-05\", \"by\": \"agent\"}, {\"source\": \"web\", \"ref\": \"campinaAUT/hclCampina/corrected/2023/Hotararea-nr-128-indreptare-eroare-materiala-redactare_PUZ-Centru.txt\", \"lat\": null, \"lon\": null, \"precision\": \"area\", \"evidence\": \"Municipal PUZ Centru (HCL 128/2023): \\\"Subzona Hotel Muntenia\\\" is a named central subzone next to the former Post Office and the BCR\", \"retrieved\": \"2026-10-05\", \"by\": \"agent\"}]", "checked_by": "agent (sonnet) + auto (s21)", "flags": "", "name": "Hotelul Muntenia", "type": "bc_hotel", "class": "structure", "locality": "Câmpina", "address_1977": "", "period": "", "height": "", "system": "ss_cadre_ba", "iv_classes": "", "iv_techniques": "", "iv_only_proposed": "", "outcome_unit": "v1_p0214_08"}}, {"type": "Feature", "id": "v1_b_X022_b_pasarela_ciment_campulung", "geometry": {"type": "Point", "coordinates": [25.111392, 45.289095]}, "properties": {"building_id": "v1_b_X022_b_pasarela_ciment_campulung", "batch_id": "P3_04", "locatable": "point", "precision": "site", "status": "single", "n_sources": "1", "n_agree": "1", "agreement_m": "", "outcome_1977": "moderate", "outcome_quote": "s-au fisurat puternic reazemele fixe", "status_today": "standing", "status_source": "https://www.gem.wiki/Valea_Mare_Pravat_Cement_Plant", "modern_address": "Fabrica de ciment Holcim (Câmpulung), Valea Mare-Pravăț, jud. Argeș", "historic_address_note": "Cement plant commissioned 1972-1975 at Campulung (agir.ro); now Holcim", "dupacutremur_building_uid": "", "osm_footprint_ref": "way/88174077 (landuse=industrial, Holcim)", "wikidata": "", "confidence": "medium", "notes": "Located by sweep 2 at plant-site level (the plant, not the cement conveyor gantry, which cannot be placed). Plant identity: Holcim Campulung = Valea Mare Pravăț commune per web; OSM polygon matches that commune. Pre-1977/1972 plant is the same site (rebuilt 2008). Prev: Campulung town point.", "open_question": "Gantry position inside the plant unknown; confirm that OSM way/88174077 is the whole plant.", "review_note": "", "sources": "[{\"source\": \"osm\", \"ref\": \"way/88174077\", \"lat\": 45.289095, \"lon\": 25.111392, \"precision\": \"site\", \"evidence\": \"OSM industrial landuse 'Holcim', Bilcești, Valea Mare Pravăț, Argeș (via Photon)\", \"retrieved\": \"2026-10-05\", \"by\": \"agent\", \"d_m\": 0}, {\"source\": \"web\", \"ref\": \"https://www.gem.wiki/Valea_Mare_Pravat_Cement_Plant\", \"lat\": null, \"lon\": null, \"precision\": \"site\", \"evidence\": \"Câmpulung cement plant (Holcim since 1999) is in Valea Mare Pravăț commune; three kilns from 1972\", \"retrieved\": \"2026-10-05\", \"by\": \"agent\"}, {\"source\": \"web\", \"ref\": \"https://www.agir.ro/univers-ingineresc/numar-14-2015/fabrica-de-ciment-campulung---din-trecut-spre-viitor_4924.html\", \"lat\": null, \"lon\": null, \"precision\": \"locality\", \"evidence\": \"Factory commissioned 1972-75; successor of the Combinatul de lianți\", \"retrieved\": \"2026-10-05\", \"by\": \"agent\"}]", "checked_by": "agent (sonnet) + auto (s21)", "flags": "footprint_far:154m", "name": "pasarela pentru transportul cimentului de la Combinatul de lianți din Cîmpulung-Mușcel", "type": "bc_industrial_special", "class": "structure", "locality": "Cîmpulung-Mușcel", "address_1977": "", "period": "", "height": "", "system": "", "iv_classes": "", "iv_techniques": "", "iv_only_proposed": "", "outcome_unit": "v1_p0242_06"}}, {"type": "Feature", "id": "v1_b_X008_b_intrep_anvelope_victoria_florest", "geometry": {"type": "Point", "coordinates": [25.792661, 45.042583]}, "properties": {"building_id": "v1_b_X008_b_intrep_anvelope_victoria_florest", "batch_id": "P2_05", "locatable": "point", "precision": "site", "status": "probable", "n_sources": "2", "n_agree": "1", "agreement_m": "", "outcome_1977": "severe", "outcome_quote": "printre unitățile cu cele mai multe și mai grave avarii", "status_today": "standing", "status_source": "https://www.openstreetmap.org/way/622805937", "modern_address": "Michelin Florești - Uzina Victoria, Florești, Prahova", "historic_address_note": "Intreprinderea de anvelope Victoria (1939, ex Banloc-Goodrich) = today's Michelin Victoria plant at Florești (Newsweek, Wall-Street.ro).", "dupacutremur_building_uid": "", "osm_footprint_ref": "way/622805937", "wikidata": "", "confidence": "high", "notes": "Pass2: the succession Victoria -> Michelin (acquired 2001) is now sourced (Newsweek Romania, Wall-Street.ro). Coordinates: OSM industrial area \"Michelin Florești - Uzina Victoria\" (centre of a large polygon, hence the footprint_far flag); the Wikipedia locality point agrees within 1.7 km.", "open_question": "None.", "review_note": "", "sources": "[{\"source\": \"osm\", \"ref\": \"way/622805937\", \"lat\": 45.0425825, \"lon\": 25.7926614, \"precision\": \"site\", \"evidence\": \"OSM industrial area Michelin Florești - Uzina Victoria\", \"retrieved\": \"2026-10-05\", \"by\": \"agent\", \"d_m\": 0}, {\"source\": \"wikipedia\", \"ref\": \"https://ro.wikipedia.org/wiki/Florești,_Prahova\", \"lat\": 45.02778, \"lon\": 25.79861, \"precision\": \"locality\", \"evidence\": \"Florești village centre, 1.8 km away; locality level\", \"retrieved\": \"2026-10-05\", \"by\": \"agent\", \"d_m\": 1711}, {\"source\": \"web\", \"ref\": \"https://newsweek.ro/auto/uzina-victoria-floresti-de-la-decretul-regal-si-banloc-goodrich-la-michelin\", \"lat\": null, \"lon\": null, \"precision\": \"site\", \"evidence\": \"Newsweek Romania: Victoria tyre plant at Florești, founded 1936-39 (Banloc-Goodrich), acquired by Michelin in 2001, same plant\", \"retrieved\": \"2026-10-05\", \"by\": \"agent\"}]", "checked_by": "agent (sonnet) + auto (s21)", "flags": "footprint_far:168m", "name": "Întreprinderea de anvelope Victoria-Florești", "type": "bc_industrial | bc_hala", "class": "structure", "locality": "Florești", "address_1977": "", "period": "", "height": "", "system": "", "iv_classes": "", "iv_techniques": "", "iv_only_proposed": "", "outcome_unit": "v1_p0101_03"}}, {"type": "Feature", "id": "v1_b_X024_b_viaduct_catusa_galati", "geometry": {"type": "Point", "coordinates": [27.999296, 45.440675]}, "properties": {"building_id": "v1_b_X024_b_viaduct_catusa_galati", "batch_id": "P2_06", "locatable": "point", "precision": "building", "status": "probable", "n_sources": "2", "n_agree": "1", "agreement_m": "", "outcome_1977": "moderate", "outcome_quote": "fisuri înclinate la cîteva pile ale viaductului", "status_today": "standing", "status_source": "https://www.openstreetmap.org/way/12326577", "modern_address": "Viaductul peste balta Cătușa, Strada Combinatului (acces spre Combinatul siderurgic), Galați", "historic_address_note": "Viaduct linking Galați with the steelworks (1967-1969); today carries Strada Combinatului over Balta Cătușa (OSM way/12326577, bridge=viaduct, 4 lanes, about 1081 m long, matching the 1070 m and four lanes in the report).", "dupacutremur_building_uid": "", "osm_footprint_ref": "way/12326577", "wikidata": "Q110131583", "confidence": "high", "notes": "pass2: found the viaduct itself in OSM (way/12326577, a 1081 m four-lane bridge=viaduct), its centre 15 m from the Wikipedia pin. Two independent families (Wikipedia pin; OSM geometry) agree, and length plus lane count match the 1978 report. Top-level point is the mean of the two. The pass-1 note that the road is Bd. Siderurgistilor was imprecise: the viaduct is on Strada Combinatului, beyond the end of Bd. Siderurgistilor.", "open_question": "", "review_note": "", "sources": "[{\"source\": \"wikipedia\", \"ref\": \"https://ro.wikipedia.org/wiki/Viaductul_peste_balta_C%C4%83tu%C8%99a\", \"lat\": 45.440618, \"lon\": 27.999202, \"precision\": \"site\", \"evidence\": \"ro Wikipedia location map coordinates; 1070 m, 1967-1969; notes 1977 displaced pillars\", \"retrieved\": \"2026-10-05\", \"by\": \"agent\", \"d_m\": 10}, {\"source\": \"osm\", \"ref\": \"way/12326577\", \"lat\": 45.440733, \"lon\": 27.99939, \"precision\": \"building\", \"evidence\": \"OSM way tagged bridge=viaduct, name Strada Combinatului, 4 lanes, endpoints 1081 m apart (45.44057,28.00630 to 45.44090,27.99248); centre of the way\", \"retrieved\": \"2026-10-05\", \"by\": \"agent\", \"d_m\": 10}, {\"source\": \"osm\", \"ref\": \"way/48961001\", \"lat\": 45.4354293, \"lon\": 28.0248072, \"precision\": \"street\", \"evidence\": \"OSM Bd. Siderurgistilor segment at the city end; context only (road leading to the viaduct), not the viaduct\", \"retrieved\": \"2026-10-05\", \"by\": \"agent\", \"d_m\": 2074}]", "checked_by": "agent (sonnet) + auto (s21)", "flags": "footprint_ref_is_a_line", "name": "viaductul peste balta Cătușa la Galați", "type": "bc_pod", "class": "structure", "locality": "Galați", "address_1977": "", "period": "1967-1969", "height": "", "system": "ss_cadre_ba", "iv_classes": "", "iv_techniques": "", "iv_only_proposed": "", "outcome_unit": "v1_p0268_00"}}, {"type": "Feature", "id": "v1_b_X023_b_platforma_giurgiu", "geometry": {"type": "Point", "coordinates": [25.963918, 43.869307]}, "properties": {"building_id": "v1_b_X023_b_platforma_giurgiu", "batch_id": "P2_06", "locatable": "area", "precision": "area", "status": "area", "n_sources": "1", "n_agree": "1", "agreement_m": "", "outcome_1977": "collapsed", "outcome_quote": "prăbușire de teren eliptică, axe 30 x 40 m, adâncime 6-7 m după o săptămână", "status_today": "unknown", "status_source": "", "modern_address": "Danube floodplain in front of Gara Fluvială, Giurgiu (approximate; platform for the Giurgiu chemical combine)", "historic_address_note": "Platform for the planned Giurgiu chemical combine, described as opposite the river station", "dupacutremur_building_uid": "", "osm_footprint_ref": "way/103267410 (Gara Fluviala, reference only)", "wikidata": "", "confidence": "low", "notes": "pass2: location of the platform itself still unknown. The report places the ground collapse in the Danube major bed in front of the Gara Fluvială, at the edge of a platform under construction for the chemical combine. The combine (Verachim, OSM way/88171566) lies about 3.4 km west of the station, so the text and the known combine site only roughly agree. Web searches (Soils and Foundations abstract; Romanian press) describe huge sinkholes in the Danube floodplain near Giurgiu, with cavernous limestone about 20 m under alluvial sand, and one summary mentions collapses on two uninhabited islands, but none gives coordinates. The point stays at the river station as the text anchor.", "open_question": "Full text of the Soils and Foundations paper (vol. 24 no. 1, p. 90) or the INFP 1977 earthquake page may give the sinkhole position; check whether the platform was on the floodplain south of Șoseaua Portului or near the combine.", "review_note": "", "sources": "[{\"source\": \"osm\", \"ref\": \"way/103267410\", \"lat\": 43.8693069, \"lon\": 25.9639177, \"precision\": \"site\", \"evidence\": \"OSM Gara Fluviala Giurgiu (Palatul Ramadan), the landmark used in the text; not the platform itself\", \"retrieved\": \"2026-10-05\", \"by\": \"agent\", \"d_m\": 0}, {\"source\": \"osm\", \"ref\": \"way/88171566\", \"lat\": 43.884307, \"lon\": 25.927388, \"precision\": \"site\", \"evidence\": \"OSM industrial polygon Verachim (ex Combinatul chimic Giurgiu, Wikidata Q12275101), about 3.4 km WNW of the river station; shown only as the likely end user of the platform, not as the platform\", \"retrieved\": \"2026-10-05\", \"by\": \"agent\", \"d_m\": 3370}, {\"source\": \"web\", \"ref\": \"https://www.igloo.ro/combinatul-chimic-de-la-giurgiu/\", \"lat\": null, \"lon\": null, \"precision\": \"locality\", \"evidence\": \"Giurgiu chemical combine construction began 1976, on the Danube bank at Giurgiu; no coordinates for an earth platform\", \"retrieved\": \"2026-10-05\", \"by\": \"agent\"}]", "checked_by": "agent (sonnet) + auto (s21)", "flags": "", "name": "platforma de pămînt în execuție pentru Combinatul chimic, albia majoră a Dunării, gara fluvială Giurgiu", "type": "", "class": "structure", "locality": "Giurgiu", "address_1977": "", "period": "", "height": "", "system": "", "iv_classes": "", "iv_techniques": "", "iv_only_proposed": "", "outcome_unit": "v1_p0258_06"}}, {"type": "Feature", "id": "v1_b_X024_b_pod_giurgiu", "geometry": {"type": "Point", "coordinates": [26.006401, 43.88827]}, "properties": {"building_id": "v1_b_X024_b_pod_giurgiu", "batch_id": "P2_06", "locatable": "point", "precision": "site", "status": "verified", "n_sources": "2", "n_agree": "2", "agreement_m": "108", "outcome_1977": "light", "outcome_quote": "crăpături și dislocări cu tendința de desprindere la placajul de piatră al portalului culeii", "status_today": "standing", "status_source": "https://www.openstreetmap.org/way/1319838585", "modern_address": "Podul Prieteniei Giurgiu-Ruse, DN5, Giurgiu", "historic_address_note": "The 1953 combined rail and road bridge over the Danube at Giurgiu, today's Giurgiu-Ruse Friendship Bridge (DN5, rail line 106A). It is the only Danube bridge at Giurgiu.", "dupacutremur_building_uid": "", "osm_footprint_ref": "way/1319838585", "wikidata": "Q203004", "confidence": "high", "notes": "pass2: second independent family found (Wikidata item with its own coordinates, about 90 m from the OSM bridge point). OSM bridge ways (rail way/120166251, road ways 120164056 and 23491767) confirm a bridge with Romanian access viaducts about 400 m long, matching the 12 x 33.6 m spans in the report. Top-level point is the OSM bridge site. The damaged culee portal at the entrance to the bridge on the Romanian bank is at the north-west end of the structure, near 43.8963 N, 25.9984 E (OSM way end node), but which abutment exactly is not stated in the text, so it is not used as the main point.", "open_question": "Optional: exact abutment (start of the access viaduct versus start of the main steel span).", "review_note": "", "sources": "[{\"source\": \"osm\", \"ref\": \"way/1319838585\", \"lat\": 43.8882697, \"lon\": 26.0064015, \"precision\": \"site\", \"evidence\": \"OSM way Podul Prieteniei Giurgiu-Ruse\", \"retrieved\": \"2026-10-05\", \"by\": \"agent\", \"d_m\": 0}, {\"source\": \"wikidata\", \"ref\": \"Q203004\", \"lat\": 43.8875, \"lon\": 26.00722222222222, \"precision\": \"site\", \"evidence\": \"Wikidata item Podul Prieteniei Giurgiu-Ruse (road-rail bridge over the Danube) coordinates, about 90 m from the OSM point\", \"retrieved\": \"2026-10-05\", \"by\": \"agent+auto\", \"d_m\": 108}, {\"source\": \"osm\", \"ref\": \"way/120166251\", \"lat\": 43.8963023, \"lon\": 25.9983244, \"precision\": \"site\", \"evidence\": \"OSM rail-bridge way (wikidata Q203004), end node on the Romanian side; the Romanian-bank portal where the damaged abutment cladding is would lie at this end of the structure (approx.)\", \"retrieved\": \"2026-10-05\", \"by\": \"agent\", \"d_m\": 1103}]", "checked_by": "agent (sonnet) + auto (s21)", "flags": "footprint_far:122m", "name": "podul peste Dunăre la Giurgiu", "type": "bc_pod", "class": "structure", "locality": "Giurgiu", "address_1977": "", "period": "", "height": "", "system": "", "iv_classes": "", "iv_techniques": "", "iv_only_proposed": "", "outcome_unit": "v1_p0263_04"}}, {"type": "Feature", "id": "v1_b_X020_b_frigidere_gaiesti", "geometry": {"type": "Point", "coordinates": [25.347754, 44.711189]}, "properties": {"building_id": "v1_b_X020_b_frigidere_gaiesti", "batch_id": "P2_06", "locatable": "point", "precision": "site", "status": "single", "n_sources": "1", "n_agree": "1", "agreement_m": "", "outcome_1977": "moderate", "outcome_quote": "avarii la acoperișul halelor mixte", "status_today": "standing", "status_source": "https://www.openstreetmap.org/way/88172511", "modern_address": "Arctic / Beko România S.A. (former Fabrica de frigidere Găești), Str. 13 Decembrie 210, Găești, Dâmbovița", "historic_address_note": "Factory founded 1968, first refrigerators 1970, privatised 1997, now Arctic / Beko România; address Str. 13 Decembrie 210.", "dupacutremur_building_uid": "", "osm_footprint_ref": "way/88172511", "wikidata": "Q4787546", "confidence": "high", "notes": "pass2: pass-1 point (44.70965, 25.35041) was not on the polygon centre; moved to the centre of the OSM plant polygon way/88172511 (inside the same plant, about 200 m away). The address 13 Decembrie 210 is confirmed by a business register and by the OSM tag on the plant building, so the site is well established. The hall hit in 1977 is not identified (roof damage of mixed halls).", "open_question": "", "review_note": "", "sources": "[{\"source\": \"osm\", \"ref\": \"way/88172511\", \"lat\": 44.711189, \"lon\": 25.347754, \"precision\": \"site\", \"evidence\": \"OSM industrial area Arctic Găești (wikidata Q4787546); centre of the polygon\", \"retrieved\": \"2026-10-05\", \"by\": \"agent\", \"d_m\": 0}, {\"source\": \"osm\", \"ref\": \"way/699609731\", \"lat\": 44.711999, \"lon\": 25.349993, \"precision\": \"building\", \"evidence\": \"OSM industrial building Fabrica Beko România S.A., addr 13 Decembrie 210, inside the plant\", \"retrieved\": \"2026-10-05\", \"by\": \"agent\", \"d_m\": 199}, {\"source\": \"web\", \"ref\": \"https://gb.kompass.com/c/arctic-sa/ro000317/\", \"lat\": null, \"lon\": null, \"precision\": \"address\", \"evidence\": \"Business register listing: Arctic SA, Găești, Strada 13 Decembrie 210 (same address as in the OSM tag)\", \"retrieved\": \"2026-10-05\", \"by\": \"agent\"}, {\"source\": \"web\", \"ref\": \"https://www.forbes.ro/arctic-25-de-milioane-de-frigidere-45-de-ani-de-existenta-62874\", \"lat\": null, \"lon\": null, \"precision\": \"locality\", \"evidence\": \"Fabrica de frigidere Găești, first refrigerator 1970; continues as Arctic\", \"retrieved\": \"2026-10-05\", \"by\": \"agent\"}]", "checked_by": "agent (sonnet) + auto (s21)", "flags": "", "name": "Fabrica de frigidere Găiești", "type": "bc_hala", "class": "structure", "locality": "Găiești", "address_1977": "", "period": "", "height": "", "system": "", "iv_classes": "", "iv_techniques": "", "iv_only_proposed": "", "outcome_unit": "v1_p0229_06"}}, {"type": "Feature", "id": "v1_b_X019_b_liceul_eminescu_iasi", "geometry": {"type": "Point", "coordinates": [27.581599, 47.17296]}, "properties": {"building_id": "v1_b_X019_b_liceul_eminescu_iasi", "batch_id": "P2_06", "locatable": "point", "precision": "building", "status": "single", "n_sources": "1", "n_agree": "1", "agreement_m": "", "outcome_1977": "severe", "outcome_quote": "crăpături și dislocări în ziduri, prăbușiri parțiale de planșee", "status_today": "standing", "status_source": "OSM building way/207113569", "modern_address": "Colegiul Național „Mihai Eminescu”, Str. Mihail Kogălniceanu 10, Iași", "historic_address_note": "Girls' school in the building at Str. M. Kogălniceanu 10 since 27 Oct 1909; named Liceul nr. 2 Mihai Eminescu by order of 20 Aug 1960, so the 1977 liceul M. Eminescu is this school (school history page cnmeiasi.ro). In 1970 it also took over a second building (former pedagogical lyceum).", "dupacutremur_building_uid": "", "osm_footprint_ref": "way/207113569 (school building)", "wikidata": "", "confidence": "medium", "notes": "pass2: identity re-checked on the school's own history page: Eminescu name since 1960, address Kogălniceanu 10, building 1909 (+ wing 1935-37), consistent with foarte vechi, P+1-2. No source found for another Iași lyceum named Eminescu in 1977 (not proof of absence). OSM building way/207113569 has 2 levels and the same address. Which of the two buildings (1909 main, or the one taken over in 1970) was damaged is not stated.", "open_question": "Which building was damaged; confirm that no second Liceul M. Eminescu existed in Iași in 1977 (e.g. a school-year yearbook).", "review_note": "", "sources": "[{\"source\": \"osm\", \"ref\": \"way/207113569\", \"lat\": 47.17296, \"lon\": 27.5815988, \"precision\": \"building\", \"evidence\": \"OSM building named Colegiul Național Mihai Eminescu, Kogălniceanu 10.\", \"retrieved\": \"2026-10-05\", \"by\": \"agent\", \"d_m\": 0}, {\"source\": \"web\", \"ref\": \"http://lme.is.edu.ro/index.php?lb=0&cod=0&id=202\", \"lat\": null, \"lon\": null, \"precision\": \"address\", \"evidence\": \"School history page: address Kogălniceanu 10, named Mihai Eminescu since 1960, building 1900 + 1935-37 wing.\", \"retrieved\": \"2026-10-05\", \"by\": \"agent\"}, {\"source\": \"web\", \"ref\": \"https://cnmeiasi.ro/istoric/\", \"lat\": null, \"lon\": null, \"precision\": \"address\", \"evidence\": \"School's own history page: address Str. Mihail Kogălniceanu 10; building since 1909; name since 1960; additional building taken over in 1970\", \"retrieved\": \"2026-10-05\", \"by\": \"agent\"}, {\"source\": \"nominatim\", \"ref\": \"way/207114609\", \"lat\": 47.1727501, \"lon\": 27.5817274, \"precision\": \"amenity\", \"evidence\": \"Nominatim: Colegiul Național \\\"Mihai Eminescu\\\", 10, Strada Mihail Kogălniceanu, Copou, Păcurari, Iași, Zona Metropolitană Iași, Iași\", \"retrieved\": \"2026-10-05\", \"by\": \"auto\", \"d_m\": 25}]", "checked_by": "agent (sonnet) + auto (s21)", "flags": "", "name": "liceul M. Eminescu", "type": "bc_scoala", "class": "structure", "locality": "Iași", "address_1977": "", "period": "foarte vechi", "height": "parter și 1-2 niveluri", "system": "ss_zidarie", "iv_classes": "", "iv_techniques": "", "iv_only_proposed": "", "outcome_unit": "v1_p0211_07"}}, {"type": "Feature", "id": "v1_b_X019_b_liceul_internat_iasi", "geometry": {"type": "Point", "coordinates": [27.569433, 47.173298]}, "properties": {"building_id": "v1_b_X019_b_liceul_internat_iasi", "batch_id": "P2_06", "locatable": "point", "precision": "building", "status": "verified", "n_sources": "2", "n_agree": "2", "agreement_m": "30", "outcome_1977": "severe", "outcome_quote": "crăpături și dislocări în ziduri, prăbușiri parțiale de planșee", "status_today": "standing", "status_source": "OSM building way/61041562", "modern_address": "Colegiul Național „Costache Negruzzi”, Str. Toma Cozma 4, Iași (Copou)", "historic_address_note": "Liceul Internat (Iași Boarding High School, opened 1895, formally Liceul Internat Costache Negruzzi from 1899; in the 1970s Liceul de matematică-fizică C. Negruzzi) at Str. Toma Cozma 4, Copou (en.wikipedia Costache Negruzzi National College).", "dupacutremur_building_uid": "", "osm_footprint_ref": "way/61041562", "wikidata": "", "confidence": "high", "notes": "pass2: second independent family found: Wikipedia coordinates of the school lie about 25 m from the OSM building way/61041562, and Wikipedia confirms the 1895 Liceul Internat name and the Toma Cozma 4 address. Remaining uncertainty is only whether the damaged 1895 main building is the OSM way used (the 1982 internat blocks are later).", "open_question": "Check that the OSM way is the 1895 main building and not a later wing.", "review_note": "", "sources": "[{\"source\": \"osm\", \"ref\": \"way/61041562\", \"lat\": 47.1732984, \"lon\": 27.5694327, \"precision\": \"building\", \"evidence\": \"OSM building of Colegiul Național Costache Negruzzi, Toma Cozma 4.\", \"retrieved\": \"2026-10-05\", \"by\": \"agent+auto\", \"d_m\": 0}, {\"source\": \"web\", \"ref\": \"https://www.ziaruldeiasi.ro/stiri/o-istorie-ieseana-de-125-ani-liceul-internat-cnegruzzi--266014.html\", \"lat\": null, \"lon\": null, \"precision\": \"address\", \"evidence\": \"Article titled Liceul Internat C. Negruzzi: 1895 monumental building on Copou; new internat buildings built 1982.\", \"retrieved\": \"2026-10-05\", \"by\": \"agent\"}, {\"source\": \"wikipedia\", \"ref\": \"https://en.wikipedia.org/wiki/Costache_Negruzzi_National_College\", \"lat\": 47.173028, \"lon\": 27.5695, \"precision\": \"building\", \"evidence\": \"Wikipedia infobox coordinates 47 10 22.9 N 27 34 10.2 E, 4 Toma Cozma Street; 1895 boarding high school building; about 25 m from the OSM building\", \"retrieved\": \"2026-10-05\", \"by\": \"agent\", \"d_m\": 30}]", "checked_by": "agent (sonnet) + auto (s21)", "flags": "", "name": "liceul Internat", "type": "bc_scoala", "class": "structure", "locality": "Iași", "address_1977": "", "period": "foarte vechi", "height": "parter și 1-2 niveluri", "system": "ss_zidarie", "iv_classes": "", "iv_techniques": "", "iv_only_proposed": "", "outcome_unit": "v1_p0211_07"}}, {"type": "Feature", "id": "v1_b_X019_b_univ_cuza_corp_vechi_iasi", "geometry": {"type": "Point", "coordinates": [27.571137, 47.174251]}, "properties": {"building_id": "v1_b_X019_b_univ_cuza_corp_vechi_iasi", "batch_id": "P2_06", "locatable": "point", "precision": "building", "status": "probable", "n_sources": "2", "n_agree": "1", "agreement_m": "", "outcome_1977": "severe", "outcome_quote": "crăpături și dislocări în ziduri, prăbușiri parțiale de planșee", "status_today": "standing", "status_source": "OSM relation/396994", "modern_address": "Universitatea 'Al. I. Cuza', Corpul A (Palatul Universitar), Bd. Carol I 11, Iași", "historic_address_note": "Palatul Universitar built 1893-1897 at Carol I 11; the 'corp vechi' = Corp A.", "dupacutremur_building_uid": "", "osm_footprint_ref": "relation/396994", "wikidata": "Q1523902", "confidence": "medium", "notes": "pass2: Wikidata coordinates (47.17423, 27.57169) agree with the OSM relation (about 45 m), so the position of the Palatul Universitar at Carol I 11 is confirmed by a second family. The identification of corpul vechi with this palace stays inferential: the report says parter și 1-2 niveluri and foarte vechi, which suits a low 1890s palace but could also mean another old wing on the Copou campus. The revista article attributes the building to the Technical University Gh. Asachi, while OSM and Wikidata label it Corp A of UAIC; that article reports grave damage in 1977 at this palace.", "open_question": "Which building the 1978 report means by corpul vechi (P+1-2 versus the Palatul); a 1977 damage list for UAIC would settle it.", "review_note": "", "sources": "[{\"source\": \"osm\", \"ref\": \"relation/396994\", \"lat\": 47.1742512, \"lon\": 27.5711369, \"precision\": \"building\", \"evidence\": \"OSM building Universitatea Alexandru Ioan Cuza - Corpul A, Carol I 11.\", \"retrieved\": \"2026-10-05\", \"by\": \"agent\", \"d_m\": 0}, {\"source\": \"web\", \"ref\": \"https://www.revistaconstructiilor.eu/index.php/2019/06/01/evaluarea-structurala-a-palatului-universitar-din-iasi/\", \"lat\": null, \"lon\": null, \"precision\": \"address\", \"evidence\": \"Palatul Universitar, Carol I 11, built 1893-97; suffered grave damage in 1977 and was partly strengthened.\", \"retrieved\": \"2026-10-05\", \"by\": \"agent\"}, {\"source\": \"wikidata\", \"ref\": \"Q1523902\", \"lat\": 47.174230555556, \"lon\": 27.571691666667, \"precision\": \"site\", \"evidence\": \"Wikidata item Alexandru Ioan Cuza University, coordinates at the Carol I 11 palace, about 45 m from the OSM relation centre\", \"retrieved\": \"2026-10-05\", \"by\": \"agent+auto\", \"d_m\": 42}, {\"source\": \"nominatim\", \"ref\": \"way/211184956\", \"lat\": 47.1742067, \"lon\": 27.5713755, \"precision\": \"amenity\", \"evidence\": \"Nominatim: Universitatea Alexandru Ioan Cuza din Iași, 11, Bulevardul Carol I, Copou, Păcurari, Iași, Zona Metropolitană Iași, Iași\", \"retrieved\": \"2026-10-05\", \"by\": \"auto\", \"d_m\": 19}]", "checked_by": "agent (sonnet) + auto (s21)", "flags": "", "name": "corpul vechi al Universității Al. I. Cuza", "type": "bc_scoala", "class": "structure", "locality": "Iași", "address_1977": "", "period": "foarte vechi", "height": "parter și 1-2 niveluri", "system": "ss_zidarie", "iv_classes": "", "iv_techniques": "", "iv_only_proposed": "", "outcome_unit": "v1_p0211_07"}}, {"type": "Feature", "id": "v1_b_X020_b_nicolina_iasi", "geometry": {"type": "Point", "coordinates": [27.59305, 47.142969]}, "properties": {"building_id": "v1_b_X020_b_nicolina_iasi", "batch_id": "P2_06", "locatable": "point", "precision": "street", "status": "single", "n_sources": "1", "n_agree": "1", "agreement_m": "", "outcome_1977": "moderate", "outcome_quote": "avarii la îmbinări, rezemări și stâlpi", "status_today": "demolished", "status_source": "ziaruldeiasi / apix.ro: factory demolished 2007, site redeveloped", "modern_address": "Former Întreprinderea Mecanică Nicolina, east frontage on Str. Mitropolit Varlaam (No. 54 used as anchor), Iași; 24 ha site, factory demolished", "historic_address_note": "Uzina Mecanică Nicolina became Întreprinderea Mecanică Nicolina in 1974; bankrupt 2011; the 24 ha site was bought in 2018, the halls demolished, now Nicolina Park / Nicolina Residence project area. The residential project on its east edge opens onto Str. Mitropolit Varlaam.", "dupacutremur_building_uid": "", "osm_footprint_ref": "", "wikidata": "", "confidence": "low", "notes": "pass2: only partly improved. Press confirms that the 24 ha factory site has its east edge on Str. Mitropolit Varlaam, so the OSM Varlaam 54 anchor is on the site boundary, not at its centre (the site polygon is not mapped; its extent west of Varlaam was not found). The Bd. Poitiers 10 remnants are a different place. The point is kept as an edge anchor, so precision stays street. Halls with damaged precast frames are not identified.", "open_question": "Site polygon of the 24 ha former Nicolina platform (cadastre or PUZ Nicolina Park) to place a centre point.", "review_note": "", "sources": "[{\"source\": \"osm\", \"ref\": \"way/204474036\", \"lat\": 47.1429692, \"lon\": 27.5930497, \"precision\": \"address\", \"evidence\": \"OSM building at Strada Mitropolit Varlaam 54 (street-number point only, the 24 ha site not mapped).\", \"retrieved\": \"2026-10-05\", \"by\": \"agent\", \"d_m\": 0}, {\"source\": \"web\", \"ref\": \"https://www.ziaruldeiasi.ro/stiri/proiectul-mamut-de-la-fosta-fabrica-nicolina-incepe-cu-9-blocuri-cum-va-arata-zona--189167.html\", \"lat\": null, \"lon\": null, \"precision\": \"street\", \"evidence\": \"Press: the former Nicolina factory covers 24 ha; the first 2.3 ha plot on its eastern side has an opening onto Str. Mitropolit Varlaam\", \"retrieved\": \"2026-10-05\", \"by\": \"agent\"}, {\"source\": \"web\", \"ref\": \"https://www.ziaruldeiasi.ro/stiri/se-vand-ultimele-ramasite-ale-fostei-fabrici-nicolina-sa--266151.html\", \"lat\": null, \"lon\": null, \"precision\": \"address\", \"evidence\": \"Press: the last remains of Nicolina SA are at Bd. Poitiers 10 (CUG industrial zone), a separate remnant, not the main platform\", \"retrieved\": \"2026-10-05\", \"by\": \"agent\"}]", "checked_by": "agent (sonnet) + auto (s21)", "flags": "", "name": "I. M. Nicolina", "type": "bc_hala", "class": "structure", "locality": "Iași", "address_1977": "", "period": "", "height": "", "system": "", "iv_classes": "", "iv_techniques": "", "iv_only_proposed": "", "outcome_unit": "v1_p0225_01"}}, {"type": "Feature", "id": "v1_b_X021_b_castel_mihailesti", "geometry": {"type": "Point", "coordinates": [25.879756, 44.343185]}, "properties": {"building_id": "v1_b_X021_b_castel_mihailesti", "batch_id": "P2_06", "locatable": "area", "precision": "area", "status": "area", "n_sources": "1", "n_agree": "1", "agreement_m": "", "outcome_1977": "collapsed", "outcome_quote": "prăbușit prin ruperea turnului la nivelul solului", "status_today": "unknown", "status_source": "", "modern_address": "Avicola Mihăilești (successor poultry complex), Str. Abatorului 2A, sat Drăgănescu, Mihăilești, Giurgiu (water tower not located)", "historic_address_note": "In 1977 Mihăilești belonged to Ilfov county (Giurgiu county dates from 1981), which fits the report's small area around Bucharest; the label Mihăilești-Argeș probably refers to the town on the Argeș river. Complex avicol Mihăilești is today's Avicola Mihăilești SRL (Drăgănescu).", "dupacutremur_building_uid": "", "osm_footprint_ref": "", "wikidata": "", "confidence": "low", "notes": "pass2: pass-1 point (a church on the street) replaced by the OSM building that carries the company name and address, at the farm cluster. The step from the 1977 Combinatul avicol Mihăilești to today's Avicola Mihăilești SRL (and from the 2A address to the tower position) is inferential, since no source on the 1970s combinat or the tower was found; the tower may have been demolished. Remains area-level, low confidence.", "open_question": "Archive or monograph on the Mihăilești poultry combinat (1970s) to place the water tower; check whether the 100 m3 tower still stands.", "review_note": "", "sources": "[{\"source\": \"osm\", \"ref\": \"way/323690306\", \"lat\": 44.343185, \"lon\": 25.879756, \"precision\": \"site\", \"evidence\": \"OSM building Avicola Mihăilești, Str. Abatorului 2A, Drăgănescu (office/warehouse of the poultry complex, within the farm cluster)\", \"retrieved\": \"2026-10-05\", \"by\": \"agent\", \"d_m\": 0}, {\"source\": \"web\", \"ref\": \"https://www.totalfirme.ro/avicola-mihailesti-srl-13421621\", \"lat\": null, \"lon\": null, \"precision\": \"address\", \"evidence\": \"Avicola Mihăilești SRL: Str. Abatorului 2A, Drăgănescu, Mihăilești; poultry farms on 30 ha\", \"retrieved\": \"2026-10-05\", \"by\": \"agent\"}, {\"source\": \"osm\", \"ref\": \"way/218965043\", \"lat\": 44.3419055, \"lon\": 25.8859656, \"precision\": \"street\", \"evidence\": \"pass-1 reference: OSM church on Strada Abatorului, same street about 600 m east; context only\", \"retrieved\": \"2026-10-05\", \"by\": \"agent\", \"d_m\": 514}]", "checked_by": "agent (sonnet) + auto (s21)", "flags": "", "name": "castelul de apă de 100 m³ de la Combinatul avicol Mihăilești-Argeș", "type": "bc_industrial_special", "class": "structure", "locality": "Mihăilești", "address_1977": "", "period": "", "height": "", "system": "", "iv_classes": "", "iv_techniques": "", "iv_only_proposed": "", "outcome_unit": "v1_p0238_06"}}, {"type": "Feature", "id": "v1_b_X036_b_ifa_pavilion_coordonare_magurele", "geometry": {"type": "Point", "coordinates": [26.031051, 44.350007]}, "properties": {"building_id": "v1_b_X036_b_ifa_pavilion_coordonare_magurele", "batch_id": "P2_06", "locatable": "point", "precision": "building", "status": "single", "n_sources": "1", "n_agree": "0", "agreement_m": "", "outcome_1977": "severe", "outcome_quote": "proiect I.P.Carpați: precomprimare transversală a tensorilor, cămășuire diafragme cu plăci metalice, remedieri locale", "status_today": "unknown", "status_source": "", "modern_address": "Clădirea turn Institutul de Fizică Atomică, Str. Atomiștilor 407, Măgurele, Ilfov (probable)", "historic_address_note": "I.F.A. = Institutul de Fizică Atomică (now IFIN-HH and other institutes). The OSM building at Atomiștilor 407 is mapped with 12 levels (= S+P+10) and INFP names a Turn Bloc of IFA Măgurele as a structure monitored since 2013.", "dupacutremur_building_uid": "", "osm_footprint_ref": "way/216998734", "wikidata": "", "confidence": "low", "notes": "pass2: pass-1 treated way/216998734 as the campus; the geometry shows it is a single building named Institutul de Fizică Atomică with building:levels=12, which equals the S+P+10 of the report and matches the IFA tower block that INFP instruments. The name Pavilionul de Coordonare appears in no source found, so the match is inferential (levels + institute + tall block); no second coordinate source exists.", "open_question": "Confirm that the 12-level building at Atomiștilor 407 is the former Pavilionul de Coordonare (IFA history or INFP monitoring brochure with address).", "review_note": "", "sources": "[{\"source\": \"osm\", \"ref\": \"way/216998734\", \"lat\": 44.3500073, \"lon\": 26.0310511, \"precision\": \"site\", \"evidence\": \"OSM building 'Institutul de Fizică Atomică', Atomiștilor 407, on the Măgurele platform.\", \"retrieved\": \"2026-10-05\", \"by\": \"agent\", \"d_m\": 0}, {\"source\": \"web\", \"ref\": \"https://infp.ro/index.php?i=srv11\", \"lat\": null, \"lon\": null, \"precision\": \"locality\", \"evidence\": \"INFP structural-monitoring page lists the Turn Bloc IFA Măgurele among instrumented buildings (a tall IFA block exists in Măgurele); no address or coordinates\", \"retrieved\": \"2026-10-05\", \"by\": \"agent\"}]", "checked_by": "agent (sonnet) + auto (s21)", "flags": "", "name": "Pavilionul de Coordonare I.F.A. - Măgurele", "type": "", "class": "structure", "locality": "Măgurele", "address_1977": "", "period": "", "height": "S+P+10", "system": "ss_diafragme_ba", "iv_classes": "global;local", "iv_techniques": "ms_camasuire;ms_consolidare_locala;ms_precomprimare", "iv_only_proposed": "0", "outcome_unit": "v1_p0384_01"}}, {"type": "Feature", "id": "v1_b_X008_b_combinat_petrochimic_pitesti", "geometry": {"type": "Point", "coordinates": [24.92916, 44.80346]}, "properties": {"building_id": "v1_b_X008_b_combinat_petrochimic_pitesti", "batch_id": "P2_06", "locatable": "point", "precision": "site", "status": "verified", "n_sources": "2", "n_agree": "2", "agreement_m": "390", "outcome_1977": "severe", "outcome_quote": "printre unitățile cu cele mai multe și mai grave avarii", "status_today": "unknown", "status_source": "https://adevarul.ro/economie/o-bucata-din-ultima-petrochimie-comunista-din-2426997.html", "modern_address": "Rafinăria / Combinatul petrochimic Arpechim, Bd. Petrochimiștilor, Pitești (Bradu, Argeș)", "historic_address_note": "Pitești Refinery and Petrochemical Complex were set up as distinct units in 1967 and integrated in 1971 as Arpechim (en.wikipedia). The refinery (OMV Petrom, closed 2011, demolition procedures since 2016) and the 165 ha petrochemical part (Oltchim, in Bradu commune, sold in pieces after 2023) share the platform.", "dupacutremur_building_uid": "", "osm_footprint_ref": "way/88172678", "wikidata": "Q4795740", "confidence": "medium", "notes": "pass2: Wikipedia/Wikidata coordinates (rounded) fall about 400 m from the OSM polygon point, so the platform position is confirmed by a second family at about 0.01 degree. The OSM polygon is labelled refinery; a separate petrochemical polygon was not found in OSM, so the exact petrochemical part may lie elsewhere inside the 165 ha platform. Status today: partly demolished or being demolished, not standing as in pass 1.", "open_question": "Where the petrochemical (Oltchim) part lies within the platform; present state of the buildings.", "review_note": "", "sources": "[{\"source\": \"osm\", \"ref\": \"way/88172678\", \"lat\": 44.8034605, \"lon\": 24.9291595, \"precision\": \"site\", \"evidence\": \"OSM industrial landuse 'Rafinăria Arpechim'.\", \"retrieved\": \"2026-10-05\", \"by\": \"agent\", \"d_m\": 0}, {\"source\": \"wikipedia\", \"ref\": \"https://ro.wikipedia.org/wiki/Arpechim\", \"lat\": null, \"lon\": null, \"precision\": \"locality\", \"evidence\": \"Arpechim petrochemical complex opened 1964 at Pitești, refinery modules 1969/1975.\", \"retrieved\": \"2026-10-05\", \"by\": \"agent\"}, {\"source\": \"wikipedia\", \"ref\": \"https://en.wikipedia.org/wiki/Arpechim_Refinery\", \"lat\": 44.8, \"lon\": 24.93, \"precision\": \"site\", \"evidence\": \"Wikipedia/Wikidata Q4795740 Arpechim: coordinates 44.80 N 24.93 E (rounded to 0.01 degree), refinery and petrochemical complex on the same site\", \"retrieved\": \"2026-10-05\", \"by\": \"agent\", \"d_m\": 390}, {\"source\": \"web\", \"ref\": \"https://adevarul.ro/economie/o-bucata-din-ultima-petrochimie-comunista-din-2426997.html\", \"lat\": null, \"lon\": null, \"precision\": \"area\", \"evidence\": \"Press: the petrochemical part of the former Arpechim platform lies in Bradu commune next to Pitești, 165 ha (Oltchim)\", \"retrieved\": \"2026-10-05\", \"by\": \"agent\"}, {\"source\": \"wikidata\", \"ref\": \"Q4795740\", \"lat\": 44.8, \"lon\": 24.93, \"precision\": \"building\", \"evidence\": \"Wikidata P625\", \"retrieved\": \"2026-10-05\", \"by\": \"auto\", \"d_m\": 390}]", "checked_by": "agent (sonnet) + auto (s21)", "flags": "footprint_far:233m", "name": "Combinatul petrochimic Pitești", "type": "bc_industrial", "class": "structure", "locality": "Pitești", "address_1977": "", "period": "", "height": "", "system": "", "iv_classes": "", "iv_techniques": "", "iv_only_proposed": "", "outcome_unit": "v1_p0101_03"}}, {"type": "Feature", "id": "v1_b_X008_b_depozit_materii_prime_pleasa", "geometry": {"type": "Point", "coordinates": [26.042058, 44.985517]}, "properties": {"building_id": "v1_b_X008_b_depozit_materii_prime_pleasa", "batch_id": "P3_01", "locatable": "point", "precision": "site", "status": "single", "n_sources": "1", "n_agree": "1", "agreement_m": "", "outcome_1977": "collapsed", "outcome_quote": "distrus parțial prin căderea castelului", "status_today": "unknown", "status_source": "https://www.observatorulph.ro/viata-prahovei/80169-cum-a-disparut-refractare-pleasa-de-pe-harta-prahovei", "modern_address": "Platforma Real Bucov S.A. (fosta Întreprindere de Produse Refractare Pleașa), Bucov, jud. Prahova", "historic_address_note": "'Întreprinderea Pleașa-Ploiești' under the Ministry of Metallurgy is identified (inferentially) with the refractory-products plant at Pleașa/Bucov, later Real Bucov SA.", "dupacutremur_building_uid": "", "osm_footprint_ref": "way/88181838 (industrial landuse, Real Bucov S.A.)", "wikidata": "", "confidence": "low", "notes": "Plant-level site only; same enterprise as the water tower. Searches as for the water tower.", "open_question": "Position of the raw-material depot; confirm enterprise identity.", "review_note": "", "sources": "[{\"source\": \"osm\", \"ref\": \"way/88181838\", \"lat\": 44.985517, \"lon\": 26.042058, \"precision\": \"site\", \"evidence\": \"Industrial area named Real Bucov S.A., Bucov\", \"retrieved\": \"2026-10-05\", \"by\": \"agent\", \"d_m\": 0}, {\"source\": \"web\", \"ref\": \"https://www.observatorulph.ro/viata-prahovei/80169-cum-a-disparut-refractare-pleasa-de-pe-harta-prahovei\", \"lat\": null, \"lon\": null, \"precision\": \"locality\", \"evidence\": \"Plant named Întreprinderea de Produse Refractare Pleașa, in Bucov commune\", \"retrieved\": \"2026-10-05\", \"by\": \"agent\"}]", "checked_by": "agent (sonnet) + auto (s21)", "flags": "footprint_far:160m", "name": "depozit de materii prime, Întreprinderea Pleașa-Ploiești", "type": "bc_industrial", "class": "structure", "locality": "Pleașa", "address_1977": "", "period": "", "height": "", "system": "", "iv_classes": "", "iv_techniques": "", "iv_only_proposed": "", "outcome_unit": "v1_p0101_01"}}, {"type": "Feature", "id": "v1_b_X008_b_castel_apa_pleasa", "geometry": {"type": "Point", "coordinates": [26.042058, 44.985517]}, "properties": {"building_id": "v1_b_X008_b_castel_apa_pleasa", "batch_id": "P3_01", "locatable": "point", "precision": "site", "status": "single", "n_sources": "1", "n_agree": "1", "agreement_m": "", "outcome_1977": "collapsed", "outcome_quote": "prăbușit", "status_today": "unknown", "status_source": "https://www.observatorulph.ro/viata-prahovei/80169-cum-a-disparut-refractare-pleasa-de-pe-harta-prahovei", "modern_address": "Platforma Real Bucov S.A. (fosta Întreprindere de Produse Refractare Pleașa), Bucov, jud. Prahova", "historic_address_note": "'Întreprinderea Pleașa-Ploiești' under the Ministry of Metallurgy is identified (inferentially) with the refractory-products plant at Pleașa/Bucov, later Real Bucov SA.", "dupacutremur_building_uid": "", "osm_footprint_ref": "way/88181838 (industrial landuse, Real Bucov S.A.)", "wikidata": "", "confidence": "low", "notes": "Plant-level site only (water tower position not documented). Identification of the enterprise with the refractory works is inferential (metallurgy ministry, Pleașa). Searches: nom Real Bucov (way/88181838), nom Refractare Pleasa, WebSearch x2, WebFetch.", "open_question": "Position of the water tower inside the plant; confirm enterprise identity.", "review_note": "", "sources": "[{\"source\": \"osm\", \"ref\": \"way/88181838\", \"lat\": 44.985517, \"lon\": 26.042058, \"precision\": \"site\", \"evidence\": \"Industrial area named Real Bucov S.A., Bucov\", \"retrieved\": \"2026-10-05\", \"by\": \"agent\", \"d_m\": 0}, {\"source\": \"web\", \"ref\": \"https://www.observatorulph.ro/viata-prahovei/80169-cum-a-disparut-refractare-pleasa-de-pe-harta-prahovei\", \"lat\": null, \"lon\": null, \"precision\": \"locality\", \"evidence\": \"Plant named Întreprinderea de Produse Refractare Pleașa, in Bucov commune\", \"retrieved\": \"2026-10-05\", \"by\": \"agent\"}]", "checked_by": "agent (sonnet) + auto (s21)", "flags": "footprint_far:160m", "name": "castel de apă, Întreprinderea Pleașa-Ploiești", "type": "bc_industrial_special", "class": "structure", "locality": "Pleașa | Pleasa-Ploiești", "address_1977": "", "period": "", "height": "", "system": "", "iv_classes": "", "iv_techniques": "", "iv_only_proposed": "", "outcome_unit": "v1_p0101_01"}}, {"type": "Feature", "id": "v1_b_X019_b_bloc14_ploiesti", "geometry": {"type": "Point", "coordinates": [26.004096, 44.956376]}, "properties": {"building_id": "v1_b_X019_b_bloc14_ploiesti", "batch_id": "P3_02", "locatable": "point", "precision": "building", "status": "single", "n_sources": "1", "n_agree": "1", "agreement_m": "", "outcome_1977": "severe", "outcome_quote": "avarii grave, fără prăbușire; evacuat în vederea consolidării", "status_today": "standing", "status_source": "OSM way/80653138", "modern_address": "Bl. 14, Aleea Scorușului, cartierul Nord, Ploiești", "historic_address_note": "Block label only; district 'Ploiești Nord' (P+4 masonry blocks 1963-64) per the report's other units.", "dupacutremur_building_uid": "", "osm_footprint_ref": "way/80653138", "wikidata": "", "confidence": "low", "notes": "Estate-block rule: label match inside the named district. Searches: nom 'Bl. 14/16 Ploiești Nord', osm-near (blocks 7-18 in sequence, levels untagged), web x2 (no confirmation of P+4/1963-64 or of the evacuation). Single family (OSM); height and date unverified; other numbering sequences may exist in the Nord district.", "open_question": "Verify P+4 and 1963-64 for Aleea Scorușului blocks 14/16 (Ploiești block lists).", "review_note": "", "sources": "[{\"source\": \"osm\", \"ref\": \"way/80653138\", \"lat\": 44.956376, \"lon\": 26.004096, \"precision\": \"building\", \"evidence\": \"OSM 'bl. 14' in the Nord district, Aleea Scorușului; blocks 14 and 16 are neighbours (the text names them together).\", \"retrieved\": \"2026-10-05\", \"by\": \"agent\", \"d_m\": 0}]", "checked_by": "agent (sonnet) + auto (s21)", "flags": "", "name": "blocul 14", "type": "bc_bloc", "class": "structure", "locality": "Ploiești", "address_1977": "", "period": "", "height": "", "system": "ss_zidarie", "iv_classes": "", "iv_techniques": "", "iv_only_proposed": "", "outcome_unit": "v1_p0213_01"}}, {"type": "Feature", "id": "v1_b_X019_b_bloc16_ploiesti", "geometry": {"type": "Point", "coordinates": [26.003476, 44.957095]}, "properties": {"building_id": "v1_b_X019_b_bloc16_ploiesti", "batch_id": "P3_02", "locatable": "point", "precision": "building", "status": "single", "n_sources": "1", "n_agree": "1", "agreement_m": "", "outcome_1977": "severe", "outcome_quote": "avarii grave, fără prăbușire; evacuat în vederea consolidării", "status_today": "standing", "status_source": "OSM way/80653685", "modern_address": "Bl. 16, Aleea Scorușului, cartierul Nord, Ploiești", "historic_address_note": "Block label only; district 'Ploiești Nord' (P+4 masonry blocks 1963-64) per the report's other units.", "dupacutremur_building_uid": "", "osm_footprint_ref": "way/80653685", "wikidata": "", "confidence": "low", "notes": "Estate-block rule: label match inside the named district. Searches: nom 'Bl. 14/16 Ploiești Nord', osm-near (blocks 7-18 in sequence, levels untagged), web x2 (no confirmation of P+4/1963-64 or of the evacuation). Single family (OSM); height and date unverified; other numbering sequences may exist in the Nord district.", "open_question": "Verify P+4 and 1963-64 for Aleea Scorușului blocks 14/16 (Ploiești block lists).", "review_note": "", "sources": "[{\"source\": \"osm\", \"ref\": \"way/80653685\", \"lat\": 44.957095, \"lon\": 26.003476, \"precision\": \"building\", \"evidence\": \"OSM 'bl. 16' in the Nord district, Aleea Scorușului; blocks 14 and 16 are neighbours (the text names them together).\", \"retrieved\": \"2026-10-05\", \"by\": \"agent\", \"d_m\": 0}, {\"source\": \"nominatim\", \"ref\": \"way/98984307\", \"lat\": 44.9529836, \"lon\": 26.0082125, \"precision\": \"building\", \"evidence\": \"Nominatim: bl. A18, 16, Strada Cibinului, Ploiești, Andrei Mureșanu, Ploiești, Prahova, 100377, România\", \"retrieved\": \"2026-10-05\", \"by\": \"auto\", \"d_m\": 590}]", "checked_by": "agent (sonnet) + auto (s21)", "flags": "", "name": "blocul 16", "type": "bc_bloc", "class": "structure", "locality": "Ploiești", "address_1977": "", "period": "", "height": "", "system": "ss_zidarie", "iv_classes": "", "iv_techniques": "", "iv_only_proposed": "", "outcome_unit": "v1_p0213_01"}}, {"type": "Feature", "id": "v1_b_X019_b_laboratoare_ipg_ploiesti", "geometry": {"type": "Point", "coordinates": [26.038209, 44.914269]}, "properties": {"building_id": "v1_b_X019_b_laboratoare_ipg_ploiesti", "batch_id": "P2_06", "locatable": "area", "precision": "site", "status": "area", "n_sources": "2", "n_agree": "2", "agreement_m": "95", "outcome_1977": "moderate", "outcome_quote": "articulații plastice în rosturile dintre rigle și nodurile monolite; fâșii de b.c.a. ieșite din planul pereților, unele rupte", "status_today": "unknown", "status_source": "", "modern_address": "Universitatea de Petrol și Gaze, Bd. București 39, Ploiești (campus)", "historic_address_note": "Institutul de Petrol și Gaze = today's UPG.", "dupacutremur_building_uid": "", "osm_footprint_ref": "relation/13493771 (campus)", "wikidata": "Q296709", "confidence": "low", "notes": "pass2: campus position confirmed by a second family (Wikidata, about 85 m from OSM). The P+4 laboratory building (mixed frames, 1977 damage) remains unidentified; OSM names campus corps A to I but not their heights or uses in a way that identifies a laboratory block, and the institute's 1977 campus is assumed to be today's.", "open_question": "Identify the laboratory block (UPG history or building registry with floors).", "review_note": "", "sources": "[{\"source\": \"osm\", \"ref\": \"relation/13493771\", \"lat\": 44.9142687, \"lon\": 26.0382089, \"precision\": \"site\", \"evidence\": \"OSM amenity UPG, Bd. București 39.\", \"retrieved\": \"2026-10-05\", \"by\": \"agent\", \"d_m\": 0}, {\"source\": \"wikidata\", \"ref\": \"Q296709\", \"lat\": 44.9143, \"lon\": 26.037, \"precision\": \"site\", \"evidence\": \"Wikidata item Universitatea Petrol-Gaze din Ploiești coordinates (rounded), about 85 m from the OSM relation point\", \"retrieved\": \"2026-10-05\", \"by\": \"agent+auto\", \"d_m\": 95}]", "checked_by": "agent (sonnet) + auto (s21)", "flags": "", "name": "clădirea laboratoarelor Institutului de Petrol și Gaze", "type": "bc_scoala", "class": "structure", "locality": "Ploiești", "address_1977": "", "period": "", "height": "P+4", "system": "ss_mixt", "iv_classes": "", "iv_techniques": "", "iv_only_proposed": "", "outcome_unit": "v1_p0214_07"}}, {"type": "Feature", "id": "v1_b_X024_b_cta_ploiesti_centru", "geometry": {"type": "Point", "coordinates": [26.024334, 44.942421]}, "properties": {"building_id": "v1_b_X024_b_cta_ploiesti_centru", "batch_id": "P3_06", "locatable": "point", "precision": "building", "status": "single", "n_sources": "1", "n_agree": "1", "agreement_m": "", "outcome_1977": "light", "outcome_quote": "avarii la bateriile de acumulatoare instalate la etaje", "status_today": "standing", "status_source": "https://www.openstreetmap.org/way/112470521", "modern_address": "Palatul Telefoanelor, Str. Unirii / Str. Romană, Ploiești (Prahova)", "historic_address_note": "Palatul Telefoanelor (1932) is the central telephone palace; identity with 'C.T.A. centru' is a hypothesis.", "dupacutremur_building_uid": "", "osm_footprint_ref": "way/112470521", "wikidata": "", "confidence": "low", "notes": "Pass 3: photon 'Palatul Telefoanelor Ploiești' gave the OSM polygon; photon 'Centrala telefonică Ploiești' gave only a Centrala Telefonica on Str. Cosminele (west, not central). Identity of the CTA centru with the Palace is unproven.", "open_question": "Confirm the central automatic exchange of Ploiești in 1977 was the Palatul Telefoanelor.", "review_note": "", "sources": "[{\"source\": \"osm\", \"ref\": \"way/112470521\", \"lat\": 44.942421, \"lon\": 26.024334, \"precision\": \"building\", \"evidence\": \"OSM 'Palatul Telefoanelor', historic building 1932, 3 levels, Ploiești centre\", \"retrieved\": \"2026-10-05\", \"by\": \"agent\", \"d_m\": 0}, {\"source\": \"web\", \"ref\": \"http://republicaploiesti.net/2011/01/palatul-telefoanelor.html\", \"lat\": null, \"lon\": null, \"precision\": \"street\", \"evidence\": \"Palatul Telefoanelor at Str. Unirii x Max Schapira (carried from pass 2); does not say it is the CTA of the report\", \"retrieved\": \"2026-10-05\", \"by\": \"agent\"}]", "checked_by": "agent (sonnet) + auto (s21)", "flags": "", "name": "C.T.A. Ploiești centru", "type": "bc_transport", "class": "structure", "locality": "Ploiești", "address_1977": "", "period": "", "height": "", "system": "", "iv_classes": "", "iv_techniques": "", "iv_only_proposed": "", "outcome_unit": "v1_p0270_01"}}, {"type": "Feature", "id": "v1_b_X020_b_mecanica_plopeni", "geometry": {"type": "Point", "coordinates": [25.960411, 45.048209]}, "properties": {"building_id": "v1_b_X020_b_mecanica_plopeni", "batch_id": "P3_03", "locatable": "point", "precision": "site", "status": "single", "n_sources": "1", "n_agree": "1", "agreement_m": "", "outcome_1977": "moderate", "outcome_quote": "flambarea și deformarea unor bare", "status_today": "standing", "status_source": "OSM way/88173894", "modern_address": "Uzina Mecanică Plopeni, Plopeni, Prahova", "historic_address_note": "No address in the 1977 text; see notes", "dupacutremur_building_uid": "", "osm_footprint_ref": "way/88173894 (industrial site, still the plant)", "wikidata": "Q12742914", "confidence": "medium", "notes": "Site located: OSM landuse industrial polygon 'Uzina Mecanică Plopeni' (way/88173894) via Nominatim; ro.wikipedia identifies the plant (ex Întreprinderea Mecanică Plopeni, 1937) in Plopeni; surrounding OSM industrial buildings (way/297024910 etc.) are inside the complex. Individual production hall (metal hall, ground floor) not identifiable. Pass-1 locality point replaced.", "open_question": "Hall within the complex not identifiable without drawings.", "review_note": "", "sources": "[{\"source\": \"osm\", \"ref\": \"way/88173894\", \"lat\": 45.0482089, \"lon\": 25.9604108, \"precision\": \"site\", \"evidence\": \"OSM industrial polygon named Uzina Mecanică Plopeni\", \"retrieved\": \"2026-10-05\", \"by\": \"agent\", \"d_m\": 0}, {\"source\": \"wikidata\", \"ref\": \"Q12742914\", \"lat\": null, \"lon\": null, \"precision\": \"locality\", \"evidence\": \"Wikidata item Uzina Mecanică Plopeni (no coordinates)\", \"retrieved\": \"2026-10-05\", \"by\": \"agent\"}, {\"source\": \"web\", \"ref\": \"https://ro.wikipedia.org/wiki/Uzina_Mecanic%C4%83_Plopeni\", \"lat\": null, \"lon\": null, \"precision\": \"locality\", \"evidence\": \"Plant history in Plopeni; no coordinates\", \"retrieved\": \"2026-10-05\", \"by\": \"agent\"}]", "checked_by": "agent (sonnet) + auto (s21)", "flags": "footprint_far:206m", "name": "Întreprinderea mecanică Plopeni", "type": "bc_hala", "class": "structure", "locality": "Plopeni", "address_1977": "", "period": "", "height": "parter", "system": "", "iv_classes": "local", "iv_techniques": "ms_camasuire", "iv_only_proposed": "0", "outcome_unit": "v1_p0231_01"}}, {"type": "Feature", "id": "v1_b_X008_b_spital_unificat_roman", "geometry": {"type": "Point", "coordinates": [26.92785, 46.91915]}, "properties": {"building_id": "v1_b_X008_b_spital_unificat_roman", "batch_id": "P2_06", "locatable": "point", "precision": "address", "status": "conflict", "n_sources": "2", "n_agree": "1", "agreement_m": "", "outcome_1977": "moderate", "outcome_quote": "a suferit avarii la elemente de rezistență", "status_today": "standing", "status_source": "web: monumenteneamt.ro", "modern_address": "Spitalul Unificat (fostă Bolniță), Str. Speranței 11, Roman, Neamț", "historic_address_note": "LMI NT-II-m-B-10676.01 Spitalul Unificat, fostă Bolniță is the old hospital at Str. Speranței 11 by Precista Mare. Local press says the old building served as Roman's main hospital until 1977, when a new hospital was built (today's Spitalul Municipal de Urgență, Str. Tineretului 28-30); both operated until 2000. Which one was the spital unificat hit in March 1977 is therefore not settled.", "dupacutremur_building_uid": "", "osm_footprint_ref": "", "wikidata": "", "confidence": "low", "notes": "pass2: now a recorded conflict between two candidate hospitals. The name Spitalul Unificat is attached by the LMI list to the old Speranței complex (name match), which is the point kept; but local press says the main hospital moved to a new building in 1977 (the Tineretului hospital, 46.9278 N 26.9310 E, about 1.1 km NNE). The report's avarii la elemente de rezistență could refer to either. Only the name match favours the old complex.", "open_question": "Establish which building was called Spitalul unificat Roman in March 1977 (hospital history; opening date of the Tineretului hospital).", "review_note": "Reviewed: kept the LMI 'Spitalul Unificat' complex (Str. Speranței 11) at low confidence; the new hospital on Str. Tineretului (~1.1 km) opened around 1977 per local press — the text does not say which building; stays 'conflict' until a 1977 source decides.", "sources": "[{\"source\": \"lmi\", \"ref\": \"NT-II-m-B-10676.01 via https://monumenteneamt.ro/spitalul-unificat-fosta-bolnita-ansamblul-spitalului-unificat\", \"lat\": 46.91915, \"lon\": 26.92785, \"precision\": \"building\", \"evidence\": \"Heritage record Spitalul Unificat, Str. Speranței 11; coordinates from that page\", \"retrieved\": \"2026-10-05\", \"by\": \"agent\", \"d_m\": 0}, {\"source\": \"osm\", \"ref\": \"reverse geocode of the LMI point\", \"lat\": 46.91915, \"lon\": 26.92785, \"precision\": \"locality\", \"evidence\": \"Reverse geocode at that point gives Biserica Precista Mare, consistent with the LMI description 'near Precista Mare'; not an independent coordinate\", \"retrieved\": \"2026-10-05\", \"by\": \"agent\", \"d_m\": 0}, {\"source\": \"osm\", \"ref\": \"way/839775573\", \"lat\": 46.9278224, \"lon\": 26.9310721, \"precision\": \"building\", \"evidence\": \"Alternative: today's Spitalul Municipal de Urgență Roman, Str. Tineretului (OSM); the new hospital built in 1977 per local press, possibly the building with structural damage\", \"retrieved\": \"2026-10-05\", \"by\": \"agent\", \"d_m\": 995}, {\"source\": \"web\", \"ref\": \"https://mesagerulneamt.ro/2026/03/inedit-cutremurul-din-77-in-neamt/\", \"lat\": null, \"lon\": null, \"precision\": \"locality\", \"evidence\": \"Local retrospective: the earthquake fissured the ceiling of the Roman hospital (the only visible damage in Neamț); it does not say which building\", \"retrieved\": \"2026-10-05\", \"by\": \"agent\"}, {\"source\": \"web\", \"ref\": \"https://mesagerulneamt.ro/2015/03/spitalul-vechi-din-roman-traieste-doar-prin-copacii-din-ziduri-galerie-foto/\", \"lat\": null, \"lon\": null, \"precision\": \"locality\", \"evidence\": \"Local press: old Precista Mare hospital was the main hospital until 1977 when a new one was built; both worked until 2000\", \"retrieved\": \"2026-10-05\", \"by\": \"agent\"}]", "checked_by": "agent (sonnet) + auto (s21); claude-opus-5.5", "flags": "reviewed", "name": "spitalul unificat (Roman)", "type": "bc_spital", "class": "structure", "locality": "Roman", "address_1977": "", "period": "", "height": "", "system": "", "iv_classes": "", "iv_techniques": "", "iv_only_proposed": "", "outcome_unit": "v1_p0098_01"}}, {"type": "Feature", "id": "v1_b_X020_b_material_rulant_rosiori", "geometry": {"type": "Point", "coordinates": [24.985434, 44.071455]}, "properties": {"building_id": "v1_b_X020_b_material_rulant_rosiori", "batch_id": "P3_03", "locatable": "point", "precision": "site", "status": "single", "n_sources": "1", "n_agree": "1", "agreement_m": "", "outcome_1977": "severe", "outcome_quote": "s-au rupt casant", "status_today": "unknown", "status_source": "OSM", "modern_address": "Fosta Fabrică de Vagoane / Uzina de Vagoane, Roșiorii de Vede, Teleorman", "historic_address_note": "No address in the 1977 text; see notes", "dupacutremur_building_uid": "", "osm_footprint_ref": "way/87260521", "wikidata": "", "confidence": "low", "notes": "Probable site: OSM industrial polygon 'Fabrica de Vagoane' (way/87260521) and streets 'Uzina de Vagoane' in Roșiorii de Vede; 'material rulant' = rolling stock, and no other rolling-stock works is known in the town. Identity by name inference; both OSM items are one family. Text: clădire etajată nouă. Searches: nom (Matricon, material rulant, vagoane), web (no hits). Pass-1 city centre replaced.", "open_question": "Second source that the vagoane works = Întreprinderea mecanică de material rulant.", "review_note": "", "sources": "[{\"source\": \"osm\", \"ref\": \"way/87260521\", \"lat\": 44.0714552, \"lon\": 24.9854341, \"precision\": \"site\", \"evidence\": \"OSM industrial 'Fabrica de Vagoane', Roșiorii de Vede\", \"retrieved\": \"2026-10-05\", \"by\": \"agent\", \"d_m\": 0}, {\"source\": \"osm\", \"ref\": \"way/256494538\", \"lat\": 44.0896015, \"lon\": 24.98578, \"precision\": \"street\", \"evidence\": \"Street 'Uzina de Vagoane' (same OSM family)\", \"retrieved\": \"2026-10-05\", \"by\": \"agent\", \"d_m\": 2018}]", "checked_by": "agent (sonnet) + auto (s21)", "flags": "footprint_far:171m", "name": "Întreprinderea mecanică de material rulant Roșiorii de Vede", "type": "bc_hala | bc_industrial", "class": "structure", "locality": "Roșiorii de Vede", "address_1977": "", "period": "", "height": "", "system": "", "iv_classes": "", "iv_techniques": "", "iv_only_proposed": "", "outcome_unit": "v1_p0233_01"}}, {"type": "Feature", "id": "v1_b_X023_b_baraj_beldwin_hills", "geometry": {"type": "Point", "coordinates": [-118.3636, 34.0082]}, "properties": {"building_id": "v1_b_X023_b_baraj_beldwin_hills", "batch_id": "P2_06", "locatable": "point", "precision": "site", "status": "probable", "n_sources": "2", "n_agree": "1", "agreement_m": "", "outcome_1977": "unknown", "outcome_quote": "", "status_today": "replaced", "status_source": "https://en.wikipedia.org/wiki/Baldwin_Hills_Dam_disaster", "modern_address": "Baldwin Hills Reservoir (former), now Kenneth Hahn State Recreation Area, Los Angeles, California, USA", "historic_address_note": "Report spells 'Beldwin Hills'; same dam (earth dam 1951, failed 14 Dec 1963)", "dupacutremur_building_uid": "", "osm_footprint_ref": "", "wikidata": "Q804852", "confidence": "medium", "notes": "pass2: still essentially one location family (Wikipedia dam-disaster article, mirrored by Wikidata); the Kenneth Hahn SRA coordinates come from a different article and agree within about 100 m, and OSM shows the park trails at the point, so the site is firmly inside the former reservoir area. The dam stood across the ravine at the north slope of the Baldwin Hills; the 80 m height in the report differs from the 155 ft (47 m) in sources. The 1963 failure is not the 1977 earthquake; outcome_1977 unknown.", "open_question": "Exact dam crest versus reservoir centre, only if a precise point is needed.", "review_note": "", "sources": "[{\"source\": \"wikipedia\", \"ref\": \"https://en.wikipedia.org/wiki/Baldwin_Hills_Dam_disaster\", \"lat\": 34.0082, \"lon\": -118.3636, \"precision\": \"site\", \"evidence\": \"Dam disaster article gives 34.0082 N, 118.3636 W; reservoir now part of Kenneth Hahn SRA\", \"retrieved\": \"2026-10-05\", \"by\": \"agent\", \"d_m\": 0}, {\"source\": \"osm\", \"ref\": \"reverse 34.0082,-118.3636\", \"lat\": 34.0082, \"lon\": -118.3636, \"precision\": \"area\", \"evidence\": \"Reverse geocode gives KH Disc Golf Course / Bowl Loop Trail in Baldwin Hills = Kenneth Hahn park, consistent but same point\", \"retrieved\": \"2026-10-05\", \"by\": \"agent\", \"d_m\": 0}, {\"source\": \"wikidata\", \"ref\": \"Q804852\", \"lat\": 34.0082, \"lon\": -118.364, \"precision\": \"site\", \"evidence\": \"Wikidata item Baldwin Hills Reservoir; same coordinates as the Wikipedia article (not independent of it)\", \"retrieved\": \"2026-10-05\", \"by\": \"agent+auto\", \"d_m\": 37}, {\"source\": \"wikipedia\", \"ref\": \"https://en.wikipedia.org/wiki/Kenneth_Hahn_State_Recreation_Area\", \"lat\": 34.00861, \"lon\": -118.36528, \"precision\": \"area\", \"evidence\": \"Park article gives 34 00 31 N 118 21 55 W for the recreation area that now covers the former reservoir; about 100 m from the dam-disaster coordinates\", \"retrieved\": \"2026-10-05\", \"by\": \"agent\", \"d_m\": 161}]", "checked_by": "agent (sonnet) + auto (s21)", "flags": "", "name": "barajul de pămînt Beldwin Hills din SUA", "type": "bc_baraj", "class": "structure", "locality": "SUA", "address_1977": "", "period": "", "height": "", "system": "", "iv_classes": "", "iv_techniques": "", "iv_only_proposed": "", "outcome_unit": ""}}, {"type": "Feature", "id": "v1_b_X023_b_baraj_sheffield", "geometry": {"type": "Point", "coordinates": [-119.693255, 34.44461]}, "properties": {"building_id": "v1_b_X023_b_baraj_sheffield", "batch_id": "P2_06", "locatable": "point", "precision": "site", "status": "probable", "n_sources": "2", "n_agree": "1", "agreement_m": "", "outcome_1977": "unknown", "outcome_quote": "", "status_today": "replaced", "status_source": "https://songsofthewilderness.com/2013/06/29/trail-quest-sheffield-reservoir-open-space/", "modern_address": "Former Sheffield Reservoir / Dam, now Sheffield Open Space, Mission Ridge Road, Santa Barbara, California, USA", "historic_address_note": "Failed in the 1925 Santa Barbara earthquake", "dupacutremur_building_uid": "", "osm_footprint_ref": "way/23144209 (Sheffield Reservoir in OSM; dam line at its south side)", "wikidata": "", "confidence": "medium", "notes": "pass2: independent confirmation found: OSM maps the Sheffield Reservoir polygon and Sheffield Open Space about 125 m from the UCLA/LA Times archive coordinates; Mission Ridge Road runs along the old dam line. The top-level point stays the archive-record point (nearest to the dam line, at the downstream side of the reservoir); the OSM centre is the reservoir centre. Report data (1908, 17 m) differ from sources (1917, 25 ft x 720 ft, in Sycamore Canyon north of Santa Barbara), same dam. outcome_1977 unknown (failure was in the 1925 earthquake).", "open_question": "Optionally place the dam line precisely on imagery.", "review_note": "", "sources": "[{\"source\": \"web\", \"ref\": \"https://dl.library.ucla.edu/islandora/object/edu.ucla.library.specialCollections.latimes:7733\", \"lat\": 34.44461, \"lon\": -119.693255, \"precision\": \"area\", \"evidence\": \"UCLA/LA Times photo record 'Failed Sheffield Dam' with Santa Barbara coordinates (probably approximate)\", \"retrieved\": \"2026-10-05\", \"by\": \"agent\", \"d_m\": 0}, {\"source\": \"web\", \"ref\": \"https://songsofthewilderness.com/2013/06/29/trail-quest-sheffield-reservoir-open-space/\", \"lat\": null, \"lon\": null, \"precision\": \"area\", \"evidence\": \"Reservoir open space at Mountain Dr / Mission Ridge Rd; boulders mark the old dam line; reverse geocode of the candidate point gives Mission Ridge Road, consistent\", \"retrieved\": \"2026-10-05\", \"by\": \"agent\"}, {\"source\": \"osm\", \"ref\": \"way/23144209\", \"lat\": 34.445342, \"lon\": -119.692222, \"precision\": \"site\", \"evidence\": \"OSM polygon Sheffield Reservoir, centre about 125 m NE of the chosen dam point\", \"retrieved\": \"2026-10-05\", \"by\": \"agent\", \"d_m\": 125}, {\"source\": \"osm\", \"ref\": \"way/918967501\", \"lat\": 34.4454499, \"lon\": -119.6922663, \"precision\": \"area\", \"evidence\": \"OSM park Sheffield Open Space (Nominatim), same location as the reservoir polygon\", \"retrieved\": \"2026-10-05\", \"by\": \"agent\", \"d_m\": 130}]", "checked_by": "agent (sonnet) + auto (s21)", "flags": "footprint_far:125m", "name": "barajul Sheffield din SUA", "type": "bc_baraj", "class": "structure", "locality": "SUA", "address_1977": "", "period": "", "height": "", "system": "", "iv_classes": "", "iv_techniques": "", "iv_only_proposed": "", "outcome_unit": ""}}, {"type": "Feature", "id": "v1_b_X020_b_aluminiu_slatina", "geometry": {"type": "Point", "coordinates": [24.389349, 44.445838]}, "properties": {"building_id": "v1_b_X020_b_aluminiu_slatina", "batch_id": "P2_06", "locatable": "point", "precision": "site", "status": "single", "n_sources": "1", "n_agree": "1", "agreement_m": "", "outcome_1977": "moderate", "outcome_quote": "avarii la îmbinări, rezemări și stâlpi", "status_today": "standing", "status_source": "OSM way/413094973", "modern_address": "ALRO S.A. aluminium plant, Str. Pitești 116, Slatina, Olt", "historic_address_note": "Plant built from 1963, production from 1966 (ro.wikipedia)", "dupacutremur_building_uid": "", "osm_footprint_ref": "way/413094973", "wikidata": "Q4735732", "confidence": "medium", "notes": "pass2: the OSM polygon way/413094973 is tagged industrial=aluminium_smelting, man_made=works, name ALRO (the main plant), and the company's own address (Str. Pitești 116) agrees with the street. Wikidata Q4735732 has no coordinates. The two OSM objects are 3.4 km apart; the plant is large and the halls with damaged precast frames are not identified, so the point is the main works polygon.", "open_question": "Which halls were damaged (the report only lists the plant among single-storey precast halls).", "review_note": "", "sources": "[{\"source\": \"osm\", \"ref\": \"way/413094973\", \"lat\": 44.4458383, \"lon\": 24.3893485, \"precision\": \"site\", \"evidence\": \"OSM man_made object 'ALRO' on Str. Pitești, Slatina\", \"retrieved\": \"2026-10-05\", \"by\": \"agent\", \"d_m\": 0}, {\"source\": \"osm\", \"ref\": \"way/1185296209\", \"lat\": 44.413599, \"lon\": 24.388254, \"precision\": \"site\", \"evidence\": \"Second OSM object 'ALRO Vimetco' (more southerly part of the complex); not independent of OSM\", \"retrieved\": \"2026-10-05\", \"by\": \"agent\", \"d_m\": 3586}, {\"source\": \"wikipedia\", \"ref\": \"https://ro.wikipedia.org/wiki/Alro_Slatina\", \"lat\": null, \"lon\": null, \"precision\": \"locality\", \"evidence\": \"Confirms the plant is in Slatina, built 1963-66; no coordinates\", \"retrieved\": \"2026-10-05\", \"by\": \"agent\"}, {\"source\": \"web\", \"ref\": \"https://www.alro.ro/contact\", \"lat\": null, \"lon\": null, \"precision\": \"address\", \"evidence\": \"ALRO registered office and plant: Strada Pitești 116, Slatina (also in business registers)\", \"retrieved\": \"2026-10-05\", \"by\": \"agent\"}]", "checked_by": "agent (sonnet) + auto (s21)", "flags": "", "name": "Întreprinderea de aluminiu Slatina", "type": "bc_hala", "class": "structure", "locality": "Slatina", "address_1977": "", "period": "", "height": "", "system": "", "iv_classes": "", "iv_techniques": "", "iv_only_proposed": "", "outcome_unit": "v1_p0225_01"}}, {"type": "Feature", "id": "v1_b_X024_b_pod_cf_olt_slatioara", "geometry": {"type": "Point", "coordinates": [24.349374, 44.386054]}, "properties": {"building_id": "v1_b_X024_b_pod_cf_olt_slatioara", "batch_id": "P3_06", "locatable": "point", "precision": "building", "status": "single", "n_sources": "1", "n_agree": "1", "agreement_m": "", "outcome_1977": "light", "outcome_quote": "ușoare deplasări și rotiri ale aparatelor de reazem", "status_today": "standing", "status_source": "https://www.openstreetmap.org/way/31343756", "modern_address": "Podul CFR peste Olt, linia 101 Pitești-Craiova, la Slătioara (Olt)", "historic_address_note": "Bridge at km 197+557 between Slatina and Piatra Olt (372 m); Slătioara station km 198.9 (web, from pass 2).", "dupacutremur_building_uid": "", "osm_footprint_ref": "way/31343756 (railway bridge, line 101, CFR)", "wikidata": "", "confidence": "medium", "notes": "Pass 3: scanned the OSM API map for railway bridges in bbox 44.38-44.44N, 24.30-24.36E: exactly one bridge way (line 101, CFR) crosses the Olt, length ~380 m vs 372 m in the press. The Wikidata Q16427161 / Slătioara village-centre points of pass 2 are only the commune and were dropped. Overpass was down; bbox read through api.openstreetmap.org.", "open_question": "Confirm km 197+557 against a CFR bridge register; the length match is the only link between the press item and the OSM way.", "review_note": "", "sources": "[{\"source\": \"osm\", \"ref\": \"way/31343756\", \"lat\": 44.3860536, \"lon\": 24.349374, \"precision\": \"building\", \"evidence\": \"OSM railway bridge on line 101 (CFR) over the Olt, ~4 km ESE of Slătioara village; length from nodes ~380 m, close to the 372 m reported in the press\", \"retrieved\": \"2026-10-05\", \"by\": \"agent\", \"d_m\": 0}, {\"source\": \"web\", \"ref\": \"gazetanoua.ro (as recorded in pass 2; no URL kept)\", \"lat\": null, \"lon\": null, \"precision\": \"site\", \"evidence\": \"Press: rail bridge at km 197+557, 372 m, rehabilitated with EU funds; no coordinates\", \"retrieved\": \"2026-10-05\", \"by\": \"agent\"}]", "checked_by": "agent (sonnet) + auto (s21)", "flags": "footprint_ref_is_a_line", "name": "podul peste Olt la Slătioara, pe linia Pitești-Craiova", "type": "bc_pod", "class": "structure", "locality": "Slătioara", "address_1977": "la Slătioara, pe linia Pitești-Craiova", "period": "", "height": "", "system": "", "iv_classes": "", "iv_techniques": "", "iv_only_proposed": "", "outcome_unit": "v1_p0265_05"}}, {"type": "Feature", "id": "v1_b_X008_b_combinat_petrochimic_teleajen", "geometry": {"type": "Point", "coordinates": [26.073239, 44.944011]}, "properties": {"building_id": "v1_b_X008_b_combinat_petrochimic_teleajen", "batch_id": "P2_06", "locatable": "point", "precision": "site", "status": "probable", "n_sources": "2", "n_agree": "1", "agreement_m": "", "outcome_1977": "severe", "outcome_quote": "printre unitățile cu cele mai multe și mai grave avarii", "status_today": "standing", "status_source": "OSM way/921896532", "modern_address": "Petrotel-Lukoil refinery (ex Combinatul Petrochimic Teleajen), Str. Mihai Bravu, Teleajen quarter, Ploiești", "historic_address_note": "Combinatul Petrochimic Teleajen 1974-1990, renamed Petrotel after 1989, bought by Lukoil 1998 (web)", "dupacutremur_building_uid": "", "osm_footprint_ref": "way/921896532", "wikidata": "Q7179121", "confidence": "medium", "notes": "pass2: second family found: Wikipedia coordinates for the Petrotel-Lukoil refinery (formerly Teleajen) fall about 650 m from the OSM polygon centre, in the same platform, and the identity chain (Combinatul petrochimic Teleajen = Petrotel) is confirmed by press and Wikipedia (renamed Teleajen in 1979). Point stays at the OSM polygon.", "open_question": "Check that the combinat's pyrolysis plant lay inside the Petrotel polygon.", "review_note": "", "sources": "[{\"source\": \"osm\", \"ref\": \"way/921896532\", \"lat\": 44.9440112, \"lon\": 26.073239, \"precision\": \"site\", \"evidence\": \"OSM industrial area 'Petrotel-Lukoil', Teleajen, Ploiești\", \"retrieved\": \"2026-10-05\", \"by\": \"agent\", \"d_m\": 0}, {\"source\": \"osm\", \"ref\": \"node/7862225101\", \"lat\": 44.942295, \"lon\": 26.0722914, \"precision\": \"site\", \"evidence\": \"OSM node 'Petrotel' on Str. Mihai Bravu, Teleajen (same data source)\", \"retrieved\": \"2026-10-05\", \"by\": \"agent\", \"d_m\": 205}, {\"source\": \"web\", \"ref\": \"https://ziarulprahova.ro/2013/12/trei-decenii-de-la-explozia-pirolizei-combinatului-petrochimic-teleajen/\", \"lat\": null, \"lon\": null, \"precision\": \"site\", \"evidence\": \"Source for the identity: the Teleajen petrochemical combinat is today's Petrotel-Lukoil; no coordinates\", \"retrieved\": \"2026-10-05\", \"by\": \"agent\"}, {\"source\": \"wikipedia\", \"ref\": \"https://en.wikipedia.org/wiki/Petrotel_Lukoil_Refinery\", \"lat\": 44.946389, \"lon\": 26.081389, \"precision\": \"site\", \"evidence\": \"Wikipedia infobox 44 56 47 N 26 4 53 E for Petrotel-Lukoil refinery (renamed Teleajen in 1979); about 650 m ENE of the OSM polygon centre, rounded to arc-seconds\", \"retrieved\": \"2026-10-05\", \"by\": \"agent\", \"d_m\": 694}]", "checked_by": "agent (sonnet) + auto (s21)", "flags": "footprint_far:375m", "name": "Combinatul petrochimic Teleajen", "type": "bc_industrial", "class": "structure", "locality": "Teleajen", "address_1977": "", "period": "", "height": "", "system": "", "iv_classes": "", "iv_techniques": "", "iv_only_proposed": "", "outcome_unit": "v1_p0101_03"}}, {"type": "Feature", "id": "v1_b_X021_b_castel_teleajen_200", "geometry": {"type": "Point", "coordinates": [26.078142, 44.947038]}, "properties": {"building_id": "v1_b_X021_b_castel_teleajen_200", "batch_id": "P2_06", "locatable": "area", "precision": "area", "status": "area", "n_sources": "1", "n_agree": "1", "agreement_m": "", "outcome_1977": "moderate", "outcome_quote": "fisuri orizontale pronunțate și pătrunse, zona ușii de acces", "status_today": "unknown", "status_source": "", "modern_address": "Teleajen industrial quarter, Ploiești (factory itself not located)", "historic_address_note": "Teleajen = Ploiești quarter (OSM suburb)", "dupacutremur_building_uid": "", "osm_footprint_ref": "", "wikidata": "", "confidence": "low", "notes": "pass2: no further evidence found. Searches (Romanian web, Nominatim, lists of Prahova factories closed after 1989) give no Fabrica de tâmplărie metalică in Teleajen; the point stays at the Teleajen suburb node. The Teleajen industrial platform lies around Str. Mihai Bravu (Petrotel, Uztel), so the factory is likely on that axis but this is unproven.", "open_question": "Locate the metal-joinery factory in Teleajen from an industrial directory of Ploiești or a PUZ.", "review_note": "", "sources": "[{\"source\": \"osm\", \"ref\": \"node/8932556549\", \"lat\": 44.9470384, \"lon\": 26.0781419, \"precision\": \"area\", \"evidence\": \"OSM suburb node Teleajen, Ploiești\", \"retrieved\": \"2026-10-05\", \"by\": \"agent\", \"d_m\": 0}, {\"source\": \"web\", \"ref\": \"https://ro.wikipedia.org/wiki/Ploie%C8%99ti\", \"lat\": null, \"lon\": null, \"precision\": \"area\", \"evidence\": \"Wikipedia ro lists Teleajen among Ploiești quarters; no coordinates\", \"retrieved\": \"2026-10-05\", \"by\": \"agent\"}]", "checked_by": "agent (sonnet) + auto (s21)", "flags": "", "name": "castelul de 200 m³ de la Fabrica de tîmplărie metalică din Teleajen", "type": "bc_industrial_special", "class": "structure", "locality": "Teleajen", "address_1977": "", "period": "", "height": "", "system": "", "iv_classes": "", "iv_techniques": "", "iv_only_proposed": "", "outcome_unit": "v1_p0240_01"}}, {"type": "Feature", "id": "v1_b_X008_b_combinat_ingrasaminte_valea_calugareasca", "geometry": {"type": "Point", "coordinates": [26.166925, 44.947163]}, "properties": {"building_id": "v1_b_X008_b_combinat_ingrasaminte_valea_calugareasca", "batch_id": "P2_07", "locatable": "point", "precision": "site", "status": "single", "n_sources": "1", "n_agree": "1", "agreement_m": "", "outcome_1977": "severe", "outcome_quote": "printre unitățile cu cele mai multe și mai grave avarii", "status_today": "demolished", "status_source": "web: amosnews.ro 2010 (dynamited), observatorulph.ro, adevarul.ro; OSM way/921119964 (industrial polygon, ruins/phosphogypsum heaps)", "modern_address": "Former Combinatul de îngrășăminte chimice (Romfosfochim), Valea Călugărească-Dârvari road, Prahova", "historic_address_note": "Plant since 1902, Uzina Petru Poni 1954, Combinat 1960, Romfosfochim after 1989, closed 1997 (web)", "dupacutremur_building_uid": "", "osm_footprint_ref": "way/921119964", "wikidata": "", "confidence": "high", "notes": "pass2: identity and site description confirmed by three independent web articles; coordinates still come only from OSM (single coordinate family; Nominatim centroid 44.94587,26.16696 is the same polygon). The site is a closed 40 ha plant with no other plausible candidate, so site precision is reliable; the exact position of the damaged halls within it is not known. Status: demolished in part (blown up 2010), phosphogypsum/pyrite heaps and ruins remain.", "open_question": "Hall positions inside the 40 ha site not identified.", "review_note": "", "sources": "[{\"source\": \"osm\", \"ref\": \"way/921119964\", \"lat\": 44.947163, \"lon\": 26.166925, \"precision\": \"site\", \"evidence\": \"OSM industrial polygon 'Romfosfochim Valea Călugărească' (footprint centre)\", \"retrieved\": \"2026-10-05\", \"by\": \"agent\", \"d_m\": 0}, {\"source\": \"web\", \"ref\": \"https://adevarul.ro/stiri-locale/ploiesti/istoria-romfosfochim-de-la-valea-calugareasca-867018.html\", \"lat\": null, \"lon\": null, \"precision\": \"site\", \"evidence\": \"Article says the plant lay at the village exit on the field between Valea Călugărească and Dârvari, 40 ha; reverse geocode of the OSM point gives DJ101F Dârvari, consistent (article has no coordinates)\", \"retrieved\": \"2026-10-05\", \"by\": \"agent\"}, {\"source\": \"osm\", \"ref\": \"way/921125313\", \"lat\": 44.943766, \"lon\": 26.164188, \"precision\": \"site\", \"evidence\": \"Adjacent OSM 'Deșeuri chimice' area of the same plant (same dataset)\", \"retrieved\": \"2026-10-05\", \"by\": \"agent\", \"d_m\": 435}, {\"source\": \"web\", \"ref\": \"https://www.observatorulph.ro/exclusiv/79092-istoria-fabricilor-care-au-devenit-ruine-blestemul-de-la-romfosfochim\", \"lat\": null, \"lon\": null, \"precision\": \"site\", \"evidence\": \"Combinat history (Uzina Petru Poni 1954, combinat 1960, closed 1997); ruins of the platform at Valea Călugărească\", \"retrieved\": \"2026-10-05\", \"by\": \"agent\"}, {\"source\": \"web\", \"ref\": \"https://www.amosnews.ro/arhiva/fostul-combinat-chimic-din-valea-calugareasca-fost-dinamitat-21-10-2010\", \"lat\": null, \"lon\": null, \"precision\": \"site\", \"evidence\": \"2010 news: the former chemical combine at Valea Călugărească was blown up (demolition)\", \"retrieved\": \"2026-10-05\", \"by\": \"agent\"}]", "checked_by": "agent (sonnet) + auto (s21)", "flags": "", "name": "Combinatul de îngrășăminte Valea Călugărească", "type": "bc_industrial | bc_hala", "class": "structure", "locality": "Valea Călugărească", "address_1977": "", "period": "", "height": "", "system": "", "iv_classes": "", "iv_techniques": "", "iv_only_proposed": "", "outcome_unit": "v1_p0101_03"}}, {"type": "Feature", "id": "v1_b_X009_b_baraj_paltinu", "geometry": {"type": "Point", "coordinates": [25.73683, 45.24571]}, "properties": {"building_id": "v1_b_X009_b_baraj_paltinu", "batch_id": "G11", "locatable": "point", "precision": "site", "status": "verified", "n_sources": "2", "n_agree": "2", "agreement_m": "77", "outcome_1977": "none", "outcome_quote": "comportare foarte bună, fără avarie sau anomalie", "status_today": "standing", "status_source": "OSM way/182969586; Wikipedia", "modern_address": "Barajul Paltinu, Doftana valley, Brebu/Valea Doftanei, Prahova", "historic_address_note": "Arch dam 108 m, built 1968-71", "dupacutremur_building_uid": "", "osm_footprint_ref": "way/182969586", "wikidata": "Q12721521", "confidence": "high", "notes": "OSM and Wikipedia/Wikidata agree within about 70 m (Wikidata and Wikipedia are linked, so counted as one origin). Used the Wikipedia value.", "open_question": "None.", "review_note": "", "sources": "[{\"source\": \"wikidata\", \"ref\": \"Q12721521\", \"lat\": 45.24571, \"lon\": 25.73683, \"precision\": \"site\", \"evidence\": \"Paltinu Dam item\", \"retrieved\": \"2026-10-05\", \"by\": \"agent+auto\", \"d_m\": 0}, {\"source\": \"osm\", \"ref\": \"way/182969586\", \"lat\": 45.245143, \"lon\": 25.7374029, \"precision\": \"site\", \"evidence\": \"OSM dam way 'Barajul Paltinu'\", \"retrieved\": \"2026-10-05\", \"by\": \"agent\", \"d_m\": 77}, {\"source\": \"wikipedia\", \"ref\": \"https://ro.wikipedia.org/wiki/Barajul_Paltinu\", \"lat\": 45.24571, \"lon\": 25.73683, \"precision\": \"site\", \"evidence\": \"Article coordinates 45°14′45″N 25°44′13″E\", \"retrieved\": \"2026-10-05\", \"by\": \"agent\", \"d_m\": 0}]", "checked_by": "agent (sonnet) + auto (s21)", "flags": "", "name": "barajul Paltinu", "type": "bc_baraj", "class": "structure", "locality": "", "address_1977": "", "period": "", "height": "", "system": "", "iv_classes": "", "iv_techniques": "", "iv_only_proposed": "", "outcome_unit": "v1_p0103_05"}}, {"type": "Feature", "id": "v1_b_X009_b_baraj_poiana_uzului", "geometry": {"type": "Point", "coordinates": [26.3926, 46.335719]}, "properties": {"building_id": "v1_b_X009_b_baraj_poiana_uzului", "batch_id": "G11", "locatable": "point", "precision": "site", "status": "verified", "n_sources": "3", "n_agree": "3", "agreement_m": "205", "outcome_1977": "light", "outcome_quote": "căderea unor bavuri de beton la rosturile contraforților", "status_today": "standing", "status_source": "OSM way/184142429; ro.wikipedia", "modern_address": "Barajul Poiana Uzului (OSM 'Barajul Valea Uzului'), Dărmănești, Bacău", "historic_address_note": "Concrete buttress dam, 1967-1972", "dupacutremur_building_uid": "", "osm_footprint_ref": "way/184142429", "wikidata": "", "confidence": "high", "notes": "Three coordinates agree within about 250 m. Name difference in OSM (Valea Uzului) is the same dam on the Uz river.", "open_question": "None.", "review_note": "", "sources": "[{\"source\": \"wikipedia\", \"ref\": \"https://ro.wikipedia.org/wiki/Lacul_Poiana_Uzului\", \"lat\": 46.3357194, \"lon\": 26.3926, \"precision\": \"site\", \"evidence\": \"Article coordinates 46°20′8.59″N 26°23′33.36″E\", \"retrieved\": \"2026-10-05\", \"by\": \"agent\", \"d_m\": 0}, {\"source\": \"osm\", \"ref\": \"way/184142429\", \"lat\": 46.3356195, \"lon\": 26.3925389, \"precision\": \"site\", \"evidence\": \"OSM dam way 'Barajul Valea Uzului', Sălătruc, Dărmănești\", \"retrieved\": \"2026-10-05\", \"by\": \"agent\", \"d_m\": 12}, {\"source\": \"web\", \"ref\": \"https://photos.trecator.ro/barajul-poiana-uzului-galerie-foto/\", \"lat\": 46.335891, \"lon\": 26.389945, \"precision\": \"site\", \"evidence\": \"Tourist page decimal coordinates 46.335891, 26.389945 (another tourist page gave a mismatching DMS value, ignored)\", \"retrieved\": \"2026-10-05\", \"by\": \"agent\", \"d_m\": 205}]", "checked_by": "agent (sonnet) + auto (s21)", "flags": "", "name": "barajul Poiana Uzului", "type": "bc_baraj", "class": "structure", "locality": "", "address_1977": "", "period": "", "height": "", "system": "", "iv_classes": "", "iv_techniques": "", "iv_only_proposed": "", "outcome_unit": "v1_p0255_03"}}, {"type": "Feature", "id": "v1_b_X009_b_baraj_puscas", "geometry": {"type": "Point", "coordinates": [27.640127, 46.631854]}, "properties": {"building_id": "v1_b_X009_b_baraj_puscas", "batch_id": "P2_07", "locatable": "point", "precision": "site", "status": "probable", "n_sources": "2", "n_agree": "1", "agreement_m": "", "outcome_1977": "light", "outcome_quote": "Nu s-au semnalat avarii importante, ci numai locale", "status_today": "standing", "status_source": "OSM way/88372957", "modern_address": "Barajul Pușcași (acumularea Pușcași, râul Racova), com. Pușcași, jud. Vaslui; dam at the eastern end of the lake", "historic_address_note": "Pușcaș (Vaslui) = lacul/barajul Pușcași pe râul Racova, ~8 km V de Vaslui", "dupacutremur_building_uid": "", "osm_footprint_ref": "way/88372957 (lake; its straight eastern edge along lon 27.639-27.641 is the dam embankment)", "wikidata": "", "confidence": "medium", "notes": "pass2: moved the point from the reservoir centre (pass 1) to the dam end of the lake. The OSM lake polygon has a long straight eastern edge (46.626-46.634 N at lon 27.639-27.641) and the DC91C road bridges the outflow just SE, so the earth dam is on that edge; the point is a vertex on it, not a surveyed crest coordinate. Name and county match the report (Pușcaș = Pușcași). No dam object in OSM; the dam position rests on one geometric inference, text sources only confirm identity.", "open_question": "Confirm the crest position on orthophoto; dam height/type not retrieved.", "review_note": "", "sources": "[{\"source\": \"osm\", \"ref\": \"way/88372957#east-edge\", \"lat\": 46.6318543, \"lon\": 27.640127, \"precision\": \"site\", \"evidence\": \"Vertex on the straight eastern edge of the OSM lake polygon 'Baraj Pușcași' (edge ~0.9 km long N-S = embankment; Racova flows east, outlet bridge of DC91C ~0.6 km SE); position of the dam inferred from lake geometry\", \"retrieved\": \"2026-10-05\", \"by\": \"agent\", \"d_m\": 0}, {\"source\": \"osm\", \"ref\": \"way/88372957\", \"lat\": 46.631, \"lon\": 27.6261, \"precision\": \"area\", \"evidence\": \"OSM lake 'Baraj Pușcași', centre of the reservoir (pass 1)\", \"retrieved\": \"2026-10-05\", \"by\": \"agent\", \"d_m\": 1075}, {\"source\": \"wikidata\", \"ref\": \"Q12725065\", \"lat\": 46.619016, \"lon\": 27.641236, \"precision\": \"locality\", \"evidence\": \"Pușcași commune: locality only, ~1.4 km S of the dam\", \"retrieved\": \"2026-10-05\", \"by\": \"agent\", \"d_m\": 1430}, {\"source\": \"web\", \"ref\": \"https://estnews.ro/2023/12/04/vasluiul-este-alimentat-cu-apa-din-barajul-de-la-tungujei-judetul-iasi-acumularile-solesti-si-puscasi-sunt-protejate/\", \"lat\": null, \"lon\": null, \"precision\": \"locality\", \"evidence\": \"Acumulare Pușcași on the Racova, Vaslui county, supplies Vaslui; no coordinates\", \"retrieved\": \"2026-10-05\", \"by\": \"agent\"}, {\"source\": \"web\", \"ref\": \"https://arebaltapeste.ro/115-baraj-puscasi\", \"lat\": null, \"lon\": null, \"precision\": \"locality\", \"evidence\": \"Baraj Pușcași, Pușcași, Vaslui: reservoir of ~170-190 ha on the Racova; no coordinates\", \"retrieved\": \"2026-10-05\", \"by\": \"agent\"}]", "checked_by": "agent (sonnet) + auto (s21)", "flags": "footprint_far:1002m", "name": "barajul Pușcaș", "type": "bc_baraj", "class": "structure", "locality": "", "address_1977": "", "period": "", "height": "", "system": "", "iv_classes": "", "iv_techniques": "", "iv_only_proposed": "", "outcome_unit": "v1_p0103_05"}}, {"type": "Feature", "id": "v1_b_X010_b_eren_pavilion_central", "geometry": {"type": "Point", "coordinates": [26.0651, 44.4763]}, "properties": {"building_id": "v1_b_X010_b_eren_pavilion_central", "batch_id": "G12", "locatable": "point", "precision": "building", "status": "verified", "n_sources": "2", "n_agree": "2", "agreement_m": "3", "outcome_1977": "moderate", "outcome_quote": "s-au constatat fisuri la extremitățile tuturor stâlpilor de la ultimul nivel", "status_today": "standing", "status_source": "https://www.docomomo.ro/cladiri_doc_10_pavilionul-central-al-complexului-expozitional-romexpo-bucureti-1959-1964_pg_0.htm", "modern_address": "Pavilionul central Romexpo (fost EREN), Bd. Expoziției, București sector 1", "historic_address_note": "EREN = Expoziția Realizărilor Economiei Naționale; central pavilion built 1959-64, now Romexpo", "dupacutremur_building_uid": "", "osm_footprint_ref": "way/23554160", "wikidata": "Q7363184", "confidence": "medium", "notes": "Identity certain (EREN central pavilion = Romexpo dome, rotational symmetry). Footprint way/23554160 assumed to be the dome pavilion; way/88172265 is another larger Romexpo object about 90 m N.", "open_question": "Confirm way/23554160 is the dome footprint (osm-near could not run, Overpass down).", "review_note": "", "sources": "[{\"source\": \"osm\", \"ref\": \"way/23554160\", \"lat\": 44.47629, \"lon\": 26.06514, \"precision\": \"building\", \"evidence\": \"OSM 'Romexpo' amenity way (Nominatim), centre of the domed pavilion footprint\", \"retrieved\": \"2026-10-05\", \"by\": \"agent\", \"d_m\": 3}, {\"source\": \"wikidata\", \"ref\": \"Q7363184\", \"lat\": 44.47627, \"lon\": 26.06509, \"precision\": \"building\", \"evidence\": \"Wikidata 'Romexpo' arena item (likely the central pavilion); agrees with OSM, possibly derived from it\", \"retrieved\": \"2026-10-05\", \"by\": \"agent+auto\", \"d_m\": 3}, {\"source\": \"web\", \"ref\": \"https://www.docomomo.ro/cladiri_doc_10_pavilionul-central-al-complexului-expozitional-romexpo-bucureti-1959-1964_pg_0.htm\", \"lat\": null, \"lon\": null, \"precision\": \"site\", \"evidence\": \"Docomomo Romania: central pavilion of Romexpo (1959-64), dome 93 m, on esplanade from Piata Scinteii; no coordinates\", \"retrieved\": \"2026-10-05\", \"by\": \"agent\"}]", "checked_by": "agent (sonnet) + auto (s21)", "flags": "", "name": "pavilionul central EREN", "type": "", "class": "structure", "locality": "", "address_1977": "", "period": "", "height": "", "system": "", "iv_classes": "", "iv_techniques": "", "iv_only_proposed": "", "outcome_unit": "v1_p0121_04"}}, {"type": "Feature", "id": "v1_b_X019_b_fosta_primarie", "geometry": {"type": "Point", "coordinates": [26.024555, 44.941175]}, "properties": {"building_id": "v1_b_X019_b_fosta_primarie", "batch_id": "P3_02", "locatable": "point", "precision": "site", "status": "single", "n_sources": "1", "n_agree": "1", "agreement_m": "", "outcome_1977": "severe", "outcome_quote": "au apărut crăpături și dislocări ale majorității pereților", "status_today": "replaced", "status_source": "OSM way/113524745 (Mercur, start_date 1982); republicaploiesti.net 2009", "modern_address": "Piața Victoriei 1 (Mercur Shopping Center), Ploiești, Prahova", "historic_address_note": "The 1894-96 city hall (seat until 1972) stood in 'Piața Unirii' per one blog; the city site says the New City Hall of 1894 stood where the Mercur building is. Report heading: b) La Ploiești.", "dupacutremur_building_uid": "", "osm_footprint_ref": "way/113524745 (Mercur Shopping Center, built 1982)", "wikidata": "", "confidence": "medium", "notes": "Pass-1 doubt (Hotel Prahova vs Mercur) resolved: Hotel Prahova (Gherea 11) marks the 1868 seat, Mercur the 1894 one that was the 'fosta primărie' in 1977 (vacated 1971-72). OSM date 1982 fits. Piața Unirii vs Piața Victoriei naming not reconciled (Str. Unirii adjoins the Mercur block).", "open_question": "Archive map to confirm the plot.", "review_note": "", "sources": "[{\"source\": \"osm\", \"ref\": \"way/113524745\", \"lat\": 44.941175, \"lon\": 26.024555, \"precision\": \"site\", \"evidence\": \"OSM Mercur Shopping Center, Piața Victoriei 1, start_date 1982: the building on the plot after the post-1977 demolition.\", \"retrieved\": \"2026-10-05\", \"by\": \"agent\", \"d_m\": 0}, {\"source\": \"web\", \"ref\": \"https://republicaploiesti.net/2009/08/cladirile-primariei-din-ploiesti.html\", \"lat\": null, \"lon\": null, \"precision\": \"area\", \"evidence\": \"5th city-hall seat 1894-1972 in Piața Unirii; demolished after the 1977 earthquake under systematization.\", \"retrieved\": \"2026-10-05\", \"by\": \"agent\"}, {\"source\": \"web\", \"ref\": \"https://www.ploiesti.ro/en_localizare.php\", \"lat\": null, \"lon\": null, \"precision\": \"site\", \"evidence\": \"City page (read only via a search summary; fetch gave 404): 1894 New City Hall stood where the Mercur building is; moved out 1971-72; pulled down after the 1977 earthquake.\", \"retrieved\": \"2026-10-05\", \"by\": \"agent\"}]", "checked_by": "agent (sonnet) + auto (s21)", "flags": "", "name": "fosta primărie", "type": "bc_administrativ", "class": "structure", "locality": "", "address_1977": "", "period": "", "height": "subsol, parter și 2...3 etaje", "system": "ss_zidarie", "iv_classes": "", "iv_techniques": "", "iv_only_proposed": "", "outcome_unit": "v1_p0211_04"}}, {"type": "Feature", "id": "v1_b_X019_b_halele_centrale", "geometry": {"type": "Point", "coordinates": [26.02154, 44.94362]}, "properties": {"building_id": "v1_b_X019_b_halele_centrale", "batch_id": "G12", "locatable": "point", "precision": "building", "status": "verified", "n_sources": "2", "n_agree": "2", "agreement_m": "2", "outcome_1977": "moderate", "outcome_quote": "s-a constatat o dislocare la zidăria turnului", "status_today": "standing", "status_source": "OSM way/40666664", "modern_address": "Halele Centrale, Str. Emile Zola 8, Ploiești", "historic_address_note": "Section III.D.1 'b) La Ploiești'; pre-WWII RC frame building with tower", "dupacutremur_building_uid": "", "osm_footprint_ref": "way/40666664", "wikidata": "Q12729832", "confidence": "medium", "notes": "Name + Ploiești heading. Interwar date and tower not independently verified.", "open_question": "Check that Halele Centrale Ploiești has a tower and dates from the 1930s.", "review_note": "", "sources": "[{\"source\": \"osm\", \"ref\": \"way/40666664\", \"lat\": 44.94363, \"lon\": 26.02156, \"precision\": \"building\", \"evidence\": \"OSM amenity 'Halele Centrale', Str. Emile Zola 8, Ploiesti (Nominatim)\", \"retrieved\": \"2026-10-05\", \"by\": \"agent\", \"d_m\": 2}, {\"source\": \"wikidata\", \"ref\": \"Q12729832\", \"lat\": 44.943615, \"lon\": 26.021526, \"precision\": \"building\", \"evidence\": \"Wikidata: Halele Centrale din Ploiesti (heritage site); agrees within 3 m, may derive from OSM\", \"retrieved\": \"2026-10-05\", \"by\": \"agent+auto\", \"d_m\": 1}]", "checked_by": "agent (sonnet) + auto (s21)", "flags": "", "name": "Halele Centrale", "type": "", "class": "structure", "locality": "", "address_1977": "", "period": "înaintea celui de al 2-lea război mondial", "height": "", "system": "ss_mixt", "iv_classes": "", "iv_techniques": "", "iv_only_proposed": "", "outcome_unit": "v1_p0211_05"}}, {"type": "Feature", "id": "v1_b_X019_b_palatul_culturii", "geometry": {"type": "Point", "coordinates": [26.02189, 44.94207]}, "properties": {"building_id": "v1_b_X019_b_palatul_culturii", "batch_id": "G12", "locatable": "point", "precision": "building", "status": "verified", "n_sources": "2", "n_agree": "2", "agreement_m": "3", "outcome_1977": "severe", "outcome_quote": "au apărut crăpături și dislocări ale majorității pereților", "status_today": "standing", "status_source": "https://ro.wikipedia.org/wiki/Palatul_Culturii_din_Ploie%C8%99ti", "modern_address": "Palatul Culturii, Str. Sublocotenent Erou Călin Cătălin 1 / Bd. Republicii, Ploiești", "historic_address_note": "Palatul Culturii (fostul tribunal), built 1906-33, culture palace since 1951-52", "dupacutremur_building_uid": "", "osm_footprint_ref": "relation/12044068", "wikidata": "Q18545120", "confidence": "high", "notes": "Former-tribunal identification matches the report's parenthesis. Wikipedia/hartablocuri say interior and exterior walls were damaged in 1977. Lat/lon = mean of OSM and Wikidata.", "open_question": "", "review_note": "", "sources": "[{\"source\": \"osm\", \"ref\": \"relation/12044068\", \"lat\": 44.94208, \"lon\": 26.02193, \"precision\": \"building\", \"evidence\": \"OSM building relation 'Palatul Culturii' (Nominatim)\", \"retrieved\": \"2026-10-05\", \"by\": \"agent\", \"d_m\": 3}, {\"source\": \"wikidata\", \"ref\": \"Q18545120\", \"lat\": 44.94206, \"lon\": 26.02185, \"precision\": \"building\", \"evidence\": \"Wikidata item Palace of Culture in Ploiesti; agrees within 10 m\", \"retrieved\": \"2026-10-05\", \"by\": \"agent+auto\", \"d_m\": 3}, {\"source\": \"wikipedia\", \"ref\": \"https://ro.wikipedia.org/wiki/Palatul_Culturii_din_Ploie%C8%99ti\", \"lat\": null, \"lon\": null, \"precision\": \"building\", \"evidence\": \"Built as Palace of Justice, became Palace of Culture; damaged by the 1977 quake\", \"retrieved\": \"2026-10-05\", \"by\": \"agent\"}]", "checked_by": "agent (sonnet) + auto (s21)", "flags": "", "name": "palatul culturii (fostul tribunal)", "type": "bc_social_cultural", "class": "structure", "locality": "", "address_1977": "", "period": "", "height": "subsol, parter și 2...3 etaje", "system": "ss_zidarie", "iv_classes": "", "iv_techniques": "", "iv_only_proposed": "", "outcome_unit": "v1_p0211_04"}}, {"type": "Feature", "id": "v1_b_X022_b_cet_brazi", "geometry": {"type": "Point", "coordinates": [26.005855, 44.885335]}, "properties": {"building_id": "v1_b_X022_b_cet_brazi", "batch_id": "P2_07", "locatable": "point", "precision": "site", "status": "single", "n_sources": "1", "n_agree": "1", "agreement_m": "", "outcome_1977": "moderate", "outcome_quote": "spargerea și căderea plăcilor plane de asbociment în proporție de până la 50%", "status_today": "standing", "status_source": "https://en.wikipedia.org/wiki/Brazi_Power_Station", "modern_address": "CET Brazi, Brazi, jud. Prahova", "historic_address_note": "CET Brazi (105+25 MW heat/power plant, operated by Dalkia/Veolia then Termo Ploiești)", "dupacutremur_building_uid": "", "osm_footprint_ref": "way/84904378 (CET Brazi power-plant polygon; cooling towers way/553060988 and way/553060989 inside it)", "wikidata": "Q4958603", "confidence": "medium", "notes": "pass2: pass-1 point was a Nominatim centroid 171 m from the footprint. The OSM plant polygon (start_date 1973, so existing in 1977) contains two mapped cooling towers; the top point is the mean of those two towers (inside the polygon). OSM objects are one coordinate family; Wikipedia/Wikidata confirm identity and the plant, not coordinates. Report says only 'CET Brazi' (no town) - the Prahova CET Brazi is the only 1970s CET of that name. Not the newer OMV Petrom Brazi plant.", "open_question": "Which of the cooling towers carried the damaged asbestos-cement fill is not stated.", "review_note": "", "sources": "[{\"source\": \"osm\", \"ref\": \"way/553060989\", \"lat\": 44.88496, \"lon\": 26.00613, \"precision\": \"building\", \"evidence\": \"OSM cooling tower (building=industrial, man_made=cooling_tower, name 'TR 9') inside the CET Brazi polygon\", \"retrieved\": \"2026-10-05\", \"by\": \"agent\", \"d_m\": 47}, {\"source\": \"osm\", \"ref\": \"way/553060988\", \"lat\": 44.8857, \"lon\": 26.00559, \"precision\": \"building\", \"evidence\": \"Second OSM cooling tower 'TR 9' inside the CET Brazi polygon (same OSM dataset)\", \"retrieved\": \"2026-10-05\", \"by\": \"agent\", \"d_m\": 46}, {\"source\": \"osm\", \"ref\": \"way/84904378\", \"lat\": 44.88337, \"lon\": 26.0043, \"precision\": \"site\", \"evidence\": \"OSM power=plant polygon 'CET Brazi', Str. Trandafirilor 89, start_date 1973, 130 MW gas, wikidata Q4958603; centre of the polygon nodes (Nominatim centroid 44.88433,26.00599 was 171 m off)\", \"retrieved\": \"2026-10-05\", \"by\": \"agent\", \"d_m\": 251}, {\"source\": \"wikipedia\", \"ref\": \"https://en.wikipedia.org/wiki/Brazi_Power_Station\", \"lat\": null, \"lon\": null, \"precision\": \"locality\", \"evidence\": \"Thermal plant at Brazi, Prahova, 105+25 MW; article has no coordinates (identity only)\", \"retrieved\": \"2026-10-05\", \"by\": \"agent\"}]", "checked_by": "agent (sonnet) + auto (s21)", "flags": "footprint_far:251m", "name": "CET Brazi", "type": "bc_industrial", "class": "structure", "locality": "", "address_1977": "", "period": "", "height": "", "system": "", "iv_classes": "", "iv_techniques": "", "iv_only_proposed": "", "outcome_unit": "v1_p0242_00"}}, {"type": "Feature", "id": "v1_b_X022_b_cet_grozavesti", "geometry": {"type": "Point", "coordinates": [26.06281, 44.44003]}, "properties": {"building_id": "v1_b_X022_b_cet_grozavesti", "batch_id": "G12", "locatable": "point", "precision": "site", "status": "verified", "n_sources": "2", "n_agree": "2", "agreement_m": "28", "outcome_1977": "moderate", "outcome_quote": "spargerea și căderea plăcilor plane de asbociment în proporție de până la 50%", "status_today": "standing", "status_source": "OSM way/188102895", "modern_address": "CET Grozăvești, Splaiul Independenței 229-231, București sector 6", "historic_address_note": "CET Grozăvești power plant", "dupacutremur_building_uid": "", "osm_footprint_ref": "way/188102895", "wikidata": "Q5611794", "confidence": "high", "notes": "Two sources agree within 55 m; mean used. Cooling-tower position inside the plant not checked.", "open_question": "", "review_note": "", "sources": "[{\"source\": \"osm\", \"ref\": \"way/188102895\", \"lat\": 44.43978, \"lon\": 26.06281, \"precision\": \"site\", \"evidence\": \"OSM industrial 'CET Grozavesti' (Nominatim)\", \"retrieved\": \"2026-10-05\", \"by\": \"agent\", \"d_m\": 28}, {\"source\": \"wikidata\", \"ref\": \"Q5611794\", \"lat\": 44.44027778, \"lon\": 26.06277778, \"precision\": \"site\", \"evidence\": \"Wikidata Grozavesti Power Station; about 55 m from the OSM centre\", \"retrieved\": \"2026-10-05\", \"by\": \"agent+auto\", \"d_m\": 28}]", "checked_by": "agent (sonnet) + auto (s21)", "flags": "", "name": "CET Grozăvești", "type": "bc_industrial", "class": "structure", "locality": "", "address_1977": "", "period": "", "height": "", "system": "", "iv_classes": "", "iv_techniques": "", "iv_only_proposed": "", "outcome_unit": "v1_p0242_00"}}, {"type": "Feature", "id": "v1_b_X022_b_siloz_jiul", "geometry": {"type": "Point", "coordinates": [23.824964, 44.307687]}, "properties": {"building_id": "v1_b_X022_b_siloz_jiul", "batch_id": "P2_07", "locatable": "point", "precision": "site", "status": "single", "n_sources": "1", "n_agree": "1", "agreement_m": "", "outcome_1977": "severe", "outcome_quote": "avarierea mai gravă a stâlpilor (fisuri) și zidăriilor de închidere (crăpături și dislocări) la galeria superioară", "status_today": "standing", "status_source": "web: indiscret.ro 2025 (silo ruin still standing); OSM way/1234728331 (brownfield)", "modern_address": "Fostul Siloz Jiul, Sărari, Craiova, jud. Dolj", "historic_address_note": "Silozul Jiul = Craiova grain silo (probable)", "dupacutremur_building_uid": "", "osm_footprint_ref": "way/1234728331", "wikidata": "", "confidence": "low", "notes": "pass2: location now backed by the OSM polygon plus an independent 2025 press article that places the communist-era silo at Sărari; the name 'Jiul' is attested by OSM and the MADR list. Identification stays inferential: the report gives no town, other 'Jiul' silos cannot be ruled out, but a Jiul-named silo exists in Craiova and the report's silo list is largely southern/Oltenian. Building today: ruin on a partly cleared plot.", "open_question": "Check a 1970s silo register for any other 'Jiul' silo (e.g. Petroșani/Târgu Jiu).", "review_note": "", "sources": "[{\"source\": \"osm\", \"ref\": \"way/1234728331\", \"lat\": 44.30768677, \"lon\": 23.82496396, \"precision\": \"site\", \"evidence\": \"OSM brownfield 'Fostul Siloz Jiul', Sărari, Craiova (polygon centre of 21 nodes)\", \"retrieved\": \"2026-10-05\", \"by\": \"agent\", \"d_m\": 0}, {\"source\": \"web\", \"ref\": \"https://www.madr.ro/docs/depozite/dolj.pdf\", \"lat\": null, \"lon\": null, \"precision\": \"locality\", \"evidence\": \"MADR Dolj storage list includes a 'Siloz Jiul' in Craiova (name only)\", \"retrieved\": \"2026-10-05\", \"by\": \"agent\"}, {\"source\": \"web\", \"ref\": \"https://www.indiscret.ro/2025/05/09/video-acoperisul-silozului-din-sarari-noul-loc-de-joaca-preferat-de-tinerii-din-cartier/\", \"lat\": null, \"lon\": null, \"precision\": \"site\", \"evidence\": \"2025 article: the communist-era silo in Sărari (Craiova), operating until the early 2000s, still stands as a ruin near Liceul Voltaire on Str. Sărarilor; owner Oltyre/Cerealcom group (the name 'Jiul' comes from OSM/MADR, not from this article)\", \"retrieved\": \"2026-10-05\", \"by\": \"agent\"}]", "checked_by": "agent (sonnet) + auto (s21)", "flags": "", "name": "silozul Jiul", "type": "bc_industrial_special", "class": "structure", "locality": "", "address_1977": "", "period": "", "height": "", "system": "", "iv_classes": "", "iv_techniques": "", "iv_only_proposed": "", "outcome_unit": "v1_p0247_02"}}, {"type": "Feature", "id": "v1_b_X023_b_baraj_firiza", "geometry": {"type": "Point", "coordinates": [23.61668, 47.72058]}, "properties": {"building_id": "v1_b_X023_b_baraj_firiza", "batch_id": "P2_07", "locatable": "point", "precision": "site", "status": "verified", "n_sources": "3", "n_agree": "2", "agreement_m": "29", "outcome_1977": "none", "outcome_quote": "au avut o comportare foarte bună la cutremur", "status_today": "standing", "status_source": "OSM way/292747935 waterway=dam; web: maramures.org / visitmaramures descriptions", "modern_address": "Barajul Strâmtori-Firiza (lacul Firiza), râul Firiza, Firiza, nord-est de Baia Mare, jud. Maramureș", "historic_address_note": "Dam in service since 1964; 52 m buttress (contraforți) dam, crest ~260 m, matches the report's type and height", "dupacutremur_building_uid": "", "osm_footprint_ref": "way/292747935 (waterway=dam)", "wikidata": "Q12731897", "confidence": "high", "notes": "pass2: the pass-1 point (Firiza river, 47.664 N) was 6 km off. OSM waterway=dam and a web coordinate agree within 20 m on 47.7206,23.6168; type/height (buttress, 52 m) match the report. The web coordinate was read from a search snippet, not verified page by page.", "open_question": "", "review_note": "", "sources": "[{\"source\": \"osm\", \"ref\": \"way/292747935\", \"lat\": 47.72058, \"lon\": 23.61668, \"precision\": \"site\", \"evidence\": \"OSM waterway=dam way at Lacul Strâmtori-Firiza (centre of 21 nodes); neighbouring dam way/292748373 at 47.71817,23.61856 is probably the spillway/side segment\", \"retrieved\": \"2026-10-05\", \"by\": \"agent\", \"d_m\": 0}, {\"source\": \"web\", \"ref\": \"https://maramures.org/item/lacul-firiza/\", \"lat\": 47.7206812, \"lon\": 23.6170308, \"precision\": \"site\", \"evidence\": \"Web pages on the Firiza dam (buttress dam, 52 m, ~260 m long, 1964) give coordinates 47.72068,23.61703 (taken from a search-result set including maramures.org / visitmaramures; a second page gave 47.72795,23.60364 for the upper lake)\", \"retrieved\": \"2026-10-05\", \"by\": \"agent\", \"d_m\": 29}, {\"source\": \"wikidata\", \"ref\": \"Q5452093\", \"lat\": 47.6644, \"lon\": 23.6033, \"precision\": \"area\", \"evidence\": \"Firiza river representative point (pass 1) - NOT the dam; 6 km SSW of it, rejected\", \"retrieved\": \"2026-10-05\", \"by\": \"agent\", \"d_m\": 6327}]", "checked_by": "agent (sonnet) + auto (s21)", "flags": "", "name": "barajul Strîmtori-Firiza", "type": "bc_baraj", "class": "structure", "locality": "", "address_1977": "", "period": "", "height": "", "system": "", "iv_classes": "", "iv_techniques": "", "iv_only_proposed": "", "outcome_unit": "v1_p0256_03"}}, {"type": "Feature", "id": "v1_b_X023_b_baraj_izvorul_muntelui", "geometry": {"type": "Point", "coordinates": [26.10304, 46.93845]}, "properties": {"building_id": "v1_b_X023_b_baraj_izvorul_muntelui", "batch_id": "P2_07", "locatable": "point", "precision": "site", "status": "verified", "n_sources": "2", "n_agree": "2", "agreement_m": "170", "outcome_1977": "none", "outcome_quote": "Rosturile, galeriile, paramentele barajului și versanții nu au prezentat nici un fel de deteriorare.", "status_today": "standing", "status_source": "https://en.wikipedia.org/wiki/Bicaz-Stejaru_Hydroelectric_Power_Station", "modern_address": "Barajul Izvorul Muntelui-Bicaz, Bistrița, Izvoru Muntelui / Bicaz, jud. Neamț", "historic_address_note": "Same dam (Bicaz), 127 m gravity, built 1950-60.", "dupacutremur_building_uid": "", "osm_footprint_ref": "way/88373308 (Lacul Bicaz reservoir polygon; its southern tip is the dam)", "wikidata": "Q31915596", "confidence": "high", "notes": "pass2: dam wall located independently by OSM lake geometry (southern end of the reservoir polygon at 46.9376,26.1049) and by Wikidata/Wikipedia 'Bicaz Dam' (46.9385,26.1030), 0.2 km apart. Wikidata Q854060 / ro-wiki coordinates (47.0196,26.0541) are the lake centre and were rejected. The power station (Stejaru, 46.92,26.18) is far downstream and not the dam. Dam: 127 m gravity, built 1950-60, matches the report. Wikidata item changed from Q854060 (lake) to Q31915596 (dam).", "open_question": "", "review_note": "", "sources": "[{\"source\": \"osm\", \"ref\": \"way/88373308#south-tip\", \"lat\": 46.9375931, \"lon\": 26.1048972, \"precision\": \"site\", \"evidence\": \"Southern tip of the OSM reservoir polygon 'Lacul Bicaz' (all lake nodes lie north of 46.9376): the dam wall closes the lake here\", \"retrieved\": \"2026-10-05\", \"by\": \"agent\", \"d_m\": 170}, {\"source\": \"wikidata\", \"ref\": \"Q31915596\", \"lat\": 46.93845, \"lon\": 26.10304, \"precision\": \"site\", \"evidence\": \"Wikidata 'Bicaz Dam' coordinates\", \"retrieved\": \"2026-10-05\", \"by\": \"agent+auto\", \"d_m\": 0}, {\"source\": \"wikipedia\", \"ref\": \"https://en.wikipedia.org/wiki/Bicaz-Stejaru_Hydroelectric_Power_Station\", \"lat\": 46.9383111, \"lon\": 26.1031694, \"precision\": \"site\", \"evidence\": \"Infobox coordinates (same as Wikidata item, not independent of it)\", \"retrieved\": \"2026-10-05\", \"by\": \"agent\", \"d_m\": 18}, {\"source\": \"wikipedia\", \"ref\": \"https://ro.wikipedia.org/wiki/Lacul_Izvorul_Muntelui\", \"lat\": 47.019588889, \"lon\": 26.054080556, \"precision\": \"area\", \"evidence\": \"Lake centre, 9.8 km from the dam; rejected as dam location (the 'dam coordinates' printed there are the lake's)\", \"retrieved\": \"2026-10-05\", \"by\": \"agent\", \"d_m\": 9757}]", "checked_by": "agent (sonnet) + auto (s21)", "flags": "footprint_far:12100m", "name": "barajul Izvorul Muntelui-Bicaz", "type": "bc_baraj", "class": "structure", "locality": "", "address_1977": "", "period": "", "height": "", "system": "", "iv_classes": "", "iv_techniques": "", "iv_only_proposed": "", "outcome_unit": "v1_p0255_02"}}, {"type": "Feature", "id": "v1_b_X023_b_baraj_negovanu", "geometry": {"type": "Point", "coordinates": [23.93352, 45.59578]}, "properties": {"building_id": "v1_b_X023_b_baraj_negovanu", "batch_id": "P2_07", "locatable": "point", "precision": "site", "status": "probable", "n_sources": "3", "n_agree": "1", "agreement_m": "", "outcome_1977": "light", "outcome_quote": "fisuri orizontale fine la paramentul aval, la cca 10 m de coronament", "status_today": "standing", "status_source": "OSM way/1188687498 waterway=dam; web: outdooractive.ro, turnulsfatului.ro", "modern_address": "Barajul Negovanu (Gâtul Berbecului), lacul Negovanu, râul Sadu, com. Râu Sadului, jud. Sibiu", "historic_address_note": "First Romanian arch dam, 62 m high, built 1959-63 (web); the report's 'Negovanu-Sadu' = Negovanu dam on the upper Sadu", "dupacutremur_building_uid": "", "osm_footprint_ref": "way/1188687498 (waterway=dam, concrete); reservoir way/38834498", "wikidata": "", "confidence": "medium", "notes": "pass2: pass-1 river point (2.4 km off) replaced by the OSM dam way at the downstream end of the Negovanu reservoir. Dimensions (arch, 62 m) match web descriptions exactly, so identity is secure. The only web coordinate found (23.9221 E) is lake-level and disagrees by ~1 km; the OSM dam position is geometrically consistent with the lake polygon (narrow gorge end). One coordinate family for the wall, hence medium.", "open_question": "Check crest position against orthophoto.", "review_note": "", "sources": "[{\"source\": \"osm\", \"ref\": \"way/1188687498\", \"lat\": 45.59578, \"lon\": 23.93352, \"precision\": \"site\", \"evidence\": \"OSM concrete waterway=dam at the eastern (downstream) end of Lacul Negovan polygon way/38834498; DJ106P road ends here\", \"retrieved\": \"2026-10-05\", \"by\": \"agent\", \"d_m\": 0}, {\"source\": \"web\", \"ref\": \"https://www.outdooractive.ro/ro/poi/transilvania/gatu-berbecului-si-lacul-de-acumulare-negovanu/800457283/\", \"lat\": 45.594972, \"lon\": 23.922086, \"precision\": \"area\", \"evidence\": \"A web page in the result set (Gâtul Berbecului/Lacul Negovanu) gives 45.594972,23.922086; it falls mid-lake, 1.0 km W of the dam, so it marks the lake, not the wall\", \"retrieved\": \"2026-10-05\", \"by\": \"agent\", \"d_m\": 894}, {\"source\": \"web\", \"ref\": \"https://www.turnulsfatului.ro/2023/07/05/video-imagini-de-la-constructia-hidrocentralei-sadu-v-este-primul-baraj-din-beton-arcuit-din-romania-204150\", \"lat\": null, \"lon\": null, \"precision\": \"site\", \"evidence\": \"Sadu V arch dam (Negovanu): 62 m high, central angle ~110 deg, built 1959-63, 72 ha lake - matches the report's 62 m arch dam\", \"retrieved\": \"2026-10-05\", \"by\": \"agent\"}, {\"source\": \"wikidata\", \"ref\": \"Q6987465\", \"lat\": 45.5917, \"lon\": 23.9006, \"precision\": \"area\", \"evidence\": \"Negovanu river point (pass 1) - valley indicator only, 2.4 km from the dam\", \"retrieved\": \"2026-10-05\", \"by\": \"agent\", \"d_m\": 2601}]", "checked_by": "agent (sonnet) + auto (s21)", "flags": "", "name": "barajul de beton de la Negovanu-Sadu", "type": "bc_baraj", "class": "structure", "locality": "", "address_1977": "", "period": "", "height": "", "system": "", "iv_classes": "", "iv_techniques": "", "iv_only_proposed": "", "outcome_unit": "v1_p0255_04"}}, {"type": "Feature", "id": "v1_b_X023_b_baraj_portile_de_fier", "geometry": {"type": "Point", "coordinates": [22.52912, 44.67079]}, "properties": {"building_id": "v1_b_X023_b_baraj_portile_de_fier", "batch_id": "P2_07", "locatable": "point", "precision": "site", "status": "verified", "n_sources": "2", "n_agree": "2", "agreement_m": "6", "outcome_1977": "none", "outcome_quote": "au avut o comportare foarte bună la cutremur", "status_today": "standing", "status_source": "https://en.wikipedia.org/wiki/Iron_Gate_I_Hydroelectric_Power_Station", "modern_address": "Barajul Porțile de Fier I, Dunăre, Gura Văii (Mehedinți), România / Serbia", "historic_address_note": "Iron Gate I, 60 m max height; joint RO-RS.", "dupacutremur_building_uid": "", "osm_footprint_ref": "way/28270536 (Porțile de Fier I powerhouse building, centre of the dam)", "wikidata": "Q1289417", "confidence": "high", "notes": "pass2: second independent family found (OSM powerhouse building of Djerdap I at 44.67075,22.52908) agreeing within ~10 m with Wikidata; top point is the mean of the two. 'Porțile de Fier' without number: 60 m max height and gravity/overflow type fit Iron Gate I (Iron Gate II is ~30 m, 44.30,22.56). Joint RO-RS structure; the point is mid-dam.", "open_question": "", "review_note": "", "sources": "[{\"source\": \"wikidata\", \"ref\": \"Q1289417\", \"lat\": 44.67083333, \"lon\": 22.52916667, \"precision\": \"site\", \"evidence\": \"Wikidata 'Porțile de Fier I' dam\", \"retrieved\": \"2026-10-05\", \"by\": \"agent+auto\", \"d_m\": 6}, {\"source\": \"osm\", \"ref\": \"way/28270536\", \"lat\": 44.67075, \"lon\": 22.52908, \"precision\": \"site\", \"evidence\": \"OSM building 'Porțile de Fier I / Djerdap I' (hydro powerhouse in the middle of the dam), independent mapping; ~10 m from the Wikidata point\", \"retrieved\": \"2026-10-05\", \"by\": \"agent\", \"d_m\": 5}, {\"source\": \"wikipedia\", \"ref\": \"https://en.wikipedia.org/wiki/Iron_Gate_I_Hydroelectric_Power_Station\", \"lat\": 44.67083, \"lon\": 22.52917, \"precision\": \"site\", \"evidence\": \"Same coordinates as Wikidata (derived, not independent); 60 m height matches the report\", \"retrieved\": \"2026-10-05\", \"by\": \"agent\", \"d_m\": 6}]", "checked_by": "agent (sonnet) + auto (s21)", "flags": "", "name": "barajul Porțile de Fier", "type": "bc_baraj", "class": "structure", "locality": "", "address_1977": "", "period": "", "height": "", "system": "", "iv_classes": "", "iv_techniques": "", "iv_only_proposed": "", "outcome_unit": "v1_p0256_03"}}, {"type": "Feature", "id": "v1_b_X023_b_baraj_pucioasa", "geometry": {"type": "Point", "coordinates": [25.426385, 45.08362]}, "properties": {"building_id": "v1_b_X023_b_baraj_pucioasa", "batch_id": "P2_07", "locatable": "point", "precision": "site", "status": "verified", "n_sources": "2", "n_agree": "2", "agreement_m": "7", "outcome_1977": "light", "outcome_quote": "fără a se ajunge la situații periculoase", "status_today": "standing", "status_source": "https://en.wikipedia.org/wiki/Pucioasa", "modern_address": "Barajul Pucioasa, râul Ialomița, jud. Dâmbovița", "historic_address_note": "Dam of Lacul Pucioasa (1974).", "dupacutremur_building_uid": "", "osm_footprint_ref": "way/911714750 (waterway=dam); reservoir way/31030987", "wikidata": "Q34906728", "confidence": "high", "notes": "pass2: the earlier 'footprint_far 643 m' flag came from using the lake as footprint; the OSM dam polygon (way/911714750) lies 13 m from the Wikidata dam point, so the two agree. Top point = mean of the two. Hydro plant (way/423553831) is right below the dam. Dam of Lacul Pucioasa on the Ialomița, in service 1974.", "open_question": "", "review_note": "", "sources": "[{\"source\": \"wikidata\", \"ref\": \"Q34906728\", \"lat\": 45.08368, \"lon\": 25.42641, \"precision\": \"site\", \"evidence\": \"Wikidata 'Pucioasa Dam'\", \"retrieved\": \"2026-10-05\", \"by\": \"agent+auto\", \"d_m\": 7}, {\"source\": \"osm\", \"ref\": \"way/911714750\", \"lat\": 45.08356, \"lon\": 25.42637, \"precision\": \"site\", \"evidence\": \"OSM waterway=dam polygon at the south end of Lacul Pucioasa, ~13 m from the Wikidata point\", \"retrieved\": \"2026-10-05\", \"by\": \"agent\", \"d_m\": 7}, {\"source\": \"osm\", \"ref\": \"way/31030987\", \"lat\": 45.0886996, \"lon\": 25.4271557, \"precision\": \"area\", \"evidence\": \"Lacul de acumulare Pucioasa (lake centre, 0.6 km N of dam)\", \"retrieved\": \"2026-10-05\", \"by\": \"agent\", \"d_m\": 568}]", "checked_by": "agent (sonnet) + auto (s21)", "flags": "", "name": "barajul Pucioasa", "type": "bc_baraj", "class": "structure", "locality": "", "address_1977": "", "period": "", "height": "", "system": "", "iv_classes": "", "iv_techniques": "", "iv_only_proposed": "", "outcome_unit": "v1_p0256_05"}}, {"type": "Feature", "id": "v1_b_X023_b_baraj_tarnita", "geometry": {"type": "Point", "coordinates": [23.30082, 46.72739]}, "properties": {"building_id": "v1_b_X023_b_baraj_tarnita", "batch_id": "P2_07", "locatable": "point", "precision": "site", "status": "verified", "n_sources": "3", "n_agree": "2", "agreement_m": "322", "outcome_1977": "none", "outcome_quote": "au avut o comportare foarte bună la cutremur", "status_today": "standing", "status_source": "OSM way/348019449", "modern_address": "Barajul Tarnița, Someșul Cald, Gilău, jud. Cluj", "historic_address_note": "Tarnița dam, ~97 m double-curvature arch, 1974.", "dupacutremur_building_uid": "", "osm_footprint_ref": "way/348019449 (waterway=dam)", "wikidata": "", "confidence": "high", "notes": "pass2: an independent web GPS (46.7264,23.2969, read from a search snippet) agrees with the OSM dam to ~0.35 km (the dam crest is 232 m long); dimensions in the web text (97 m, double-curvature arch) match the report (98 m). Top point = OSM dam polygon centre. Hydro plant (way/1423443468) at the toe.", "open_question": "", "review_note": "", "sources": "[{\"source\": \"osm\", \"ref\": \"way/348019449\", \"lat\": 46.72739, \"lon\": 23.30082, \"precision\": \"site\", \"evidence\": \"OSM waterway=dam 'Barajul Tarnița' (centre of 38 nodes)\", \"retrieved\": \"2026-10-05\", \"by\": \"agent\", \"d_m\": 0}, {\"source\": \"web\", \"ref\": \"https://adevarul.ro/stiri-locale/cluj-napoca/minunea-de-la-tarnita-cel-mai-suplu-baraj-din-1609296.html\", \"lat\": 46.72641, \"lon\": 23.29685, \"precision\": \"site\", \"evidence\": \"Web pages on the Tarnița dam (result set incl. welcometoromania/turistprinromania) give GPS 46.72641,23.29685 (97 m double-curvature arch, crest span 232 m, 1974); 0.35 km from the OSM dam centre\", \"retrieved\": \"2026-10-05\", \"by\": \"agent\", \"d_m\": 322}, {\"source\": \"wikipedia\", \"ref\": \"https://en.wikipedia.org/wiki/Lake_Tarni%C8%9Ba\", \"lat\": 46.72111, \"lon\": 23.27806, \"precision\": \"area\", \"evidence\": \"Lake coordinates (1.8 km W), not the dam\", \"retrieved\": \"2026-10-05\", \"by\": \"agent\", \"d_m\": 1870}]", "checked_by": "agent (sonnet) + auto (s21)", "flags": "", "name": "barajul Tarnița-Someș", "type": "bc_baraj", "class": "structure", "locality": "", "address_1977": "", "period": "", "height": "", "system": "", "iv_classes": "", "iv_techniques": "", "iv_only_proposed": "", "outcome_unit": "v1_p0256_03"}}, {"type": "Feature", "id": "v1_b_X023_b_baraj_vidra", "geometry": {"type": "Point", "coordinates": [23.7691, 45.44724]}, "properties": {"building_id": "v1_b_X023_b_baraj_vidra", "batch_id": "P2_07", "locatable": "point", "precision": "site", "status": "single", "n_sources": "2", "n_agree": "1", "agreement_m": "", "outcome_1977": "none", "outcome_quote": "nu s-a semnalat nici o deformație, fisură sau modificare la debitul de infiltrație", "status_today": "standing", "status_source": "OSM way/120275819", "modern_address": "Barajul Vidra, Lotru, Voineasa, jud. Vâlcea", "historic_address_note": "Vidra rockfill dam on Lotru.", "dupacutremur_building_uid": "", "osm_footprint_ref": "way/120275819 (waterway=dam); reservoir way/88364677", "wikidata": "Q599713", "confidence": "high", "notes": "pass2: dam way and the east tip of the (separately mapped) reservoir polygon agree within ~150 m; Wikidata gives the lake only, consistent with a dam at its east end. Web description (rockfill, clay core, 121.5 m) matches the report. Dam coordinate rests on OSM objects only (no web coordinate), i.e. two OSM objects plus the lake in Wikidata rather than fully independent families; kept high because identity is unambiguous and the geometry is consistent.", "open_question": "", "review_note": "", "sources": "[{\"source\": \"osm\", \"ref\": \"way/120275819\", \"lat\": 45.44724, \"lon\": 23.7691, \"precision\": \"site\", \"evidence\": \"OSM waterway=dam 'Barajul Vidra' (Bing-traced)\", \"retrieved\": \"2026-10-05\", \"by\": \"agent\", \"d_m\": 0}, {\"source\": \"osm\", \"ref\": \"way/88364677#east-tip\", \"lat\": 45.4458887, \"lon\": 23.7694174, \"precision\": \"site\", \"evidence\": \"East tip of the OSM reservoir polygon (CLC-import, separate object): the lake closes at the dam, 0.15 km from the dam way\", \"retrieved\": \"2026-10-05\", \"by\": \"agent\", \"d_m\": 152}, {\"source\": \"wikidata\", \"ref\": \"Q599713\", \"lat\": 45.430555555556, \"lon\": 23.733333333333, \"precision\": \"area\", \"evidence\": \"Vidra lake point (3.3 km W, lake centre; agrees with the lake polygon centroid 45.4322,23.7329)\", \"retrieved\": \"2026-10-05\", \"by\": \"agent+auto\", \"d_m\": 3351}, {\"source\": \"web\", \"ref\": \"https://editiadedimineata.ro/descopera-romania-barajul-si-lacul-vidra-din-voineasa/\", \"lat\": null, \"lon\": null, \"precision\": \"site\", \"evidence\": \"Vidra rockfill dam with clay core, 121.5 m high, crest 350 m, built 1965-72 on the Lotru, lake ~8 km long: matches the report's 123 m rockfill/clay core (no coordinates)\", \"retrieved\": \"2026-10-05\", \"by\": \"agent\"}]", "checked_by": "agent (sonnet) + auto (s21)", "flags": "", "name": "barajul Vidra-Lotru", "type": "bc_baraj", "class": "structure", "locality": "", "address_1977": "", "period": "", "height": "", "system": "", "iv_classes": "", "iv_techniques": "", "iv_only_proposed": "", "outcome_unit": "v1_p0256_04"}}, {"type": "Feature", "id": "v1_b_X023_b_baraj_vidraru", "geometry": {"type": "Point", "coordinates": [24.631465, 45.366309]}, "properties": {"building_id": "v1_b_X023_b_baraj_vidraru", "batch_id": "G13", "locatable": "point", "precision": "site", "status": "verified", "n_sources": "2", "n_agree": "2", "agreement_m": "107", "outcome_1977": "none", "outcome_quote": "au avut o comportare foarte bună la cutremur", "status_today": "standing", "status_source": "OSM way/86100335", "modern_address": "Barajul Vidraru, Argeș (Arefu), jud. Argeș", "historic_address_note": "Vidraru arch dam 166 m.", "dupacutremur_building_uid": "", "osm_footprint_ref": "way/86100335", "wikidata": "Q1545678", "confidence": "high", "notes": "Two sources agree within ~100 m.", "open_question": "", "review_note": "", "sources": "[{\"source\": \"osm\", \"ref\": \"way/86100335\", \"lat\": 45.3663087, \"lon\": 24.6314651, \"precision\": \"site\", \"evidence\": \"OSM dam 'Barajul Vidraru'\", \"retrieved\": \"2026-10-05\", \"by\": \"agent\", \"d_m\": 0}, {\"source\": \"wikidata\", \"ref\": \"Q1545678\", \"lat\": 45.36664, \"lon\": 24.63018, \"precision\": \"site\", \"evidence\": \"Vidraru Dam\", \"retrieved\": \"2026-10-05\", \"by\": \"agent+auto\", \"d_m\": 107}]", "checked_by": "agent (sonnet) + auto (s21)", "flags": "", "name": "barajul Vidraru-Argeș", "type": "bc_baraj", "class": "structure", "locality": "", "address_1977": "", "period": "", "height": "", "system": "", "iv_classes": "", "iv_techniques": "", "iv_only_proposed": "", "outcome_unit": "v1_p0256_03"}}, {"type": "Feature", "id": "v1_b_X024_b_pod_cf_arges_km23_577", "geometry": {"type": "Point", "coordinates": [26.1609, 44.2398]}, "properties": {"building_id": "v1_b_X024_b_pod_cf_arges_km23_577", "batch_id": "P3_05", "locatable": "point", "precision": "site", "status": "single", "n_sources": "1", "n_agree": "1", "agreement_m": "", "outcome_1977": "moderate", "outcome_quote": "dislocări de cuzineți la aparatele de reazem fixe pe pila 1 și 2, tasări de terasamente la culei, crăpături și tasări la sferturile de con", "status_today": "replaced", "status_source": "https://profit.ro/povesti-cu-profit/auto-transporturi/podul-gradistea-va-fi-reconstruit-de-porr-construct-19578454", "modern_address": "Pod CF peste Argeș între halta Vidra și halta Grădiștea (limita jud. Ilfov-Giurgiu), linia București-Giurgiu", "historic_address_note": "", "dupacutremur_building_uid": "", "osm_footprint_ref": "way/23588797 (rail line, bridge section not tagged)", "wikidata": "", "confidence": "medium", "notes": "Identification: 1867, Argeș, line București-Giurgiu, km 23+5xx matches the press 'Podul Grădiștea' (km 23+607 for the rebuilt bridge; the 30 m difference is the new alignment or rounding). Point is interpolated from OSM boundary and rail geometry, accuracy about +-150 m. Searches: web x3, nom (Grădiștea/Vidra/Comana), OSM API bbox scan.", "open_question": "Verify the crossing on satellite imagery; the OSM rail way is not split as a bridge here.", "review_note": "", "sources": "[{\"source\": \"web\", \"ref\": \"https://profit.ro/povesti-cu-profit/auto-transporturi/podul-gradistea-va-fi-reconstruit-de-porr-construct-19578454\", \"lat\": null, \"lon\": null, \"precision\": \"site\", \"evidence\": \"Press: the 1867 railway bridge over the Arges at Gradistea, km 23+607, between Vidra and Gradistea; old bridge destroyed 2005; new bridge built from 2020 (article gives no coordinates)\", \"retrieved\": \"2026-10-05\", \"by\": \"agent\"}, {\"source\": \"osm\", \"ref\": \"way/23588797 (rail line) + county boundary 'Giurgiu - Ilfov'\", \"lat\": 44.2398, \"lon\": 26.1609, \"precision\": \"site\", \"evidence\": \"Arges is the Giurgiu/Ilfov boundary; boundary crosses railway way 23588797 at about this point (interpolated between boundary nodes 44.2375,26.1507 and 44.2434,26.1768), within the unbridged OSM segment 44.2351-44.2397\", \"retrieved\": \"2026-10-05\", \"by\": \"agent\", \"d_m\": 0}]", "checked_by": "agent (sonnet) + auto (s21)", "flags": "footprint_ref_is_a_line", "name": "podul de cale ferată peste Argeș de la km 23 + 577 pe linia București-Giurgiu", "type": "bc_pod", "class": "structure", "locality": "", "address_1977": "km 23 + 577 pe linia București-Giurgiu", "period": "", "height": "", "system": "", "iv_classes": "", "iv_techniques": "", "iv_only_proposed": "", "outcome_unit": "v1_p0264_05"}}, {"type": "Feature", "id": "v1_b_X025_b_continental", "geometry": {"type": "Point", "coordinates": [26.101718, 44.434412]}, "properties": {"building_id": "v1_b_X025_b_continental", "batch_id": "P2_07", "locatable": "point", "precision": "site", "status": "verified", "n_sources": "2", "n_agree": "2", "agreement_m": "10", "outcome_1977": "collapsed", "outcome_quote": "clădire prăbușită; probe cu carbonatare (cristale de calcit)", "status_today": "replaced", "status_source": "web: newsweek.ro, hartablocuri.ro/cutremur (block demolished, new building on site); dupacutremur uid qv9onj (2S+P+10E built 1978)", "modern_address": "Colțul Str. Ion Ghica / Str. Toma Caragiu (ex-Str. Colonadelor nr. 3), Colțea, Centrul Istoric, București (sector 3); plot now occupied by the 1978 block Str. Ion Nistor nr. 6 / 'Bl. 3'", "historic_address_note": "Bloc Colonadelor = blocul Continental: Str. Colonadelor nr. 3 in 1977 (hartablocuri.ro); Colonadelor is today's Str. Toma Caragiu (agerpres, newsweek). Corner of Ion Ghica and Colonadelor, behind Palatul Suțu. P+10+mansard, 72 flats, c. 1935-37.", "dupacutremur_building_uid": "qv9onj", "osm_footprint_ref": "way/129316968 ('Bl. 3', 9 levels; replacement block on the site)", "wikidata": "", "confidence": "medium", "notes": "pass2: three independent web families (hartablocuri list, AGERPRES, Newsweek) give the same place: corner of Str. Ion Ghica and Str. Colonadelor (now Toma Caragiu). Continental and Colonadelor are the SAME block (hartablocuri titles it 'Bloc Colonadelor (Continental)'), resolving the earlier doubt. The exact plot is inferred: the register has a 1978 P+10 block (Ion Nistor 6) at the corner, built right after the quake with the same height - consistent with, but not proven to be, the replacement. Coordinates therefore single family (register+OSM at the same spot) with street-level agreement from text. The pressone caption (Ion Ghica / Ion Nistor) is the same site.", "open_question": "Check a historic map/1977 photo to confirm the footprint (Ion Nistor 6 vs the 7-level blocks ~100 m SE).", "review_note": "", "sources": "[{\"source\": \"dupacutremur\", \"ref\": \"qv9onj\", \"lat\": 44.434405, \"lon\": 26.101823, \"precision\": \"building\", \"evidence\": \"Register: Str. Ion Nistor 6, 2S+P+10E built 1978, sector 3, at the Ion Ghica / Toma Caragiu corner - a 1978 P+10 block on the plot of the collapsed 1935 P+10 block (inferred replacement, not stated by the register)\", \"retrieved\": \"2026-10-05\", \"by\": \"agent+auto\", \"d_m\": 8}, {\"source\": \"osm\", \"ref\": \"way/129316968\", \"lat\": 44.434483, \"lon\": 26.10179, \"precision\": \"building\", \"evidence\": \"OSM building 'Bl. 3' (apartments, 9 levels) on the same corner (~8 m from the register record)\", \"retrieved\": \"2026-10-05\", \"by\": \"agent\", \"d_m\": 10}, {\"source\": \"web\", \"ref\": \"https://www.hartablocuri.ro/cutremur/\", \"lat\": null, \"lon\": null, \"precision\": \"address\", \"evidence\": \"List of collapsed blocks: 'Strada Colonadelor nr. 3 - Bloc Colonadelor (Continental)', P+10+Ma, 72 flats, 1935, partially collapsed; adjacent Bloc Grădinița at Str. Bibliotecii 6\", \"retrieved\": \"2026-10-05\", \"by\": \"agent\"}, {\"source\": \"web\", \"ref\": \"https://agerpres.ro/documentare/2022/02/25/cutremur-1977-cladiri-importante-din-bucuresti-distruse-in-urma-seismului-din-4-martie--875703\", \"lat\": null, \"lon\": null, \"precision\": \"street\", \"evidence\": \"Continental block behind the National Theatre / Palatul Suțu on Colonadelor Street (now Toma Caragiu), Continental bar in basement\", \"retrieved\": \"2026-10-05\", \"by\": \"agent\"}, {\"source\": \"web\", \"ref\": \"https://newsweek.ro/actualitate/blocul-unde-a-murit-toma-caragiu-la-cutremur-inconjurat-de-imobile-cu-bulina-pericol-de-prabusire\", \"lat\": null, \"lon\": null, \"precision\": \"street\", \"evidence\": \"Block where Toma Caragiu died stood at the Ion Ghica / Colonadelor (now Toma Caragiu) corner; demolished, new building on the site\", \"retrieved\": \"2026-10-05\", \"by\": \"agent\"}, {\"source\": \"osm\", \"ref\": \"way/191127314\", \"lat\": 44.4341631, \"lon\": 26.1013505, \"precision\": \"street\", \"evidence\": \"Strada Toma Caragiu (pass 1, street only)\", \"retrieved\": \"2026-10-05\", \"by\": \"agent\", \"d_m\": 40}]", "checked_by": "agent (sonnet) + auto (s21)", "flags": "", "name": "blocul \"Continental\"", "type": "", "class": "structure", "locality": "", "address_1977": "", "period": "", "height": "", "system": "", "iv_classes": "", "iv_techniques": "", "iv_only_proposed": "", "outcome_unit": "v1_p0275_04"}}, {"type": "Feature", "id": "v1_b_X025_b_sahia_1_3", "geometry": {"type": "Point", "coordinates": [26.105254, 44.436514]}, "properties": {"building_id": "v1_b_X025_b_sahia_1_3", "batch_id": "P2_07", "locatable": "area", "precision": "street", "status": "area", "n_sources": "1", "n_agree": "1", "agreement_m": "", "outcome_1977": "collapsed", "outcome_quote": "clădire prăbușită; probe cu carbonatare (cristale de calcit)", "status_today": "unknown", "status_source": "no register record for Calderon 1-12; no source on the plot", "modern_address": "Str. Jean Louis Calderon (ex-Str. Alexandru Sahia), near its start at Piața C. A. Rosetti / Bd. Carol I, București (sector 2) - numbers 1-3 inferred", "historic_address_note": "Str. Alexandru Sahia was renamed Str. Jean Louis Calderon after 1989 (AGERPRES, Flickr 'cutremur' album). Numbering assumed unchanged (Sahia 58 appears as Calderon 58 in OSM). Odd nos. 1-3 would lie at the street start opposite Calderon 4 (OSM node at 44.43651,26.10525).", "dupacutremur_building_uid": "", "osm_footprint_ref": "", "wikidata": "", "confidence": "low", "notes": "pass2: street renaming resolved (Alexandru Sahia -> Jean Louis Calderon, verified by AGERPRES and the Flickr 'cutremur' archive), but the specific block 'nr. 1-3' is not documented in any source found. Sources describe the collapse of one of three attached blocks at C. A. Rosetti x Sahia (nos. 58 or 35, see the sahia_58 entry); nr. 1-3 may be the same event under another number or a different block. The coordinate is a street-level numbering inference, NOT a located plot; OSM 'Bl. TA 1-3' is on Str. Tudor Arghezi and unrelated. Treat as area/street.", "open_question": "Is 'Sahia 1-3' the same collapsed ensemble as 'Sahia 58'? Check 1977 reports/old street index.", "review_note": "", "sources": "[{\"source\": \"osm\", \"ref\": \"node/2440877323\", \"lat\": 44.436514, \"lon\": 26.105254, \"precision\": \"street\", \"evidence\": \"OSM address node Str. Jean Louis Calderon 4 (Salon Clasic), the first numbered address at the start of Calderon street; nos. 1-3 would be directly opposite - inference from numbering only\", \"retrieved\": \"2026-10-05\", \"by\": \"agent\", \"d_m\": 0}, {\"source\": \"web\", \"ref\": \"https://agerpres.ro/documentare/2022/02/25/cutremur-1977-cladiri-importante-din-bucuresti-distruse-in-urma-seismului-din-4-martie--875703\", \"lat\": null, \"lon\": null, \"precision\": \"street\", \"evidence\": \"Sahia Street block behind the National Theatre, Alexandru Sahia (now J.L. Calderon): three blocks attached, middle one collapsed; AGERPRES gives no. 35 at the Rosetti corner, i.e. it does not corroborate nos. 1-3\", \"retrieved\": \"2026-10-05\", \"by\": \"agent\"}, {\"source\": \"web\", \"ref\": \"https://pressone.ro/au-trecut-40-de-ani-cutremurul-din-1977-in-imagini\", \"lat\": null, \"lon\": null, \"precision\": \"street\", \"evidence\": \"Photo caption: ruins of the Sahia block behind the Teatrul Național\", \"retrieved\": \"2026-10-05\", \"by\": \"agent\"}, {\"source\": \"web\", \"ref\": \"https://www.flickr.com/photos/cutremur/albums/72157675031764615/\", \"lat\": null, \"lon\": null, \"precision\": \"street\", \"evidence\": \"Album 'Bloc Str Calderon (înainte Str Alexandru Sahia 58)': ruins at C. A. Rosetti x Alex. Sahia (Calderon)\", \"retrieved\": \"2026-10-05\", \"by\": \"agent\"}]", "checked_by": "agent (sonnet) + auto (s21)", "flags": "", "name": "blocul din Str. Alex. Sahia, nr. 1-3", "type": "", "class": "structure", "locality": "", "address_1977": "", "period": "", "height": "", "system": "", "iv_classes": "", "iv_techniques": "", "iv_only_proposed": "", "outcome_unit": "v1_p0275_04"}}, {"type": "Feature", "id": "v1_b_X025_b_sahia_58", "geometry": {"type": "Point", "coordinates": [26.104564, 44.441244]}, "properties": {"building_id": "v1_b_X025_b_sahia_58", "batch_id": "P2_07", "locatable": "point", "precision": "address", "status": "probable", "n_sources": "2", "n_agree": "1", "agreement_m": "", "outcome_1977": "unknown", "outcome_quote": "", "status_today": "replaced", "status_source": "web: hartablocuri.ro/cutremur (new 8-storey block on site); OSM way/431577753 (9-level block at the corner)", "modern_address": "Str. Jean Louis Calderon nr. 58 (ex-Str. Alexandru Sahia 58), colț cu Str. C. A. Rosetti, București (sector 2)", "historic_address_note": "Sahia 58 = Str. Jean Louis Calderon (street renamed after 1989; Flickr 'cutremur' album 'Str Calderon (înainte Str Alexandru Sahia 58)'). P+8, 24 flats, built 1935, one of 3 attached blocks; collapsed completely at the quake; a taller communist-era block was built on the plot (hartablocuri). Today Calderon 54-58 are 9-level blocks at the Rosetti corner.", "dupacutremur_building_uid": "", "osm_footprint_ref": "way/431577753 (9-level block at the C. A. Rosetti corner; neighbour way/163622262 also 9 levels)", "wikidata": "", "confidence": "medium", "notes": "pass2: street renamed (verified). Independent web families (Flickr cutremur archive, hartablocuri, bucurestiulmeudrag, AGERPRES for the corner) put the block at C. A. Rosetti x Calderon (ex-Sahia). Point = OSM address nodes Calderon 58 at that corner; the plot is the east side: corner block way/431577753 (9 levels) or the adjacent way/163622262 (also 9 levels) - one of them is the replacement. Number 58 vs AGERPRES 'no. 35' discrepancy unresolved. The report text gives no outcome for this block (only concrete core strengths), so outcome stays unknown; press: total collapse.", "open_question": "Which of way/431577753 / way/163622262 is on the 1935 plot; reconcile no. 58 vs no. 35.", "review_note": "", "sources": "[{\"source\": \"osm\", \"ref\": \"node/2363069882\", \"lat\": 44.441244, \"lon\": 26.104564, \"precision\": \"address\", \"evidence\": \"OSM address node 'AutoRC Hobby Store', Str. Jean Louis Calderon 58 (next to node/2440139899 at 44.44119,26.10458, also nr. 58) - the number 58 exists at this corner today\", \"retrieved\": \"2026-10-05\", \"by\": \"agent\", \"d_m\": 0}, {\"source\": \"web\", \"ref\": \"https://www.flickr.com/photos/cutremur/albums/72157675031764615/\", \"lat\": null, \"lon\": null, \"precision\": \"address\", \"evidence\": \"Archive album titled 'Bloc Str Calderon (înainte Str Alexandru Sahia 58)', ruins at C. A. Rosetti x Alex. Sahia (Calderon)\", \"retrieved\": \"2026-10-05\", \"by\": \"agent\"}, {\"source\": \"web\", \"ref\": \"https://www.hartablocuri.ro/cutremur/\", \"lat\": null, \"lon\": null, \"precision\": \"address\", \"evidence\": \"Collapsed-blocks list: Str. Alexandru Sahia nr. 58, P+8, 24 flats, 1935, totally collapsed, replaced by an 8-storey communist block\", \"retrieved\": \"2026-10-05\", \"by\": \"agent\"}, {\"source\": \"web\", \"ref\": \"https://bucurestiulmeudrag.ro/fotografii/58b87ec4-03b8-4e09-b830-c47b592b13d5\", \"lat\": null, \"lon\": null, \"precision\": \"street\", \"evidence\": \"Photo: ruins of the block at the intersection of C. A. Rosetti with Alexandru Sahia\", \"retrieved\": \"2026-10-05\", \"by\": \"agent\"}, {\"source\": \"dupacutremur\", \"ref\": \"pfwg7a\", \"lat\": 44.441597, \"lon\": 26.10431, \"precision\": \"street\", \"evidence\": \"Register has Calderon 59 (S+P+Mz+7E, 1935, odd side, west of the street) and 61 - no register record for Calderon 58 (replaced/untracked)\", \"retrieved\": \"2026-10-05\", \"by\": \"agent\", \"d_m\": 44}]", "checked_by": "agent (sonnet) + auto (s21)", "flags": "", "name": "blocul din Str. Alex. Sahia nr. 58", "type": "", "class": "structure", "locality": "", "address_1977": "", "period": "", "height": "", "system": "", "iv_classes": "", "iv_techniques": "", "iv_only_proposed": "", "outcome_unit": ""}}, {"type": "Feature", "id": "v1_b_X034_b_man", "geometry": {"type": "Point", "coordinates": [26.09794, 44.42414]}, "properties": {"building_id": "v1_b_X034_b_man", "batch_id": "P2_07", "locatable": "point", "precision": "building", "status": "verified", "n_sources": "2", "n_agree": "2", "agreement_m": "13", "outcome_1977": "moderate", "outcome_quote": "consolidarea după cutremur a unor planșee de beton armat fisurate pe reazeme la clădirea Marii Adunări Naționale", "status_today": "standing", "status_source": "https://en.wikipedia.org/wiki/Palace_of_the_Patriarchate", "modern_address": "Palatul Patriarhiei, Aleea Dealul Mitropoliei 25, București (sector 4)", "historic_address_note": "The communist-era Palatul Marii Adunări Naționale = former Palace of the Chamber of Deputies (1907), today Palatul Patriarhiei on Dealul Mitropoliei.", "dupacutremur_building_uid": "", "osm_footprint_ref": "relation/14059159", "wikidata": "Q12737424", "confidence": "high", "notes": "pass2: second coordinate family found: the en.wikipedia infobox (44°25'27\"N 26°05'52\"E = 44.4242,26.0978) is ~25 m from the OSM relation; top point is the mean of the two. Identification of 'clădirea Marii Adunări Naționale' with the Dealul Mitropoliei palace is solid for 1977 (Palatul Parlamentului did not yet exist). The report says only that Trustul Carpați strengthened cracked slabs there.", "open_question": "", "review_note": "", "sources": "[{\"source\": \"osm\", \"ref\": \"relation/14059159\", \"lat\": 44.4241131, \"lon\": 26.0980918, \"precision\": \"building\", \"evidence\": \"OSM building relation Palatul Patriarhiei, Aleea Dealul Mitropoliei 25\", \"retrieved\": \"2026-10-05\", \"by\": \"agent+auto\", \"d_m\": 12}, {\"source\": \"wikipedia\", \"ref\": \"https://en.wikipedia.org/wiki/Palace_of_the_Patriarchate\", \"lat\": 44.424167, \"lon\": 26.097778, \"precision\": \"building\", \"evidence\": \"Infobox coordinates 44°25'27\\\"N 26°05'52\\\"E = 44.4242,26.0978, ~25 m from the OSM point; article says this was the Palace of the Great National Assembly in the communist era\", \"retrieved\": \"2026-10-05\", \"by\": \"agent\", \"d_m\": 13}, {\"source\": \"wikidata\", \"ref\": \"Q12737424\", \"lat\": null, \"lon\": null, \"precision\": \"building\", \"evidence\": \"Item Palatul Patriarhiei (no coordinates returned)\", \"retrieved\": \"2026-10-05\", \"by\": \"agent\"}]", "checked_by": "agent (sonnet) + auto (s21)", "flags": "", "name": "clădirea Marii Adunări Naționale", "type": "", "class": "structure", "locality": "", "address_1977": "", "period": "", "height": "", "system": "", "iv_classes": "local", "iv_techniques": "ms_placare_otel", "iv_only_proposed": "0", "outcome_unit": "v1_p0364_00"}}, {"type": "Feature", "id": "v1_b_X036_b_incerc_hala_experimentari", "geometry": {"type": "Point", "coordinates": [26.161325, 44.440743]}, "properties": {"building_id": "v1_b_X036_b_incerc_hala_experimentari", "batch_id": "P2_07", "locatable": "point", "precision": "site", "status": "single", "n_sources": "1", "n_agree": "1", "agreement_m": "", "outcome_1977": "unknown", "outcome_quote": "", "status_today": "unknown", "status_source": "", "modern_address": "INCD URBAN-INCERC, Șos. Pantelimon 266, București (sector 2)", "historic_address_note": "INCERC Bucharest main site; no source states that the technological experiment hall is at this site rather than other INCERC premises.", "dupacutremur_building_uid": "", "osm_footprint_ref": "way/1133248207 (INCERC campus amenity)", "wikidata": "", "confidence": "low", "notes": "pass2: campus address confirmed by the institute's own report and by two OSM objects (single coordinate family). No source locates the 'hala de experimentări tehnologice' within the campus (no named hall in OSM; Pantelimon 266 also houses ICECON) and nothing confirms the hall was on this site rather than another INCERC premises, though INCERC Bucharest is based there. Kept at site level.", "open_question": "Identify the experimental technology hall on orthophoto; confirm INCERC 1977 premises.", "review_note": "", "sources": "[{\"source\": \"osm\", \"ref\": \"way/1133248207\", \"lat\": 44.440743, \"lon\": 26.1613246, \"precision\": \"site\", \"evidence\": \"OSM 'URBAN INCD INCERC', Șos. Pantelimon 266 (research_institute); footprint centre\", \"retrieved\": \"2026-10-05\", \"by\": \"agent\", \"d_m\": 0}, {\"source\": \"osm\", \"ref\": \"way/426757745\", \"lat\": 44.440157, \"lon\": 26.159999, \"precision\": \"site\", \"evidence\": \"OSM building 'INCERC' on the same campus (Str. Icecon), ~120 m SW\", \"retrieved\": \"2026-10-05\", \"by\": \"agent\", \"d_m\": 124}, {\"source\": \"web\", \"ref\": \"https://incd.ro/wp-content/uploads/2023/06/Raport-activitate-INCD-URBAN-INCERC.pdf\", \"lat\": null, \"lon\": null, \"precision\": \"address\", \"evidence\": \"Institute report: INCD URBAN-INCERC Sucursala București HQ at Șos. Pantelimon 266, sector 2; ICECON shares the site\", \"retrieved\": \"2026-10-05\", \"by\": \"agent\"}]", "checked_by": "agent (sonnet) + auto (s21)", "flags": "", "name": "Hala de experimentări tehnologice de la INCERC", "type": "bc_hala", "class": "structure", "locality": "", "address_1977": "", "period": "", "height": "", "system": "", "iv_classes": "local", "iv_techniques": "ms_camasuire", "iv_only_proposed": "0", "outcome_unit": ""}}, {"type": "Feature", "id": "v4_b_lido_peco_magheru5", "geometry": {"type": "Point", "coordinates": [26.098314, 44.441796]}, "properties": {"building_id": "v4_b_lido_peco_magheru5", "batch_id": "P3_06", "locatable": "point", "precision": "building", "status": "probable", "n_sources": "2", "n_agree": "1", "agreement_m": "", "outcome_1977": "collapsed", "outcome_quote": "după cutremur (prăbușire parțială)", "status_today": "replaced", "status_source": "https://www.hartablocuri.ro/cutremur/", "modern_address": "Str. Anastase Simu 6 / Str. Benjamin Franklin 9-11, București (sector 1) - Blocul Simu (Lido), refăcut", "historic_address_note": "Caption: Bd. Magheru 5 (Str. A. Simu 6 sau Str. Franklin 11). Magheru 5 is the neighbouring Hotel Lido; the block stands behind it between Franklin, A. Simu and Magheru. Street names unchanged.", "dupacutremur_building_uid": "jcjato", "osm_footprint_ref": "no separate polygon identified; OSM address nodes Str. Anastase Simu 6 on the block; Hotel Lido = way/162494340 (neighbour)", "wikidata": "", "confidence": "medium", "notes": "Both alternative addresses of the caption (A. Simu 6, Franklin 11) lie on this block. Hotel Lido (Magheru 5, way/162494340, 44.44148,26.09906) is next door and is not the collapsed block. Register footprint centre used for the point. Pre-1977 block was rebuilt as a copy.", "open_question": "Check which OSM/register polygon is the Simu block (register point and footprint centre are ~15 m apart).", "review_note": "", "sources": "[{\"source\": \"dupacutremur\", \"ref\": \"jcjato\", \"lat\": 44.441803, \"lon\": 26.098523, \"precision\": \"building\", \"evidence\": \"Register: Anastasie Simu 6, built 1935, S+P+7E (matches P+7), footprint centre\", \"retrieved\": \"2026-10-05\", \"by\": \"agent+auto\", \"d_m\": 17}, {\"source\": \"web\", \"ref\": \"https://www.hartablocuri.ro/cutremur/\", \"lat\": null, \"lon\": null, \"precision\": \"address\", \"evidence\": \"Lists 'Simu/Lido', Str. Anastasie Simu 6; half collapsed in 1977, rebuilt as an imitation\", \"retrieved\": \"2026-10-05\", \"by\": \"agent\"}, {\"source\": \"web\", \"ref\": \"https://bucurestiivechisinoi.ro/2011/02/4-martie-1977-pe-magheru-2/\", \"lat\": null, \"lon\": null, \"precision\": \"street\", \"evidence\": \"Blocul Simu between Franklin, A. Simu and Magheru, over half collapsed, rebuilt almost identical\", \"retrieved\": \"2026-10-05\", \"by\": \"agent\"}, {\"source\": \"osm\", \"ref\": \"node/11067430932\", \"lat\": 44.44177, \"lon\": 26.098578, \"precision\": \"address\", \"evidence\": \"OSM address points Str. Anastase Simu 6 on this block\", \"retrieved\": \"2026-10-05\", \"by\": \"agent\", \"d_m\": 21}]", "checked_by": "agent (sonnet) + auto (s21)", "flags": "", "name": "Blocul de locuințe \"Lido\" (Peco)", "type": "bc_bloc", "class": "structure", "locality": "București", "address_1977": "Bd. Magheru 5 (Str. A. Simu 6 sau Str. Franklin 11)", "period": "", "height": "P+7", "system": "ss_cadre_ba", "iv_classes": "", "iv_techniques": "", "iv_only_proposed": "", "outcome_unit": ""}}, {"type": "Feature", "id": "v4_b_dunarea_balcescu3_5", "geometry": {"type": "Point", "coordinates": [26.101136, 44.43681]}, "properties": {"building_id": "v4_b_dunarea_balcescu3_5", "batch_id": "P3_06", "locatable": "point", "precision": "address", "status": "single", "n_sources": "1", "n_agree": "1", "agreement_m": "", "outcome_1977": "collapsed", "outcome_quote": "Vedere după cutremur (prăbușire aproape totală).", "status_today": "replaced", "status_source": "https://www.hartablocuri.ro/cutremur/", "modern_address": "Bd. Nicolae Bălcescu 3-5 (lângă Piața Universității / Piața 21 Decembrie 1989), București (sector 1)", "historic_address_note": "Bd. Bălcescu 3-5 unchanged; block Dunărea (Bavaria) built on the old Hotel Britania plot next to the University fountain plaza.", "dupacutremur_building_uid": "", "osm_footprint_ref": "way/129316960 (Bl. Dunărea 1, 11 levels; replacement block)", "wikidata": "", "confidence": "medium", "notes": "Point is the mean of the OSM 'Bl. Dunărea 1' footprint and the OSM address nodes 3-5 (~35 m apart). The original footprint vs the replacement block's is not documented. Register has no Bălcescu 3 or 5 record.", "open_question": "Confirm which OSM polygon is the Dunărea 2 block on the plot of the collapsed block.", "review_note": "", "sources": "[{\"source\": \"osm\", \"ref\": \"way/129316960\", \"lat\": 44.436815, \"lon\": 26.100849, \"precision\": \"building\", \"evidence\": \"OSM 'Bl. Dunărea 1', apartments, 11 levels, west of the University plaza (replacement Dunărea 2 per press)\", \"retrieved\": \"2026-10-05\", \"by\": \"agent\", \"d_m\": 23}, {\"source\": \"osm\", \"ref\": \"node/2457812168\", \"lat\": 44.4370714, \"lon\": 26.1013956, \"precision\": \"address\", \"evidence\": \"OSM address points Bd. Nicolae Bălcescu 3-5 (several nodes) at the plaza\", \"retrieved\": \"2026-10-05\", \"by\": \"agent\", \"d_m\": 36}, {\"source\": \"web\", \"ref\": \"https://www.hartablocuri.ro/cutremur/\", \"lat\": null, \"lon\": null, \"precision\": \"address\", \"evidence\": \"Dunărea, Bd. Bălcescu 3-5, partially collapsed 1977, replaced by Bloc Dunărea 2\", \"retrieved\": \"2026-10-05\", \"by\": \"agent\"}, {\"source\": \"web\", \"ref\": \"https://playtech.ro/2024/cum-s-a-lasat-blestemul-hotelului-britania-din-bucuresti-peste-blocul-dunarea-1-prabusit-la-cutremurul-din-1977/\", \"lat\": null, \"lon\": null, \"precision\": \"area\", \"evidence\": \"Dunărea 1 on the Britania hotel plot at University plaza; Dunărea 2 built in its place\", \"retrieved\": \"2026-10-05\", \"by\": \"agent\"}]", "checked_by": "agent (sonnet) + auto (s21)", "flags": "", "name": "Blocul de locuințe \"Dunărea\"", "type": "bc_bloc", "class": "structure", "locality": "București", "address_1977": "Bd. Bălcescu 3-5", "period": "", "height": "P+8", "system": "ss_cadre_ba", "iv_classes": "", "iv_techniques": "", "iv_only_proposed": "", "outcome_unit": ""}}, {"type": "Feature", "id": "v4_b_continental_bibliotecii6", "geometry": {"type": "Point", "coordinates": [26.101718, 44.434412]}, "properties": {"building_id": "v4_b_continental_bibliotecii6", "batch_id": "P3_06", "locatable": "area", "precision": "area", "status": "area", "n_sources": "1", "n_agree": "1", "agreement_m": "", "outcome_1977": "collapsed", "outcome_quote": "Vedere după cutremur (prăbușire aproape totală; porțiunea rămasă a fost demolată ulterior).", "status_today": "demolished", "status_source": "https://www.hartablocuri.ro/cutremur/", "modern_address": "Zona Str. Ion Ghica / Str. Toma Caragiu (ex-Colonadelor) / Str. Ion Nistor, Colțea, București (sector 3)", "historic_address_note": "Str. Bibliotecii 6 (Bloc Grădinița, P+10, 1939) built adjoining the Colonadelor/Continental block; Str. Bibliotecii not found in OSM/Nominatim; Colonadelor = Toma Caragiu (data/street_renamings.csv).", "dupacutremur_building_uid": "", "osm_footprint_ref": "way/129316968 (post-1977 block on neighbouring Colonadelor plot, context only)", "wikidata": "", "confidence": "low", "notes": "SITE_UNKNOWN_DEMOLISHED. Adjacent to the Colonadelor/Continental plot (answered separately in P2_07) but the plot of Bibliotecii 6 itself is not documented. Searched: dupa 'bibliotecii' (0), dupa 'ion ghica' 8 (0), nom 'Strada Bibliotecii' (0), street_renamings (no entry), web (newsweek/pressone place the ruins around Ion Ghica and Ion Nistor streets). Point is an adjacency proxy only.", "open_question": "Old city plan showing Str. Bibliotecii and no. 6; plot of the neighbouring kindergarten.", "review_note": "", "sources": "[{\"source\": \"dupacutremur\", \"ref\": \"qv9onj\", \"lat\": 44.434412, \"lon\": 26.101718, \"precision\": \"area\", \"evidence\": \"Register record of the 1978 P+10 block at the Ion Ghica/Toma Caragiu corner (the neighbouring Colonadelor plot); adjacency proxy only, not a record for Bibliotecii 6\", \"retrieved\": \"2026-10-05\", \"by\": \"agent\", \"d_m\": 0}, {\"source\": \"web\", \"ref\": \"https://www.hartablocuri.ro/cutremur/\", \"lat\": null, \"lon\": null, \"precision\": \"area\", \"evidence\": \"Bibliotecii 6 (Bloc Grădinița): P+10, 60 flats, built 1939 adjoining the Colonadelor block, collapsed totally\", \"retrieved\": \"2026-10-05\", \"by\": \"agent\"}]", "checked_by": "agent (sonnet) + auto (s21)", "flags": "", "name": "Blocul de locuințe \"Continental\" din str. Bibliotecii 6", "type": "bc_bloc", "class": "structure", "locality": "București", "address_1977": "Str. Bibliotecii 6", "period": "", "height": "P+10", "system": "ss_cadre_ba", "iv_classes": "", "iv_techniques": "", "iv_only_proposed": "", "outcome_unit": ""}}, {"type": "Feature", "id": "v4_b_grigorescu_2", "geometry": {"type": "Point", "coordinates": [26.094531, 44.441355]}, "properties": {"building_id": "v4_b_grigorescu_2", "batch_id": "P3_06", "locatable": "area", "precision": "area", "status": "area", "n_sources": "1", "n_agree": "1", "agreement_m": "", "outcome_1977": "collapsed", "outcome_quote": "Vedere după cutremur (prăbușire parțială).", "status_today": "replaced", "status_source": "https://www.hartablocuri.ro/cutremur/", "modern_address": "Calea Victoriei 63-81 (Radisson Blu / fostul Hotel București), zona Bloc Nestor, București (sector 1)", "historic_address_note": "hartablocuri: 'Strada Pictor Grigorescu nr. 2', P+8 block adjoining the Nestor block (Calea Victoriei 63-69). Str. Pictor Grigorescu not found in Bucharest OSM/Nominatim (only Pitești).", "dupacutremur_building_uid": "", "osm_footprint_ref": "node/1678136950 (Radisson Blu, Calea Victoriei 63-81, context)", "wikidata": "", "confidence": "low", "notes": "SITE_UNKNOWN_DEMOLISHED. Only one source (hartablocuri) places it, next to the Nestor block; the street 'Pictor Grigorescu' is not in the register (dupa 'grigorescu' gives only Bd. Nicolae Grigorescu in sector 3) and nom has no Bucharest hit. The point is the neighbouring Radisson plot.", "open_question": "Where was Str. Pictor Grigorescu (probably cut off by the Hotel București works)?", "review_note": "", "sources": "[{\"source\": \"osm\", \"ref\": \"node/1678136950\", \"lat\": 44.441355, \"lon\": 26.094531, \"precision\": \"area\", \"evidence\": \"OSM Radisson Blu, Calea Victoriei 63-81, on the Nestor plot; proxy for the adjoining block\", \"retrieved\": \"2026-10-05\", \"by\": \"agent\", \"d_m\": 0}, {\"source\": \"web\", \"ref\": \"https://www.hartablocuri.ro/cutremur/\", \"lat\": null, \"lon\": null, \"precision\": \"area\", \"evidence\": \"Pictor Grigorescu 2: P+8 block attached to the Nestor block, partially collapsed\", \"retrieved\": \"2026-10-05\", \"by\": \"agent\"}]", "checked_by": "agent (sonnet) + auto (s21)", "flags": "", "name": "Blocul de locuințe din București, Str. Grigorescu nr. 2", "type": "bc_bloc", "class": "structure", "locality": "București", "address_1977": "Str. Grigorescu nr. 2", "period": "", "height": "P+8", "system": "ss_cadre_ba", "iv_classes": "", "iv_techniques": "", "iv_only_proposed": "", "outcome_unit": ""}}, {"type": "Feature", "id": "v4_b_apolodor_31", "geometry": {"type": "Point", "coordinates": [26.092355, 44.42875]}, "properties": {"building_id": "v4_b_apolodor_31", "batch_id": "P3_07", "locatable": "area", "precision": "street", "status": "area", "n_sources": "1", "n_agree": "1", "agreement_m": "", "outcome_1977": "collapsed", "outcome_quote": "Vedere după cutremur ale părții de clădire rămase (prăbușire parțială).", "status_today": "unknown", "status_source": "", "modern_address": "Str. Apolodor, București (sector 5) - no. 31 not resolved", "historic_address_note": "Street unchanged; Apolodor now borders the Civic Centre area, many plots rebuilt.", "dupacutremur_building_uid": "", "osm_footprint_ref": "", "wikidata": "", "confidence": "low", "notes": "NOT_FOUND: block confirmed to exist (hartablocuri) but no source places no. 31. Searches: dupa apolodor (0 register records on the street), dupa-near, nom 'Apolodor 19..37' (street only), photon, osm-near x4 on street segments (addresses 3, 12-14, 17, 34 only), WebSearch. Interpolating the number from neighbours was refused (street bends).", "open_question": "Local archive photo of the block or a press article giving the cross street.", "review_note": "", "sources": "[{\"source\": \"web\", \"ref\": \"https://www.hartablocuri.ro/cutremur/\", \"lat\": null, \"lon\": null, \"precision\": \"street\", \"evidence\": \"hartablocuri.ro lists Str. Apolodor 31, P+8, built 1930s, partial collapse 1977 (no coordinates)\", \"retrieved\": \"2026-10-05\", \"by\": \"agent\"}, {\"source\": \"osm\", \"ref\": \"way/661261150\", \"lat\": 44.42875, \"lon\": 26.092355, \"precision\": \"street\", \"evidence\": \"OSM street Strada Apolodor (one of 3 segments); Apolodor numbers seen in OSM: 3, 12-14, 17, 34 only\", \"retrieved\": \"2026-10-05\", \"by\": \"agent\", \"d_m\": 0}]", "checked_by": "agent (sonnet) + auto (s21)", "flags": "", "name": "Blocul de locuințe din București, Str. Apolodor 31", "type": "bc_bloc", "class": "structure", "locality": "București", "address_1977": "Str. Apolodor 31", "period": "", "height": "P+8", "system": "ss_cadre_ba", "iv_classes": "", "iv_techniques": "", "iv_only_proposed": "", "outcome_unit": ""}}, {"type": "Feature", "id": "v4_b_snagov_52_scoalei_2", "geometry": {"type": "Point", "coordinates": [26.103087, 44.441035]}, "properties": {"building_id": "v4_b_snagov_52_scoalei_2", "batch_id": "P3_07", "locatable": "area", "precision": "street", "status": "area", "n_sources": "1", "n_agree": "1", "agreement_m": "", "outcome_1977": "collapsed", "outcome_quote": "Vedere după cutremur (prăbușire totală).", "status_today": "unknown", "status_source": "", "modern_address": "Str. Școalei, București (sector 2) - no. 2 not resolved", "historic_address_note": "Report parenthesis gives Str. Snagov 52 = Str. Școalei 2; hartablocuri lists the collapse under Str. Școalei 2 (P+7, 15 apartments, 1937). Street name Snagov no longer exists in OSM/Nominatim.", "dupacutremur_building_uid": "", "osm_footprint_ref": "", "wikidata": "", "confidence": "low", "notes": "NOT_FOUND: Școalei 2 is not mapped in OSM and not in the register. Searches: dupa scoalei/snagov (0), nom Școalei 1..8 (only no. 8), nom/photon 'Snagov București' (only Snagov commune), osm-near around Școalei x2, WebSearch for Snagov->Școalei renaming (nothing). Outcome: report says total collapse, hartablocuri partial.", "open_question": "Which end of Str. Școalei is no. 2; renaming of Str. Snagov.", "review_note": "", "sources": "[{\"source\": \"web\", \"ref\": \"https://www.hartablocuri.ro/cutremur/\", \"lat\": null, \"lon\": null, \"precision\": \"street\", \"evidence\": \"hartablocuri.ro: Str. Școalei nr. 2, P+7, 1937, 15 apartments, partial collapse 1977 (report photo says total) - no coordinates\", \"retrieved\": \"2026-10-05\", \"by\": \"agent\"}, {\"source\": \"osm\", \"ref\": \"way/23634057\", \"lat\": 44.441035, \"lon\": 26.103087, \"precision\": \"street\", \"evidence\": \"OSM Strada Școalei (short street, Cartierul Armenesc); only no. 8 mapped (node/2615800811)\", \"retrieved\": \"2026-10-05\", \"by\": \"agent\", \"d_m\": 0}]", "checked_by": "agent (sonnet) + auto (s21)", "flags": "", "name": "Blocul de locuințe din București, Str. Snagov 52 (Str. Scoalei 2)", "type": "bc_bloc", "class": "structure", "locality": "București", "address_1977": "Str. Snagov 52 (Str. Scoalei 2)", "period": "", "height": "P+7", "system": "ss_cadre_ba", "iv_classes": "", "iv_techniques": "", "iv_only_proposed": "", "outcome_unit": ""}}, {"type": "Feature", "id": "v4_b_galati33_fucik", "geometry": {"type": "Point", "coordinates": [26.108233, 44.440573]}, "properties": {"building_id": "v4_b_galati33_fucik", "batch_id": "P3_07", "locatable": "point", "precision": "address", "status": "single", "n_sources": "1", "n_agree": "1", "agreement_m": "", "outcome_1977": "collapsed", "outcome_quote": "Vedere după cutremur )(prăbușire parțială).", "status_today": "standing", "status_source": "https://www.hartablocuri.ro/cutremur/", "modern_address": "Str. Vasile Lascăr 33, București (sector 2)", "historic_address_note": "1977 Str. Galați = today's Str. Vasile Lascăr (hartablocuri: 'Strada Galați nr. 33 (actual Vasile Lascăr)', P+6, 30 apartments, 1936, partial collapse, rebuilt). Corner street 'I. Fucik' not found: probably today's Str. Thomas Masaryk, 60 m away, an inference only.", "dupacutremur_building_uid": "", "osm_footprint_ref": "way/658270814", "wikidata": "", "confidence": "medium", "notes": "Rename Galați->Vasile Lascăr from one source (hartablocuri). OSM address 33 and the footprint agree within 10 m, but those are one family (OSM). Not in the register (register has Vasile Lascăr 35, 46, 48-50). Searches: dupa lascar 33 (0), nom, osm-near, dupa-near, WebSearch (renaming not confirmed elsewhere).", "open_question": "Second source for Galați=Vasile Lascăr; confirm the corner with Str. Fucik (Masaryk?).", "review_note": "", "sources": "[{\"source\": \"web\", \"ref\": \"https://www.hartablocuri.ro/cutremur/\", \"lat\": null, \"lon\": null, \"precision\": \"address\", \"evidence\": \"hartablocuri.ro: Galați 33 = Vasile Lascăr, P+6, rebuilt after 1977 (no coordinates)\", \"retrieved\": \"2026-10-05\", \"by\": \"agent\"}, {\"source\": \"osm\", \"ref\": \"way/658270814\", \"lat\": 44.440573, \"lon\": 26.108233, \"precision\": \"building\", \"evidence\": \"OSM apartments footprint 7 m from the address node 'Vasile Lascăr 33'\", \"retrieved\": \"2026-10-05\", \"by\": \"agent\", \"d_m\": 0}, {\"source\": \"osm\", \"ref\": \"node/11071662861\", \"lat\": 44.4405105, \"lon\": 26.1083173, \"precision\": \"address\", \"evidence\": \"OSM address node Vasile Lascăr 33 (Busuioc)\", \"retrieved\": \"2026-10-05\", \"by\": \"agent+auto\", \"d_m\": 10}, {\"source\": \"osm\", \"ref\": \"node/530721648\", \"lat\": 44.4405885, \"lon\": 26.1083224, \"precision\": \"address\", \"evidence\": \"Nominatim place node 33 Strada Vasile Lascăr\", \"retrieved\": \"2026-10-05\", \"by\": \"agent\", \"d_m\": 7}]", "checked_by": "agent (sonnet) + auto (s21)", "flags": "", "name": "Blocul de locuințe din București, Str. Galați 33 (colț cu Str. I. Fucik)", "type": "bc_bloc", "class": "structure", "locality": "București", "address_1977": "Str. Galați 33 (colț cu Str. I. Fucik)", "period": "", "height": "P+6", "system": "ss_cadre_ba", "iv_classes": "", "iv_techniques": "", "iv_only_proposed": "", "outcome_unit": ""}}, {"type": "Feature", "id": "v4_b_arghezi1", "geometry": {"type": "Point", "coordinates": [26.106014, 44.436642]}, "properties": {"building_id": "v4_b_arghezi1", "batch_id": "P3_07", "locatable": "area", "precision": "street", "status": "area", "n_sources": "1", "n_agree": "1", "agreement_m": "", "outcome_1977": "collapsed", "outcome_quote": "Vedere după cutremur (prăbușire totală.", "status_today": "unknown", "status_source": "", "modern_address": "Str. Tudor Arghezi 1, București (sector 2) - exact plot not resolved", "historic_address_note": "Same street name in 1977 per hartablocuri ('Strada Tudor Arghezi nr. 1', P+8, 38 apartments, 1938, total collapse). Street starts at Piața Rosetti; no. 2 is mapped at this point, no. 1 should be opposite - not verified.", "dupacutremur_building_uid": "", "osm_footprint_ref": "", "wikidata": "", "confidence": "low", "notes": "NOT_FOUND: collapsed block, no modern address 1 in OSM/Nominatim/register (register has Arghezi 12-54 only). Searches: dupa arghezi, dupa-near, nom Arghezi 1/3/5, photon, osm-near at Piața Rosetti (11-level block way/129321555 at the corner has no address, not claimed).", "open_question": "Photo/press giving the plot (Piața Rosetti corner?).", "review_note": "", "sources": "[{\"source\": \"web\", \"ref\": \"https://www.hartablocuri.ro/cutremur/\", \"lat\": null, \"lon\": null, \"precision\": \"street\", \"evidence\": \"hartablocuri.ro: Tudor Arghezi 1, P+8, 1938, total collapse 1977 (no coordinates)\", \"retrieved\": \"2026-10-05\", \"by\": \"agent\"}, {\"source\": \"osm\", \"ref\": \"node/3448526793\", \"lat\": 44.4366416, \"lon\": 26.1060137, \"precision\": \"address\", \"evidence\": \"OSM address node Tudor Arghezi 2, nearest numbered neighbour at the Piața Rosetti end\", \"retrieved\": \"2026-10-05\", \"by\": \"agent\", \"d_m\": 0}]", "checked_by": "agent (sonnet) + auto (s21)", "flags": "", "name": "Blocul de locuințe din București Str. T. Arghezi 1", "type": "bc_bloc", "class": "structure", "locality": "București", "address_1977": "Str. T. Arghezi 1", "period": "", "height": "P+8", "system": "ss_cadre_ba", "iv_classes": "", "iv_techniques": "", "iv_only_proposed": "", "outcome_unit": ""}}, {"type": "Feature", "id": "v4_b_hristo_botev10", "geometry": {"type": "Point", "coordinates": [26.106631, 44.435015]}, "properties": {"building_id": "v4_b_hristo_botev10", "batch_id": "P3_07", "locatable": "point", "precision": "address", "status": "single", "n_sources": "1", "n_agree": "1", "agreement_m": "", "outcome_1977": "collapsed", "outcome_quote": "Vedere după cutremur (prăbușire totală).", "status_today": "replaced", "status_source": "https://www.openstreetmap.org/way/178848627", "modern_address": "Bd. Hristo Botev 10, București (sector 3)", "historic_address_note": "Same name/number; the street is a boulevard today. hartablocuri: Hristo Botev 10, P+9, 38 apartments, 1930s, total collapse.", "dupacutremur_building_uid": "", "osm_footprint_ref": "way/178848627", "wikidata": "", "confidence": "medium", "notes": "Geometry consistent with the report: no. 5 (way/414104920) lies about 25 m across the street, matching 'blocul de vis à vis' in the Hristo Botev 5 caption. The building now there has no register entry; that it replaced the collapsed block is inferred. One coordinate family (OSM) plus the geometric consistency; hartablocuri has no coordinates. Searches: dupa botev, nom 5/7/8/10/12, osm-near x3, WebSearch x2.", "open_question": "Date of the current block at no. 10.", "review_note": "", "sources": "[{\"source\": \"web\", \"ref\": \"https://www.hartablocuri.ro/cutremur/\", \"lat\": null, \"lon\": null, \"precision\": \"address\", \"evidence\": \"hartablocuri.ro: Hristo Botev 10 total collapse; Hristo Botev 5 damaged (no coordinates)\", \"retrieved\": \"2026-10-05\", \"by\": \"agent\"}, {\"source\": \"osm\", \"ref\": \"node/2448127603\", \"lat\": 44.4350126, \"lon\": 26.106665, \"precision\": \"address\", \"evidence\": \"OSM address node Bd. Hristo Botev 10, inside an 8-level apartment footprint\", \"retrieved\": \"2026-10-05\", \"by\": \"agent+auto\", \"d_m\": 3}, {\"source\": \"osm\", \"ref\": \"way/178848627\", \"lat\": 44.435015, \"lon\": 26.106631, \"precision\": \"building\", \"evidence\": \"8-level apartments footprint, no address tag, absent from the seismic register (likely post-1977)\", \"retrieved\": \"2026-10-05\", \"by\": \"agent\", \"d_m\": 0}]", "checked_by": "agent (sonnet) + auto (s21)", "flags": "", "name": "Blocul de locuințe din București, Str. Hristo Botev 10", "type": "bc_bloc", "class": "structure", "locality": "București", "address_1977": "Str. Hristo Botev 10", "period": "", "height": "P+9", "system": "ss_cadre_ba", "iv_classes": "", "iv_techniques": "", "iv_only_proposed": "", "outcome_unit": ""}}, {"type": "Feature", "id": "v4_b_ferometal_lipscani102", "geometry": {"type": "Point", "coordinates": [26.105251, 44.432136]}, "properties": {"building_id": "v4_b_ferometal_lipscani102", "batch_id": "P3_07", "locatable": "point", "precision": "address", "status": "single", "n_sources": "1", "n_agree": "1", "agreement_m": "", "outcome_1977": "collapsed", "outcome_quote": "Vedere după cutremur (prăbușire aproape totală) ;", "status_today": "replaced", "status_source": "", "modern_address": "Str. Lipscani 102, București (sector 3), near Piața Sf. Gheorghe", "historic_address_note": "Street name and number unchanged. hartablocuri: 'Bloc Ferometal', P+5, 56 apartments, 1927, total collapse 1977.", "dupacutremur_building_uid": "", "osm_footprint_ref": "", "wikidata": "", "confidence": "medium", "notes": "Address nodes cluster at the Calea Moșilor end of Lipscani, next to Pasajul Sf. Gheorghe Nou; neighbour Lipscani 96 is 80 m west, consistent with numbering. A third node (UniCredit 102) is 35 m further west. Not in the register (no Lipscani 102), supporting that the 1977 block is gone. Single coordinate family (OSM).", "open_question": "Which footprint of the current development occupies the Ferometal plot.", "review_note": "", "sources": "[{\"source\": \"web\", \"ref\": \"https://www.hartablocuri.ro/cutremur/\", \"lat\": null, \"lon\": null, \"precision\": \"address\", \"evidence\": \"hartablocuri.ro: Lipscani 102, Bloc Ferometal, total collapse (no coordinates)\", \"retrieved\": \"2026-10-05\", \"by\": \"agent\"}, {\"source\": \"osm\", \"ref\": \"node/3711811990\", \"lat\": 44.432133, \"lon\": 26.105231, \"precision\": \"address\", \"evidence\": \"OSM address node Lipscani 102 (bank)\", \"retrieved\": \"2026-10-05\", \"by\": \"agent\", \"d_m\": 2}, {\"source\": \"osm\", \"ref\": \"node/13296606201\", \"lat\": 44.43214, \"lon\": 26.105271, \"precision\": \"address\", \"evidence\": \"OSM address node Lipscani 102 (prosecutor office)\", \"retrieved\": \"2026-10-05\", \"by\": \"agent\", \"d_m\": 2}, {\"source\": \"nominatim\", \"ref\": \"node/7106680234\", \"lat\": 44.4320937, \"lon\": 26.1048795, \"precision\": \"amenity\", \"evidence\": \"Nominatim: UniCredit, 102, Strada Lipscani, Sf. Gheorghe, Centrul Istoric, Sector 3, București, 030039, România\", \"retrieved\": \"2026-10-05\", \"by\": \"auto\", \"d_m\": 30}]", "checked_by": "agent (sonnet) + auto (s21)", "flags": "", "name": "Blocul de locuințe și magazine (Ferometal) din București, Str. Lipscani 102", "type": "bc_bloc", "class": "structure", "locality": "București", "address_1977": "Str. Lipscani 102", "period": "", "height": "P+4", "system": "ss_zidarie", "iv_classes": "", "iv_techniques": "", "iv_only_proposed": "", "outcome_unit": ""}}, {"type": "Feature", "id": "v4_b_matei_voevod2", "geometry": {"type": "Point", "coordinates": [26.122577, 44.438844]}, "properties": {"building_id": "v4_b_matei_voevod2", "batch_id": "P3_07", "locatable": "point", "precision": "address", "status": "single", "n_sources": "1", "n_agree": "1", "agreement_m": "", "outcome_1977": "demolished_after", "outcome_quote": "distrugeri și dislocări foarte grave care au impus demolarea ulterioară a clădirii", "status_today": "replaced", "status_source": "https://www.openstreetmap.org/way/162445425", "modern_address": "Str. Matei Voievod 2 / Str. Austrului 2, București (sector 2)", "historic_address_note": "Report parenthesis 'Matei Voevod 2 (Austrului)': corner block at the Austrului/Matei Voievod/Pache Protopopescu junction. hartablocuri lists it as Str. Austrului 2, P+8/9, 1946, demolished after.", "dupacutremur_building_uid": "", "osm_footprint_ref": "way/162445425", "wikidata": "", "confidence": "medium", "notes": "The two address nodes (60 m apart) bracket a 9-level block with no register entry, matching the P+8/9 height of the demolished building; it is probably the replacement (inferred). OSM family only for coordinates.", "open_question": "Date of the current 9-level block.", "review_note": "", "sources": "[{\"source\": \"web\", \"ref\": \"https://www.hartablocuri.ro/cutremur/\", \"lat\": null, \"lon\": null, \"precision\": \"address\", \"evidence\": \"hartablocuri.ro: Austrului 2, P+8/9, 1946, demolished after quake (no coordinates)\", \"retrieved\": \"2026-10-05\", \"by\": \"agent\"}, {\"source\": \"osm\", \"ref\": \"node/2643541428\", \"lat\": 44.4388307, \"lon\": 26.1230464, \"precision\": \"address\", \"evidence\": \"OSM address node Matei Voievod 2\", \"retrieved\": \"2026-10-05\", \"by\": \"agent\", \"d_m\": 37}, {\"source\": \"osm\", \"ref\": \"node/2843594846\", \"lat\": 44.4388139, \"lon\": 26.1223048, \"precision\": \"address\", \"evidence\": \"OSM address node Austrului 2\", \"retrieved\": \"2026-10-05\", \"by\": \"agent\", \"d_m\": 22}, {\"source\": \"osm\", \"ref\": \"way/162445425\", \"lat\": 44.438844, \"lon\": 26.122577, \"precision\": \"building\", \"evidence\": \"9-level apartments footprint at the junction; midpoint of the two address nodes falls on it\", \"retrieved\": \"2026-10-05\", \"by\": \"agent\", \"d_m\": 0}]", "checked_by": "agent (sonnet) + auto (s21)", "flags": "", "name": "Bloc de locuințe din București, Str. Matei Voevod 2 (Austrului)", "type": "bc_bloc", "class": "structure", "locality": "București", "address_1977": "Str. Matei Voevod 2 (Austrului)", "period": "", "height": "P+7...8", "system": "ss_cadre_ba", "iv_classes": "", "iv_techniques": "", "iv_only_proposed": "", "outcome_unit": ""}}, {"type": "Feature", "id": "v4_b_mantuleasa22", "geometry": {"type": "Point", "coordinates": [26.11359, 44.435751]}, "properties": {"building_id": "v4_b_mantuleasa22", "batch_id": "P3_07", "locatable": "point", "precision": "address", "status": "single", "n_sources": "1", "n_agree": "1", "agreement_m": "", "outcome_1977": "demolished_after", "outcome_quote": "distrugeri și dislocări foarte grave care au impus demolarea ulterioară a clădirii", "status_today": "replaced", "status_source": "https://www.openstreetmap.org/way/178848618", "modern_address": "Str. Mântuleasa 22, București (sector 2)", "historic_address_note": "Street name unchanged. hartablocuri: Mântuleasa 22, P+8, 1935, serious damage, demolished later.", "dupacutremur_building_uid": "", "osm_footprint_ref": "way/178848618", "wikidata": "", "confidence": "medium", "notes": "Address node and an 8-level block (consistent with a P+7/8 replacement) coincide; replacement inferred. Single coordinate family.", "open_question": "Confirm the 8-level block is post-1977.", "review_note": "", "sources": "[{\"source\": \"web\", \"ref\": \"https://www.hartablocuri.ro/cutremur/\", \"lat\": null, \"lon\": null, \"precision\": \"address\", \"evidence\": \"hartablocuri.ro: Mântuleasa 22 demolished (no coordinates)\", \"retrieved\": \"2026-10-05\", \"by\": \"agent\"}, {\"source\": \"osm\", \"ref\": \"node/2476489723\", \"lat\": 44.4357512, \"lon\": 26.1135901, \"precision\": \"address\", \"evidence\": \"OSM/Nominatim address node Mântuleasa 22\", \"retrieved\": \"2026-10-05\", \"by\": \"agent+auto\", \"d_m\": 0}, {\"source\": \"osm\", \"ref\": \"way/178848618\", \"lat\": 44.435731, \"lon\": 26.113716, \"precision\": \"building\", \"evidence\": \"8-level apartments footprint 10 m from the node, no address tag, not in the register\", \"retrieved\": \"2026-10-05\", \"by\": \"agent\", \"d_m\": 10}]", "checked_by": "agent (sonnet) + auto (s21)", "flags": "", "name": "Blocul de locuințe București, Str. Mîntuleasa 22", "type": "bc_bloc", "class": "structure", "locality": "București", "address_1977": "Str. Mîntuleasa 22", "period": "", "height": "P+7...8", "system": "ss_cadre_ba", "iv_classes": "", "iv_techniques": "", "iv_only_proposed": "", "outcome_unit": ""}}, {"type": "Feature", "id": "v4_b_turist_magheru43", "geometry": {"type": "Point", "coordinates": [26.096728, 44.446252]}, "properties": {"building_id": "v4_b_turist_magheru43", "batch_id": "P3_07", "locatable": "point", "precision": "address", "status": "probable", "n_sources": "2", "n_agree": "1", "agreement_m": "", "outcome_1977": "severe", "outcome_quote": "Stîlpi rupți la parterul clădirii.", "status_today": "standing", "status_source": "https://www.hartablocuri.ro/cutremur/", "modern_address": "Bd. General Gheorghe Magheru 43, București (sector 1), colț Piața Romană / Str. Mendeleev", "historic_address_note": "Same number. Known today as Blocul Palladio/Turist (Berăria Turist on the ground floor); hartablocuri: Magheru 43, P+9, 1934-36, near partial collapse of the Piața Romană front; that part demolished and the building reshaped.", "dupacutremur_building_uid": "", "osm_footprint_ref": "way/162570022", "wikidata": "", "confidence": "high", "notes": "Four independent descriptions agree on the Piața Romană corner; best point = mean of the OSM footprint and the address node (33 m apart; footprint polygon not verified as the exact block). Not in the register under 43.", "open_question": "Exact footprint of the reshaped block.", "review_note": "", "sources": "[{\"source\": \"web\", \"ref\": \"https://bucurestiivechisinoi.ro/2011/02/4-martie-1977-pe-magheru-2/\", \"lat\": null, \"lon\": null, \"precision\": \"building\", \"evidence\": \"Blog: Palladio block at the Piața Romană corner (Mendeleev), ground floor Beraria Turist, lost height in 1977 (no coordinates)\", \"retrieved\": \"2026-10-05\", \"by\": \"agent\"}, {\"source\": \"web\", \"ref\": \"https://www.hartablocuri.ro/cutremur/\", \"lat\": null, \"lon\": null, \"precision\": \"address\", \"evidence\": \"hartablocuri.ro: Bloc Palladium/Turist, Magheru 43 (no coordinates)\", \"retrieved\": \"2026-10-05\", \"by\": \"agent\"}, {\"source\": \"web\", \"ref\": \"https://infp.maps.arcgis.com/apps/MapJournal/index.html?appid=b14fb7c496204dd2b72946ca5e1f2722\", \"lat\": 44.446172, \"lon\": 26.097172, \"precision\": \"site\", \"evidence\": \"INFP guided-tour map centred on 'Bloc Palladium/Turist' (map extent centre, approximate)\", \"retrieved\": \"2026-10-05\", \"by\": \"agent\", \"d_m\": 36}, {\"source\": \"osm\", \"ref\": \"way/162570022\", \"lat\": 44.446106, \"lon\": 26.096757, \"precision\": \"building\", \"evidence\": \"OSM apartments footprint at the corner, nearest to the no. 41-43 address nodes\", \"retrieved\": \"2026-10-05\", \"by\": \"agent\", \"d_m\": 16}, {\"source\": \"osm\", \"ref\": \"node/5602922763\", \"lat\": 44.446398, \"lon\": 26.096698, \"precision\": \"address\", \"evidence\": \"OSM address node Magheru 43 (BCR)\", \"retrieved\": \"2026-10-05\", \"by\": \"agent\", \"d_m\": 16}, {\"source\": \"nominatim\", \"ref\": \"node/7293845639\", \"lat\": 44.4463252, \"lon\": 26.0966215, \"precision\": \"shop\", \"evidence\": \"Nominatim: dm, 43, Bulevardul General Gheorghe Magheru, A. Lahovary, Piața Romană, Cișmigiu, Sector 1, București, 010326, România\", \"retrieved\": \"2026-10-05\", \"by\": \"auto\", \"d_m\": 12}]", "checked_by": "agent (sonnet) + auto (s21)", "flags": "", "name": "Blocul de locuințe \"Turist\" București Bd. Magheru 43 (colț cu Piața Romană)", "type": "bc_bloc", "class": "structure", "locality": "București", "address_1977": "Bd. Magheru 43 (colț cu Piața Romană)", "period": "", "height": "P+9", "system": "ss_cadre_ba", "iv_classes": "", "iv_techniques": "", "iv_only_proposed": "", "outcome_unit": ""}}, {"type": "Feature", "id": "v4_b_scala_magheru2_4", "geometry": {"type": "Point", "coordinates": [26.100001, 44.441021]}, "properties": {"building_id": "v4_b_scala_magheru2_4", "batch_id": "P3_07", "locatable": "point", "precision": "building", "status": "verified", "n_sources": "3", "n_agree": "3", "agreement_m": "6", "outcome_1977": "moderate", "outcome_quote": "Stîlpi exteriori de la parter avariați de cutremur (cu armătura puternic corodată).", "status_today": "standing", "status_source": "https://www.openstreetmap.org/way/163622290", "modern_address": "Bd. General Gheorghe Magheru 2-4 (OSM: no. 19), 'Palatul Scala', București (sector 1)", "historic_address_note": "Report address Magheru 2-4; the register has 2-4 and OSM has the Scala building with no. 19 on the same footprint. This is the cinema Scala block that survived; not the collapsed Scala/Agiu block at Bălcescu 36 (answered elsewhere).", "dupacutremur_building_uid": "epo041", "osm_footprint_ref": "way/163622290", "wikidata": "Q37815754", "confidence": "high", "notes": "Register and OSM footprints 12 m apart; heights match (P+6...8). Number mismatch 2-4 vs 19 noted (renumbering).", "open_question": "", "review_note": "", "sources": "[{\"source\": \"dupacutremur\", \"ref\": \"epo041\", \"lat\": 44.441027, \"lon\": 26.099941, \"precision\": \"building\", \"evidence\": \"Register: Magheru 2-4, S+P+7E, 1938\", \"retrieved\": \"2026-10-05\", \"by\": \"agent+auto\", \"d_m\": 5}, {\"source\": \"osm\", \"ref\": \"way/163622290\", \"lat\": 44.440965, \"lon\": 26.09998, \"precision\": \"building\", \"evidence\": \"OSM 'Scala' retail/apartments, 7 levels, addr Magheru 19, wikidata Q37815754\", \"retrieved\": \"2026-10-05\", \"by\": \"agent\", \"d_m\": 6}, {\"source\": \"wikidata\", \"ref\": \"Q37815754\", \"lat\": 44.44105, \"lon\": 26.09995, \"precision\": \"building\", \"evidence\": \"Wikidata P625\", \"retrieved\": \"2026-10-05\", \"by\": \"auto\", \"d_m\": 5}]", "checked_by": "agent (sonnet) + auto (s21)", "flags": "", "name": "Blocul de locuințe cinema \"Scala\"", "type": "bc_bloc", "class": "structure", "locality": "București", "address_1977": "Bd. Magheru 2-4", "period": "", "height": "P+6...8E", "system": "ss_cadre_ba", "iv_classes": "", "iv_techniques": "", "iv_only_proposed": "", "outcome_unit": ""}}, {"type": "Feature", "id": "v4_b_ion_ghica_1", "geometry": {"type": "Point", "coordinates": [26.102615, 44.434295]}, "properties": {"building_id": "v4_b_ion_ghica_1", "batch_id": "P3_07", "locatable": "point", "precision": "building", "status": "verified", "n_sources": "2", "n_agree": "2", "agreement_m": "9", "outcome_1977": "moderate", "outcome_quote": "Stîlpi exteriori la parter avariați la cutremur.", "status_today": "standing", "status_source": "dupacutremur register", "modern_address": "Str. Ion Ghica 1, București (sector 3)", "historic_address_note": "Street unchanged.", "dupacutremur_building_uid": "7u9tb4", "osm_footprint_ref": "way/1544390386", "wikidata": "", "confidence": "high", "notes": "Register and OSM agree within 10 m; height S+P+9E fits P+7...9.", "open_question": "", "review_note": "", "sources": "[{\"source\": \"dupacutremur\", \"ref\": \"7u9tb4\", \"lat\": 44.434349, \"lon\": 26.102706, \"precision\": \"building\", \"evidence\": \"Register: Ion Ghica 1, S+P+9E, 1936\", \"retrieved\": \"2026-10-05\", \"by\": \"agent+auto\", \"d_m\": 9}, {\"source\": \"osm\", \"ref\": \"node/2532095798\", \"lat\": 44.4343763, \"lon\": 26.1026047, \"precision\": \"address\", \"evidence\": \"OSM address node Ion Ghica 1\", \"retrieved\": \"2026-10-05\", \"by\": \"agent+auto\", \"d_m\": 9}, {\"source\": \"osm\", \"ref\": \"way/1544390386\", \"lat\": 44.434249, \"lon\": 26.102656, \"precision\": \"building\", \"evidence\": \"OSM apartments footprint on the plot\", \"retrieved\": \"2026-10-05\", \"by\": \"agent\", \"d_m\": 6}]", "checked_by": "agent (sonnet) + auto (s21)", "flags": "", "name": "Blocul de locuințe, Str. Ion Ghica nr. 1", "type": "bc_bloc", "class": "structure", "locality": "București", "address_1977": "Str. Ion Ghica nr. 1", "period": "", "height": "P+7...9E", "system": "ss_cadre_ba", "iv_classes": "", "iv_techniques": "", "iv_only_proposed": "", "outcome_unit": ""}}, {"type": "Feature", "id": "v4_b_bd_1848_5", "geometry": {"type": "Point", "coordinates": [26.103754, 44.431774]}, "properties": {"building_id": "v4_b_bd_1848_5", "batch_id": "P3_07", "locatable": "area", "precision": "street", "status": "area", "n_sources": "1", "n_agree": "1", "agreement_m": "", "outcome_1977": "moderate", "outcome_quote": "Stîlp de colț distrus pe circa 1,0 m înălțime.", "status_today": "unknown", "status_source": "", "modern_address": "Bd. Ion C. Brătianu (ex-Bd. 1848), București - no. 5 not placed reliably", "historic_address_note": "Bd. 1848 = today's Bd. Ion C. Brătianu (Wikipedia en 'Ion C. Brătianu Boulevard'; Fortepan 1986 caption, seen via search summary). Numbering in 1977 may differ.", "dupacutremur_building_uid": "", "osm_footprint_ref": "", "wikidata": "", "confidence": "low", "notes": "NOT_FOUND: renaming identified but the number cannot be tied to a plot. Searches: dupa bratianu 3/5 (0; register has 2, 6, 12, 14, 34...), nom, photon, osm-near, dupa-near; no photo/press source with the address.", "open_question": "Press listing for 'Bd. 1848 nr. 5'. Add to street_renamings.csv after a second source.", "review_note": "", "sources": "[{\"source\": \"web\", \"ref\": \"https://en.wikipedia.org/wiki/Ion_C._Br%C4%83tianu_Boulevard\", \"lat\": null, \"lon\": null, \"precision\": \"street\", \"evidence\": \"Boulevard known as Bulevardul 1848 before 1990\", \"retrieved\": \"2026-10-05\", \"by\": \"agent\"}, {\"source\": \"osm\", \"ref\": \"way/1192906803\", \"lat\": 44.431774, \"lon\": 26.103754, \"precision\": \"street\", \"evidence\": \"OSM Bulevardul Ion Constantin Brătianu; one OSM node 'no. 5' sits at 44.43194,26.10394 but is out of sequence with the neighbouring numbers (2 and 6 are 250 m north), so it is not used\", \"retrieved\": \"2026-10-05\", \"by\": \"agent\", \"d_m\": 0}]", "checked_by": "agent (sonnet) + auto (s21)", "flags": "", "name": "Blocul de locuințe, Bd. 1848 nr. 5", "type": "bc_bloc", "class": "structure", "locality": "București", "address_1977": "Bd. 1848 nr. 5", "period": "", "height": "P+8E", "system": "ss_cadre_ba", "iv_classes": "", "iv_techniques": "", "iv_only_proposed": "", "outcome_unit": ""}}, {"type": "Feature", "id": "v4_b_hristo_botev_5", "geometry": {"type": "Point", "coordinates": [26.106909, 44.435132]}, "properties": {"building_id": "v4_b_hristo_botev_5", "batch_id": "P3_07", "locatable": "point", "precision": "address", "status": "single", "n_sources": "1", "n_agree": "1", "agreement_m": "", "outcome_1977": "moderate", "outcome_quote": "Unul din stîlpii rupți la parter, prin prăbușirea blocului de vis à vis.", "status_today": "replaced", "status_source": "https://www.openstreetmap.org/way/414104920", "modern_address": "Bd. Hristo Botev 5, București (sector 2)", "historic_address_note": "Same number; hartablocuri: Hristo Botev 5, P+6, 12 apartments, 1928, severe damage, demolished after.", "dupacutremur_building_uid": "", "osm_footprint_ref": "way/414104920", "wikidata": "", "confidence": "medium", "notes": "Consistent with the 'vis à vis' of no. 10 (25 m). The 8-level block now at no. 5 is probably a replacement (inferred). Outcome from text: columns broken by the neighbouring collapse; hartablocuri says demolished later.", "open_question": "", "review_note": "", "sources": "[{\"source\": \"web\", \"ref\": \"https://www.hartablocuri.ro/cutremur/\", \"lat\": null, \"lon\": null, \"precision\": \"address\", \"evidence\": \"hartablocuri.ro: Hristo Botev 5 demolished after quake (no coordinates)\", \"retrieved\": \"2026-10-05\", \"by\": \"agent\"}, {\"source\": \"osm\", \"ref\": \"way/414104920\", \"lat\": 44.4351566, \"lon\": 26.1069011, \"precision\": \"building\", \"evidence\": \"OSM apartments footprint with addr Hristo Botev 5, 8 levels, not in the register\", \"retrieved\": \"2026-10-05\", \"by\": \"agent+auto\", \"d_m\": 3}, {\"source\": \"osm\", \"ref\": \"node/2448144797\", \"lat\": 44.4351119, \"lon\": 26.1068599, \"precision\": \"address\", \"evidence\": \"OSM address node Hristo Botev 5\", \"retrieved\": \"2026-10-05\", \"by\": \"agent\", \"d_m\": 4}]", "checked_by": "agent (sonnet) + auto (s21)", "flags": "", "name": "Clădire cu schelet de beton armat și zidărie, Str. Hristo Botev 5", "type": "bc_bloc", "class": "structure", "locality": "București", "address_1977": "Str. Hristo Botev 5", "period": "", "height": "P+6E", "system": "ss_cadre_ba", "iv_classes": "", "iv_techniques": "", "iv_only_proposed": "", "outcome_unit": ""}}, {"type": "Feature", "id": "v4_b_piata_rosetti_3", "geometry": {"type": "Point", "coordinates": [26.106523, 44.436623]}, "properties": {"building_id": "v4_b_piata_rosetti_3", "batch_id": "P3_07", "locatable": "point", "precision": "address", "status": "single", "n_sources": "1", "n_agree": "1", "agreement_m": "", "outcome_1977": "moderate", "outcome_quote": "Fațadă deteriorată la cutremur.", "status_today": "standing", "status_source": "", "modern_address": "Piața C. A. Rosetti 3, București (sector 2)", "historic_address_note": "Same square name.", "dupacutremur_building_uid": "", "osm_footprint_ref": "way/129321541", "wikidata": "", "confidence": "medium", "notes": "OSM family only (no register entry under this square). Height of the footprint matches the report.", "open_question": "Check register under 'Piața Rosetti'.", "review_note": "", "sources": "[{\"source\": \"osm\", \"ref\": \"node/1752930125\", \"lat\": 44.4366229, \"lon\": 26.1065232, \"precision\": \"address\", \"evidence\": \"OSM/Photon address node Piața C. A. Rosetti 3\", \"retrieved\": \"2026-10-05\", \"by\": \"agent+auto\", \"d_m\": 0}, {\"source\": \"osm\", \"ref\": \"way/129321541\", \"lat\": 44.436645, \"lon\": 26.106474, \"precision\": \"building\", \"evidence\": \"OSM apartments footprint, 10 levels (fits P+8...10E), 22 m from the node\", \"retrieved\": \"2026-10-05\", \"by\": \"agent\", \"d_m\": 5}, {\"source\": \"osm\", \"ref\": \"node/8911909155\", \"lat\": 44.436604, \"lon\": 26.106641, \"precision\": \"address\", \"evidence\": \"OSM POI with addr Piața C. A. Rosetti 3\", \"retrieved\": \"2026-10-05\", \"by\": \"agent\", \"d_m\": 10}]", "checked_by": "agent (sonnet) + auto (s21)", "flags": "", "name": "Bloc de locuințe, Piața Rosetti 3", "type": "bc_bloc", "class": "structure", "locality": "București", "address_1977": "Piața Rosetti 3", "period": "", "height": "P+8...10E", "system": "ss_cadre_ba", "iv_classes": "", "iv_techniques": "", "iv_only_proposed": "", "outcome_unit": ""}}, {"type": "Feature", "id": "v4_b_piata_rosetti_28", "geometry": {"type": "Point", "coordinates": [26.106693, 44.436292]}, "properties": {"building_id": "v4_b_piata_rosetti_28", "batch_id": "P3_07", "locatable": "area", "precision": "area", "status": "area", "n_sources": "1", "n_agree": "1", "agreement_m": "", "outcome_1977": "moderate", "outcome_quote": "Zidărie dislocată la cutremur.", "status_today": "unknown", "status_source": "", "modern_address": "Piața C. A. Rosetti, București (sector 2) - no. 28 not placed", "historic_address_note": "Same square name.", "dupacutremur_building_uid": "", "osm_footprint_ref": "relation/12197967", "wikidata": "", "confidence": "low", "notes": "NOT_FOUND: no address 28 on the square in OSM/Nominatim/Photon/register (searches: nom 24-30, photon, dupa rosetti 28, dupa-near).", "open_question": "Source with the cross street of Piața Rosetti 28.", "review_note": "", "sources": "[{\"source\": \"osm\", \"ref\": \"relation/12197967\", \"lat\": 44.436292, \"lon\": 26.106693, \"precision\": \"area\", \"evidence\": \"OSM square Piața C. A. Rosetti\", \"retrieved\": \"2026-10-05\", \"by\": \"agent\", \"d_m\": 0}]", "checked_by": "agent (sonnet) + auto (s21)", "flags": "", "name": "Blocul de locuințe, Piața Rosetti 28", "type": "bc_bloc", "class": "structure", "locality": "București", "address_1977": "Piața Rosetti 28", "period": "", "height": "P+7E", "system": "ss_cadre_ba", "iv_classes": "", "iv_techniques": "", "iv_only_proposed": "", "outcome_unit": ""}}, {"type": "Feature", "id": "v4_b_maria_rosetti_3", "geometry": {"type": "Point", "coordinates": [26.105968, 44.442024]}, "properties": {"building_id": "v4_b_maria_rosetti_3", "batch_id": "P3_07", "locatable": "point", "precision": "address", "status": "single", "n_sources": "1", "n_agree": "1", "agreement_m": "", "outcome_1977": "moderate", "outcome_quote": "Stîlpi de beton armat avariați de cutremur la clădiri din București.", "status_today": "unknown", "status_source": "", "modern_address": "Str. Maria Rosetti 1-3, București (sector 2)", "historic_address_note": "Same street; OSM groups no. 1-3.", "dupacutremur_building_uid": "", "osm_footprint_ref": "", "wikidata": "", "confidence": "low", "notes": "Single OSM address node; not in the register; height/structure unknown from the report. Searches: dupa maria rosetti 1/3 (0), nom, photon, osm-near, dupa-near.", "open_question": "Which building the node represents; building details.", "review_note": "", "sources": "[{\"source\": \"osm\", \"ref\": \"node/1752930084\", \"lat\": 44.4420244, \"lon\": 26.1059677, \"precision\": \"address\", \"evidence\": \"OSM address node Maria Rosetti 1-3 (near Rosetti Hotel)\", \"retrieved\": \"2026-10-05\", \"by\": \"agent+auto\", \"d_m\": 0}]", "checked_by": "agent (sonnet) + auto (s21)", "flags": "", "name": "Clădirea din Str. Maria Rosetti 3", "type": "bc_locuinte", "class": "structure", "locality": "București", "address_1977": "Str. Maria Rosetti 3", "period": "", "height": "", "system": "", "iv_classes": "", "iv_techniques": "", "iv_only_proposed": "", "outcome_unit": ""}}, {"type": "Feature", "id": "v4_b_maria_rosetti_36", "geometry": {"type": "Point", "coordinates": [26.111371, 44.441688]}, "properties": {"building_id": "v4_b_maria_rosetti_36", "batch_id": "P3_07", "locatable": "point", "precision": "building", "status": "verified", "n_sources": "2", "n_agree": "2", "agreement_m": "5", "outcome_1977": "moderate", "outcome_quote": "Stîlpi de beton armat avariați de cutremur la clădiri din București.", "status_today": "standing", "status_source": "dupacutremur register", "modern_address": "Str. Maria Rosetti 36, București (sector 2)", "historic_address_note": "Same street.", "dupacutremur_building_uid": "c329f0", "osm_footprint_ref": "way/163622307", "wikidata": "", "confidence": "high", "notes": "Register and OSM coincide on the footprint (the register footprint is probably derived from OSM, so independence is partial). Report gives no height.", "open_question": "", "review_note": "", "sources": "[{\"source\": \"dupacutremur\", \"ref\": \"c329f0\", \"lat\": 44.441728, \"lon\": 26.111332, \"precision\": \"building\", \"evidence\": \"Register: Maria Rosetti 36, S+P+7E+Ma, 1936\", \"retrieved\": \"2026-10-05\", \"by\": \"agent+auto\", \"d_m\": 5}, {\"source\": \"osm\", \"ref\": \"way/163622307\", \"lat\": 44.4417233, \"lon\": 26.1113808, \"precision\": \"building\", \"evidence\": \"OSM apartments, addr Maria Rosetti 36, 10 levels\", \"retrieved\": \"2026-10-05\", \"by\": \"agent+auto\", \"d_m\": 4}, {\"source\": \"osm\", \"ref\": \"node/1752883296\", \"lat\": 44.4418807, \"lon\": 26.1114442, \"precision\": \"address\", \"evidence\": \"Nominatim address node 36\", \"retrieved\": \"2026-10-05\", \"by\": \"agent\", \"d_m\": 22}]", "checked_by": "agent (sonnet) + auto (s21)", "flags": "", "name": "Clădirea din Str. Maria Rosetti 36", "type": "bc_locuinte", "class": "structure", "locality": "București", "address_1977": "Str. Maria Rosetti 36", "period": "", "height": "", "system": "", "iv_classes": "", "iv_techniques": "", "iv_only_proposed": "", "outcome_unit": ""}}, {"type": "Feature", "id": "v4_b_galati_21", "geometry": {"type": "Point", "coordinates": [26.107718, 44.438749]}, "properties": {"building_id": "v4_b_galati_21", "batch_id": "P3_07", "locatable": "point", "precision": "address", "status": "verified", "n_sources": "2", "n_agree": "2", "agreement_m": "12", "outcome_1977": "moderate", "outcome_quote": "Vedere exterioară după cutremur.", "status_today": "standing", "status_source": "dupacutremur register", "modern_address": "Str. Vasile Lascăr 21, București (sector 2)", "historic_address_note": "Galați = Vasile Lascăr (same single source as Galați 33); number assumed unchanged.", "dupacutremur_building_uid": "10bq80", "osm_footprint_ref": "way/1208445050", "wikidata": "", "confidence": "low", "notes": "Height conflict: caption says P+6E, register S+P+8E (and OSM start_date 1895 conflicts with 1937). Street identity depends on one source. Kept as a point at low confidence.", "open_question": "Check height/year of Vasile Lascăr 21 and the Galați=Lascăr renaming.", "review_note": "", "sources": "[{\"source\": \"dupacutremur\", \"ref\": \"10bq80\", \"lat\": 44.438709, \"lon\": 26.107859, \"precision\": \"building\", \"evidence\": \"Register: Vasile Lascăr 21, S+P+8E, 1937\", \"retrieved\": \"2026-10-05\", \"by\": \"agent+auto\", \"d_m\": 12}, {\"source\": \"osm\", \"ref\": \"way/1208445050\", \"lat\": 44.4386913, \"lon\": 26.1077696, \"precision\": \"building\", \"evidence\": \"OSM building, addr Vasile Lascăr 21, start_date 1895 (inconsistent)\", \"retrieved\": \"2026-10-05\", \"by\": \"agent+auto\", \"d_m\": 8}]", "checked_by": "agent (sonnet) + auto (s21)", "flags": "", "name": "Blocul de locuințe, Str. Galați 21", "type": "bc_bloc", "class": "structure", "locality": "București", "address_1977": "Str. Galați 21", "period": "", "height": "P+6E", "system": "ss_cadre_ba", "iv_classes": "", "iv_techniques": "", "iv_only_proposed": "", "outcome_unit": ""}}, {"type": "Feature", "id": "v4_b_armeneasca_16", "geometry": {"type": "Point", "coordinates": [26.111597, 44.43781]}, "properties": {"building_id": "v4_b_armeneasca_16", "batch_id": "P3_07", "locatable": "point", "precision": "building", "status": "verified", "n_sources": "2", "n_agree": "2", "agreement_m": "14", "outcome_1977": "moderate", "outcome_quote": "Stîlp rupt de cutremur, la parter.", "status_today": "standing", "status_source": "dupacutremur register", "modern_address": "Str. Armenească 16, București (sector 2)", "historic_address_note": "Street unchanged.", "dupacutremur_building_uid": "fdcme7", "osm_footprint_ref": "way/256329819", "wikidata": "", "confidence": "high", "notes": "Register and OSM agree within 12 m; height fits P+5...6.", "open_question": "", "review_note": "", "sources": "[{\"source\": \"dupacutremur\", \"ref\": \"fdcme7\", \"lat\": 44.437882, \"lon\": 26.11145, \"precision\": \"building\", \"evidence\": \"Register: Armenească 16, S+P+5E+Ma, 1934\", \"retrieved\": \"2026-10-05\", \"by\": \"agent+auto\", \"d_m\": 14}, {\"source\": \"osm\", \"ref\": \"node/2617166739\", \"lat\": 44.4378357, \"lon\": 26.1114503, \"precision\": \"address\", \"evidence\": \"OSM address node Armenească 16\", \"retrieved\": \"2026-10-05\", \"by\": \"agent+auto\", \"d_m\": 12}, {\"source\": \"osm\", \"ref\": \"way/256329819\", \"lat\": 44.437743, \"lon\": 26.11167, \"precision\": \"building\", \"evidence\": \"OSM footprint 9 m from the register point\", \"retrieved\": \"2026-10-05\", \"by\": \"agent\", \"d_m\": 9}]", "checked_by": "agent (sonnet) + auto (s21)", "flags": "", "name": "Blocul de locuințe, Str. Armenească 16", "type": "bc_bloc", "class": "structure", "locality": "București", "address_1977": "Str. Armenească 16", "period": "", "height": "P+5...6E", "system": "ss_cadre_ba", "iv_classes": "", "iv_techniques": "", "iv_only_proposed": "", "outcome_unit": ""}}, {"type": "Feature", "id": "v4_b_calea_mosilor_80", "geometry": {"type": "Point", "coordinates": [26.106547, 44.432346]}, "properties": {"building_id": "v4_b_calea_mosilor_80", "batch_id": "P3_07", "locatable": "point", "precision": "building", "status": "verified", "n_sources": "2", "n_agree": "2", "agreement_m": "15", "outcome_1977": "moderate", "outcome_quote": "Stîlp la parter rupt de cutremur.", "status_today": "standing", "status_source": "dupacutremur register", "modern_address": "Calea Moșilor 80, București (sector 3)", "historic_address_note": "Street unchanged.", "dupacutremur_building_uid": "8q9ydk", "osm_footprint_ref": "way/1111615334", "wikidata": "", "confidence": "high", "notes": "Register and OSM agree within 15 m; height (6 levels above ground) matches P+5.", "open_question": "", "review_note": "", "sources": "[{\"source\": \"dupacutremur\", \"ref\": \"8q9ydk\", \"lat\": 44.43242, \"lon\": 26.106391, \"precision\": \"building\", \"evidence\": \"Register: Calea Moșilor 80, S+P+4E+Ma, 1937\", \"retrieved\": \"2026-10-05\", \"by\": \"agent+auto\", \"d_m\": 15}, {\"source\": \"osm\", \"ref\": \"node/2587687832\", \"lat\": 44.4324208, \"lon\": 26.1064048, \"precision\": \"address\", \"evidence\": \"Nominatim address node 80\", \"retrieved\": \"2026-10-05\", \"by\": \"agent+auto\", \"d_m\": 14}, {\"source\": \"osm\", \"ref\": \"way/1111615334\", \"lat\": 44.432344, \"lon\": 26.106563, \"precision\": \"building\", \"evidence\": \"OSM apartments footprint at the register point\", \"retrieved\": \"2026-10-05\", \"by\": \"agent\", \"d_m\": 1}]", "checked_by": "agent (sonnet) + auto (s21)", "flags": "", "name": "Blocul de locuințe, Calea Moșilor 80", "type": "bc_bloc", "class": "structure", "locality": "București", "address_1977": "Calea Moșilor 80", "period": "", "height": "P+5E", "system": "ss_cadre_ba", "iv_classes": "", "iv_techniques": "", "iv_only_proposed": "", "outcome_unit": ""}}, {"type": "Feature", "id": "v4_b_romarta_academiei35", "geometry": {"type": "Point", "coordinates": [26.098708, 44.435132]}, "properties": {"building_id": "v4_b_romarta_academiei35", "batch_id": "P3_07", "locatable": "point", "precision": "building", "status": "single", "n_sources": "1", "n_agree": "1", "agreement_m": "", "outcome_1977": "moderate", "outcome_quote": "Fațadă deteriorată de cutremur.", "status_today": "standing", "status_source": "https://www.openstreetmap.org/way/945279455", "modern_address": "Blocul Romarta, Calea Victoriei / Str. Edgar Quinet (Capșa corner), București (sector 1)", "historic_address_note": "Report address Academiei 35 (colț cu Calea Victoriei) does not match the OSM building named Romarta (Edgar Quinet side, 290 m south); the name and 10 levels (P+9) match, the street does not.", "dupacutremur_building_uid": "", "osm_footprint_ref": "way/945279455", "wikidata": "", "confidence": "low", "notes": "Conflict between name-based and address-based candidates (290 m). Name match chosen because 'Romarta' is specific and the height fits; Academiei 35-37 node is an address only. Not in the register under Academiei 35. Searches: nom, photon, dupa academiei 35, dupa quinet, WebSearch x2.", "open_question": "Is the Romarta block at Victoriei/Edgar Quinet (renumbered) or at Academiei 35? Check an old address.", "review_note": "", "sources": "[{\"source\": \"osm\", \"ref\": \"way/945279455\", \"lat\": 44.435132, \"lon\": 26.098708, \"precision\": \"building\", \"evidence\": \"OSM 'Blocul Romarta', apartments, 10 levels, at Calea Victoriei/Edgar Quinet (Photon)\", \"retrieved\": \"2026-10-05\", \"by\": \"agent\", \"d_m\": 0}, {\"source\": \"osm\", \"ref\": \"node/2524390394\", \"lat\": 44.4377816, \"lon\": 26.0980673, \"precision\": \"address\", \"evidence\": \"Nominatim place node Strada Academiei 35-37 (corner with Calea Victoriei) - address match, no building name\", \"retrieved\": \"2026-10-05\", \"by\": \"agent\", \"d_m\": 299}]", "checked_by": "agent (sonnet) + auto (s21)", "flags": "", "name": "Blocul de locuințe \"Romarta\"", "type": "bc_bloc", "class": "structure", "locality": "București", "address_1977": "Str. Academiei 35 (colț cu Calea Victoriei)", "period": "", "height": "P+9E", "system": "ss_cadre_ba", "iv_classes": "", "iv_techniques": "", "iv_only_proposed": "", "outcome_unit": ""}}, {"type": "Feature", "id": "v4_b_cv112", "geometry": {"type": "Point", "coordinates": [26.094389, 44.442168]}, "properties": {"building_id": "v4_b_cv112", "batch_id": "P3_08", "locatable": "point", "precision": "building", "status": "verified", "n_sources": "2", "n_agree": "2", "agreement_m": "4", "outcome_1977": "severe", "outcome_quote": "Blocul de locuințe din București, Calea Victoriei 112. Stîlpi rupți prin forfecare (forță tăietoare) la etajul I.", "status_today": "standing", "status_source": "OSM way/1192371725", "modern_address": "Calea Victoriei 112, București (sector 1)", "historic_address_note": "Calea Victoriei unchanged; no. 112 same in register and OSM", "dupacutremur_building_uid": "mvkw7k", "osm_footprint_ref": "way/1192371725 (apartments, current building)", "wikidata": "", "confidence": "high", "notes": "Searches: dupa victoriei 112; osm-near. Register height (8 upper floors) matches caption P+8; reinforced-concrete frame plausible for 1939 block.", "open_question": "", "review_note": "", "sources": "[{\"source\": \"dupacutremur\", \"ref\": \"mvkw7k\", \"lat\": 44.442148, \"lon\": 26.094354, \"precision\": \"building\", \"evidence\": \"Register: Calea Victoriei 112, built 1939, S+P+Mz+8E (matches P+8), RS1\", \"retrieved\": \"2026-10-05\", \"by\": \"agent+auto\", \"d_m\": 4}, {\"source\": \"osm\", \"ref\": \"way/1192371725\", \"lat\": 44.442168, \"lon\": 26.094389, \"precision\": \"building\", \"evidence\": \"OSM apartments footprint; several POIs tagged Calea Victoriei 112 on it\", \"retrieved\": \"2026-10-05\", \"by\": \"agent\", \"d_m\": 0}, {\"source\": \"osm\", \"ref\": \"node/11068954268\", \"lat\": 44.442139, \"lon\": 26.094424, \"precision\": \"address\", \"evidence\": \"OSM POI \\\"112 Bar\\\" with addr Calea Victoriei 112\", \"retrieved\": \"2026-10-05\", \"by\": \"agent\", \"d_m\": 4}, {\"source\": \"nominatim\", \"ref\": \"node/11068954264\", \"lat\": 44.4421607, \"lon\": 26.094482, \"precision\": \"shop\", \"evidence\": \"Nominatim: Diamond's Office, 112, Calea Victoriei, Amzei, Piața Romană, Cișmigiu, Sector 1, București, 010092, România\", \"retrieved\": \"2026-10-05\", \"by\": \"auto\", \"d_m\": 7}]", "checked_by": "agent (sonnet) + auto (s21)", "flags": "", "name": "Blocul de locuințe din Calea Victoriei 112", "type": "bc_bloc", "class": "structure", "locality": "București", "address_1977": "Calea Victoriei 112", "period": "", "height": "P+8E", "system": "ss_cadre_ba", "iv_classes": "", "iv_techniques": "", "iv_only_proposed": "", "outcome_unit": ""}}, {"type": "Feature", "id": "v4_b_beldiman1", "geometry": {"type": "Point", "coordinates": [26.097639, 44.434182]}, "properties": {"building_id": "v4_b_beldiman1", "batch_id": "P3_08", "locatable": "point", "precision": "building", "status": "verified", "n_sources": "2", "n_agree": "2", "agreement_m": "9", "outcome_1977": "moderate", "outcome_quote": "Fațade deteriorate la cutremur, la blocuri de locuințe din București. Blocul de locuințe din Str. Beldiman 1 (P+7 etaje).", "status_today": "standing", "status_source": "OSM way/171234354", "modern_address": "Str. Alexandru Beldiman 1, București (sector 5)", "historic_address_note": "Str. Beldiman = today Str. Alexandru Beldiman; number matches in register and OSM", "dupacutremur_building_uid": "jc3f24", "osm_footprint_ref": "way/171234354", "wikidata": "", "confidence": "medium", "notes": "Searches: dupa beldiman 1; osm-near. Address agrees across two families but both give about 10 storeys against caption P+7; a 7-level block (way/709284588) stands 20 m east without an address. Caption count may omit setbacks or recessed floors.", "open_question": "Check P+7 vs 10 levels; confirm that way/709284588 is not the photographed block.", "review_note": "", "sources": "[{\"source\": \"dupacutremur\", \"ref\": \"jc3f24\", \"lat\": 44.434231, \"lon\": 26.097546, \"precision\": \"building\", \"evidence\": \"Register: Alexandru Beldiman 1, 1935, S+P+9E\", \"retrieved\": \"2026-10-05\", \"by\": \"agent+auto\", \"d_m\": 9}, {\"source\": \"osm\", \"ref\": \"way/171234354\", \"lat\": 44.4341805, \"lon\": 26.0975311, \"precision\": \"building\", \"evidence\": \"OSM apartments, addr Str. Alexandru Beldiman 1, 10 levels\", \"retrieved\": \"2026-10-05\", \"by\": \"agent+auto\", \"d_m\": 9}]", "checked_by": "agent (sonnet) + auto (s21)", "flags": "", "name": "Blocul de locuințe din Str. Beldiman 1", "type": "bc_bloc", "class": "structure", "locality": "București", "address_1977": "Str. Beldiman 1", "period": "", "height": "P+7E", "system": "", "iv_classes": "", "iv_techniques": "", "iv_only_proposed": "", "outcome_unit": ""}}, {"type": "Feature", "id": "v4_b_cv139", "geometry": {"type": "Point", "coordinates": [26.088654, 44.448408]}, "properties": {"building_id": "v4_b_cv139", "batch_id": "P3_08", "locatable": "point", "precision": "building", "status": "single", "n_sources": "1", "n_agree": "1", "agreement_m": "", "outcome_1977": "moderate", "outcome_quote": "Fațade deteriorate la cutremur, la blocuri de locuințe din București. Blocul de locuințe din Calea Victoriei 139 (P+7 etaje).", "status_today": "standing", "status_source": "OSM way/204350077", "modern_address": "Calea Victoriei 139, București (sector 1)", "historic_address_note": "Calea Victoriei unchanged; no. 139 is next to no. 141 (Palatul Cantacuzino)", "dupacutremur_building_uid": "", "osm_footprint_ref": "way/204350077 (apartments, 7 levels)", "wikidata": "", "confidence": "medium", "notes": "Searches: dupa victoriei 139 (none), nom, osm-near. Footprint chosen by height match and adjacency; both candidates are OSM so this is one family.", "open_question": "Confirm which footprint carries no. 139 (cadastre or street view).", "review_note": "", "sources": "[{\"source\": \"osm\", \"ref\": \"node/1726036392\", \"lat\": 44.4485086, \"lon\": 26.0888865, \"precision\": \"address\", \"evidence\": \"OSM address node \\\"139, Calea Victoriei\\\" (via Nominatim)\", \"retrieved\": \"2026-10-05\", \"by\": \"agent+auto\", \"d_m\": 22}, {\"source\": \"osm\", \"ref\": \"way/204350077\", \"lat\": 44.448408, \"lon\": 26.088654, \"precision\": \"building\", \"evidence\": \"Footprint 22 m from the address node and next door to no. 141; 7 levels (matches P+7); no address tag\", \"retrieved\": \"2026-10-05\", \"by\": \"agent\", \"d_m\": 0}]", "checked_by": "agent (sonnet) + auto (s21)", "flags": "", "name": "Blocul de locuințe din Calea Victoriei 139", "type": "bc_bloc", "class": "structure", "locality": "București", "address_1977": "Calea Victoriei 139", "period": "", "height": "P+7E", "system": "", "iv_classes": "", "iv_techniques": "", "iv_only_proposed": "", "outcome_unit": ""}}, {"type": "Feature", "id": "v4_b_iorga22", "geometry": {"type": "Point", "coordinates": [26.092273, 44.447519]}, "properties": {"building_id": "v4_b_iorga22", "batch_id": "P3_08", "locatable": "point", "precision": "building", "status": "verified", "n_sources": "2", "n_agree": "2", "agreement_m": "7", "outcome_1977": "severe", "outcome_quote": "Blocul de locuințe din București, Str. N. Iorga nr. 22. Stîlp rupt la cutremur.", "status_today": "standing", "status_source": "register + OSM way/387465729", "modern_address": "Str. Nicolae Iorga 22, București (sector 1)", "historic_address_note": "Str. N. Iorga unchanged", "dupacutremur_building_uid": "qmdzh5", "osm_footprint_ref": "way/387465729", "wikidata": "", "confidence": "medium", "notes": "Searches: dupa iorga 22; osm-near. Height regime matches.", "open_question": "", "review_note": "", "sources": "[{\"source\": \"dupacutremur\", \"ref\": \"qmdzh5\", \"lat\": 44.447565, \"lon\": 26.092325, \"precision\": \"building\", \"evidence\": \"Register: Nicolae Iorga 22, 1939, S+P+6E+Ma (matches P+6), RS1\", \"retrieved\": \"2026-10-05\", \"by\": \"agent+auto\", \"d_m\": 7}, {\"source\": \"osm\", \"ref\": \"way/387465729\", \"lat\": 44.447515, \"lon\": 26.092291, \"precision\": \"building\", \"evidence\": \"Footprint at the same spot, no address tag (geometry only)\", \"retrieved\": \"2026-10-05\", \"by\": \"agent\", \"d_m\": 1}, {\"source\": \"nominatim\", \"ref\": \"node/2845434180\", \"lat\": 44.4476381, \"lon\": 26.0922986, \"precision\": \"place\", \"evidence\": \"Nominatim: 22, Strada Nicolae Iorga, Amzei, Piața Romană, Cișmigiu, Sector 1, București, 010668, România\", \"retrieved\": \"2026-10-05\", \"by\": \"auto\", \"d_m\": 13}]", "checked_by": "agent (sonnet) + auto (s21)", "flags": "", "name": "Blocul de locuințe din Str. N. Iorga nr. 22", "type": "bc_bloc", "class": "structure", "locality": "București", "address_1977": "Str. N. Iorga 22", "period": "", "height": "P+6E", "system": "ss_cadre_ba", "iv_classes": "", "iv_techniques": "", "iv_only_proposed": "", "outcome_unit": ""}}, {"type": "Feature", "id": "v4_b_popa_tatu78", "geometry": {"type": "Point", "coordinates": [26.082719, 44.444541]}, "properties": {"building_id": "v4_b_popa_tatu78", "batch_id": "P3_08", "locatable": "point", "precision": "building", "status": "verified", "n_sources": "2", "n_agree": "2", "agreement_m": "6", "outcome_1977": "severe", "outcome_quote": "Blocul de locuințe din București, Str. Popa Tatu 78. Distrugeri grave la stîlpii parterului.", "status_today": "standing", "status_source": "register + OSM way/242524035", "modern_address": "Str. Popa Tatu 78, București (sector 1)", "historic_address_note": "Str. Popa Tatu unchanged", "dupacutremur_building_uid": "gz4r4i", "osm_footprint_ref": "way/242524035", "wikidata": "", "confidence": "medium", "notes": "Searches: dupa popa tatu 78; osm-near.", "open_question": "", "review_note": "", "sources": "[{\"source\": \"dupacutremur\", \"ref\": \"gz4r4i\", \"lat\": 44.444541, \"lon\": 26.082719, \"precision\": \"building\", \"evidence\": \"Register: Popa Tatu 78, 1938, S+P+5E+Ma (matches P+5), RS1\", \"retrieved\": \"2026-10-05\", \"by\": \"agent+auto\", \"d_m\": 0}, {\"source\": \"osm\", \"ref\": \"way/242524035\", \"lat\": 44.444557, \"lon\": 26.082785, \"precision\": \"building\", \"evidence\": \"Footprint 5 m from the register point, no address tag (geometry only)\", \"retrieved\": \"2026-10-05\", \"by\": \"agent\", \"d_m\": 6}, {\"source\": \"nominatim\", \"ref\": \"node/2774750000\", \"lat\": 44.4444539, \"lon\": 26.0827308, \"precision\": \"place\", \"evidence\": \"Nominatim: 78, Strada Popa Tatu, Sf. Voievozi, Piața Romană, Cișmigiu, Sector 1, București, 010807, România\", \"retrieved\": \"2026-10-05\", \"by\": \"auto\", \"d_m\": 10}]", "checked_by": "agent (sonnet) + auto (s21)", "flags": "", "name": "Blocul de locuințe din Str. Popa Tatu 78", "type": "bc_bloc", "class": "structure", "locality": "București", "address_1977": "Str. Popa Tatu 78", "period": "", "height": "P+5E", "system": "ss_cadre_ba", "iv_classes": "", "iv_techniques": "", "iv_only_proposed": "", "outcome_unit": ""}}, {"type": "Feature", "id": "v4_b_golescu20", "geometry": {"type": "Point", "coordinates": [26.097584, 44.442225]}, "properties": {"building_id": "v4_b_golescu20", "batch_id": "P3_08", "locatable": "point", "precision": "address", "status": "verified", "n_sources": "2", "n_agree": "2", "agreement_m": "7", "outcome_1977": "moderate", "outcome_quote": "Blocul de locuințe și birouri din București. Str. N. Golescu 20. Clădire cu schelet de beton armat și zidărie (P + 6 etaje). Vedere după cutremur a avariilor la cornișe, șarpantă și bovindouri.", "status_today": "standing", "status_source": "register + OSM way/659661447", "modern_address": "Str. Nicolae Golescu 20, București (sector 1)", "historic_address_note": "Str. N. Golescu unchanged; number as in register", "dupacutremur_building_uid": "elhpqq", "osm_footprint_ref": "way/659661447 (3 levels)", "wikidata": "", "confidence": "low", "notes": "Searches: dupa golescu, dupa-near, osm-near. Address matches but height is S+P+3E against caption P+6 with bay windows and offices: either the 1977 numbering differed or another building. Alternative nearby: Constantin Esarcu 3 (S+P+5E+Ma, 1924, 44.44179,26.09736) and Episcopiei 6 (separate answer).", "open_question": "Height mismatch; check old numbering or the corner block Golescu/Esarcu.", "review_note": "", "sources": "[{\"source\": \"dupacutremur\", \"ref\": \"elhpqq\", \"lat\": 44.442161, \"lon\": 26.097596, \"precision\": \"address\", \"evidence\": \"Register: Nicolae Golescu 20, 1921, S+P+3E\", \"retrieved\": \"2026-10-05\", \"by\": \"agent+auto\", \"d_m\": 7}, {\"source\": \"osm\", \"ref\": \"way/659661447\", \"lat\": 44.442236, \"lon\": 26.097603, \"precision\": \"building\", \"evidence\": \"Footprint with 3 levels, no address tag\", \"retrieved\": \"2026-10-05\", \"by\": \"agent\", \"d_m\": 2}, {\"source\": \"nominatim\", \"ref\": \"node/7151000430\", \"lat\": 44.4421835, \"lon\": 26.0974718, \"precision\": \"place\", \"evidence\": \"Nominatim: 20, Strada Nicolae Golescu, Amzei, Piața Romană, Cișmigiu, Sector 1, București, 010293, România\", \"retrieved\": \"2026-10-05\", \"by\": \"auto\", \"d_m\": 10}]", "checked_by": "agent (sonnet) + auto (s21)", "flags": "", "name": "Blocul de locuințe și birouri din Str. N. Golescu 20", "type": "bc_bloc", "class": "structure", "locality": "București", "address_1977": "Str. N. Golescu 20", "period": "", "height": "P+6E", "system": "ss_mixt", "iv_classes": "", "iv_techniques": "", "iv_only_proposed": "", "outcome_unit": ""}}, {"type": "Feature", "id": "v4_b_episcopiei6", "geometry": {"type": "Point", "coordinates": [26.09726, 44.441913]}, "properties": {"building_id": "v4_b_episcopiei6", "batch_id": "P3_08", "locatable": "point", "precision": "building", "status": "verified", "n_sources": "2", "n_agree": "2", "agreement_m": "9", "outcome_1977": "moderate", "outcome_quote": "Clădirea de locuințe și birouri din București, Str. Episcopiei 6. Clădire de zidărie și beton armat. (P + 5 etaje). Avarii la zidăria bovindourilor.", "status_today": "standing", "status_source": "register + OSM way/1230166606", "modern_address": "Str. Episcopiei 6, București (sector 1)", "historic_address_note": "Str. Episcopiei unchanged", "dupacutremur_building_uid": "0b17zu", "osm_footprint_ref": "way/1230166606", "wikidata": "", "confidence": "high", "notes": "Searches: dupa episcopiei; osm-near.", "open_question": "", "review_note": "", "sources": "[{\"source\": \"dupacutremur\", \"ref\": \"0b17zu\", \"lat\": 44.441868, \"lon\": 26.097161, \"precision\": \"building\", \"evidence\": \"Register: Episcopiei 6, 1924, S+P+5E (matches P+5), RS2\", \"retrieved\": \"2026-10-05\", \"by\": \"agent+auto\", \"d_m\": 9}, {\"source\": \"osm\", \"ref\": \"way/1230166606\", \"lat\": 44.441913, \"lon\": 26.09726, \"precision\": \"building\", \"evidence\": \"Footprint; POIs tagged Str. Episcopiei 6 on it\", \"retrieved\": \"2026-10-05\", \"by\": \"agent\", \"d_m\": 0}, {\"source\": \"nominatim\", \"ref\": \"node/6467929285\", \"lat\": 44.4419547, \"lon\": 26.0972963, \"precision\": \"amenity\", \"evidence\": \"Nominatim: Chocolat, 6, Strada Episcopiei, Amzei, Piața Romană, Cișmigiu, Sector 1, București, 010293, România\", \"retrieved\": \"2026-10-05\", \"by\": \"auto\", \"d_m\": 5}]", "checked_by": "agent (sonnet) + auto (s21)", "flags": "", "name": "Clădirea de locuințe și birouri din Str. Episcopiei 6", "type": "bc_bloc", "class": "structure", "locality": "București", "address_1977": "Str. Episcopiei 6", "period": "", "height": "P+5E", "system": "ss_mixt", "iv_classes": "", "iv_techniques": "", "iv_only_proposed": "", "outcome_unit": ""}}, {"type": "Feature", "id": "v4_b_dej24", "geometry": {"type": "Point", "coordinates": [26.097107, 44.434884]}, "properties": {"building_id": "v4_b_dej24", "batch_id": "P3_08", "locatable": "point", "precision": "address", "status": "single", "n_sources": "1", "n_agree": "1", "agreement_m": "", "outcome_1977": "moderate", "outcome_quote": "Avarii și dislocări la zidăria fațadei la clădiri de zidărie din București. Clădirea din Bd. Gh. Gheorghiu-Dej 24 (P + 6 etaje).", "status_today": "unknown", "status_source": "OSM node/1868712466", "modern_address": "Bd. Regina Elisabeta 24, București (sector 5)", "historic_address_note": "Bd. Gh. Gheorghiu-Dej became Bd. Regina Elisabeta (web: formerly 6 Martie, then Kogălniceanu section); extent and 1977 numbering unverified", "dupacutremur_building_uid": "", "osm_footprint_ref": "", "wikidata": "", "confidence": "low", "notes": "Searches: dupa elisabeta/kogalniceanu 24 (0), nom, web (bucuresticitynews: Gheorghiu-Dej = formerly 6 Martie then Kogălniceanu, today Elisabeta). Masonry P+6 not verified at either address.", "open_question": "Verify numbering of Bd. Gheorghiu-Dej in 1977 (Regina Elisabeta vs Kogălniceanu).", "review_note": "", "sources": "[{\"source\": \"osm\", \"ref\": \"node/1868712466\", \"lat\": 44.4348843, \"lon\": 26.0971068, \"precision\": \"address\", \"evidence\": \"OSM address node Bd. Regina Elisabeta 24 (Nominatim)\", \"retrieved\": \"2026-10-05\", \"by\": \"agent+auto\", \"d_m\": 0}, {\"source\": \"osm\", \"ref\": \"node/2391939769\", \"lat\": 44.4346265, \"lon\": 26.085199, \"precision\": \"address\", \"evidence\": \"Alternative: OSM address node Bd. Mihail Kogălniceanu 24, not used\", \"retrieved\": \"2026-10-05\", \"by\": \"agent\", \"d_m\": 946}]", "checked_by": "agent (sonnet) + auto (s21)", "flags": "", "name": "Clădirea din Bd. Gh. Gheorghiu-Dej 24", "type": "bc_bloc", "class": "structure", "locality": "București", "address_1977": "Bd. Gh. Gheorghiu-Dej 24", "period": "", "height": "P+6E", "system": "ss_zidarie", "iv_classes": "", "iv_techniques": "", "iv_only_proposed": "", "outcome_unit": ""}}, {"type": "Feature", "id": "v4_b_cv159", "geometry": {"type": "Point", "coordinates": [26.08599, 44.45114]}, "properties": {"building_id": "v4_b_cv159", "batch_id": "P3_08", "locatable": "point", "precision": "street", "status": "single", "n_sources": "1", "n_agree": "1", "agreement_m": "", "outcome_1977": "moderate", "outcome_quote": "Calcane prăbușite la cutremur. Clădire din zidărie (P+2 etaje) din București, Calea Victoriei 159.", "status_today": "unknown", "status_source": "", "modern_address": "Calea Victoriei 159, București (sector 1), interpolated", "historic_address_note": "Calea Victoriei unchanged", "dupacutremur_building_uid": "", "osm_footprint_ref": "", "wikidata": "", "confidence": "low", "notes": "Searches: dupa victoriei 145-165 (none), nom 157/159/161. Point is the mean of the neighbouring OSM nodes 155 and 163, so accurate to roughly 50-100 m only; precision street.", "open_question": "Locate no. 159 exactly.", "review_note": "", "sources": "[{\"source\": \"osm\", \"ref\": \"node/2613331337\", \"lat\": 44.4514321, \"lon\": 26.0857433, \"precision\": \"address\", \"evidence\": \"OSM Mega Image at no. 155\", \"retrieved\": \"2026-10-05\", \"by\": \"agent\", \"d_m\": 38}, {\"source\": \"osm\", \"ref\": \"node/2533778100\", \"lat\": 44.4508387, \"lon\": 26.0862378, \"precision\": \"address\", \"evidence\": \"OSM address node no. 163\", \"retrieved\": \"2026-10-05\", \"by\": \"agent\", \"d_m\": 39}]", "checked_by": "agent (sonnet) + auto (s21)", "flags": "", "name": "Clădire din zidărie din Calea Victoriei 159", "type": "bc_bloc", "class": "structure", "locality": "București", "address_1977": "Calea Victoriei 159", "period": "", "height": "P+2E", "system": "ss_zidarie", "iv_classes": "", "iv_techniques": "", "iv_only_proposed": "", "outcome_unit": ""}}, {"type": "Feature", "id": "v4_b_selari9_11", "geometry": {"type": "Point", "coordinates": [26.100755, 44.430664]}, "properties": {"building_id": "v4_b_selari9_11", "batch_id": "P3_08", "locatable": "point", "precision": "address", "status": "single", "n_sources": "1", "n_agree": "1", "agreement_m": "", "outcome_1977": "moderate", "outcome_quote": "Calcane prăbușite la cutremur. Clădire din zidărie (P+3 etaje) din București, Str. Selari 9-11.", "status_today": "standing", "status_source": "OSM address node", "modern_address": "Str. Șelari 9-11, București (sector 3)", "historic_address_note": "Str. Șelari unchanged", "dupacutremur_building_uid": "", "osm_footprint_ref": "", "wikidata": "", "confidence": "medium", "notes": "Searches: dupa selari (no 9/11 in register, neighbours 13-24 are S+P+2E/3E), nom, osm-near. Footprint not identifiable (no address on buildings). Single family.", "open_question": "Pick footprint for no. 9-11.", "review_note": "", "sources": "[{\"source\": \"osm\", \"ref\": \"node/1729065547\", \"lat\": 44.4306645, \"lon\": 26.1007553, \"precision\": \"address\", \"evidence\": \"OSM address node Str. Șelari 9-11; several POIs share this address\", \"retrieved\": \"2026-10-05\", \"by\": \"agent\", \"d_m\": 0}, {\"source\": \"nominatim\", \"ref\": \"node/1416623913\", \"lat\": 44.4307326, \"lon\": 26.100788, \"precision\": \"amenity\", \"evidence\": \"Nominatim: Paradise Club, 9-11, Strada Șelari, Sf. Anton, Centrul Istoric, Sector 3, București, 030068, România\", \"retrieved\": \"2026-10-05\", \"by\": \"auto\", \"d_m\": 8}]", "checked_by": "agent (sonnet) + auto (s21)", "flags": "", "name": "Clădire din zidărie din Str. Selari 9-11", "type": "bc_bloc", "class": "structure", "locality": "București", "address_1977": "Str. Selari 9-11", "period": "", "height": "P+3E", "system": "ss_zidarie", "iv_classes": "", "iv_techniques": "", "iv_only_proposed": "", "outcome_unit": ""}}, {"type": "Feature", "id": "v4_b_ispif_riureanu_1_3", "geometry": {"type": "Point", "coordinates": [26.09623, 44.43082]}, "properties": {"building_id": "v4_b_ispif_riureanu_1_3", "batch_id": "P3_08", "locatable": "point", "precision": "address", "status": "single", "n_sources": "1", "n_agree": "1", "agreement_m": "", "outcome_1977": "severe", "outcome_quote": "Clădirea pentru birouri (ISPIF) din București, Str. Rîureanu 1-3. Avarii și distrugeri la stîlpii de beton armat de la etajul II.", "status_today": "unknown", "status_source": "OSM way/150803310 (Baroul București, 5 levels)", "modern_address": "Str. Doctor Dumitru Râureanu 3 (1-3), București (sector 5)", "historic_address_note": "Str. Rîureanu = today Str. Dr. Dumitru Râureanu; no. 1-3 unverified", "dupacutremur_building_uid": "", "osm_footprint_ref": "way/150803310", "wikidata": "", "confidence": "low", "notes": "Searches: dupa riureanu (only no. 5), nom, photon, web (ISPIF seat today is Șos. Olteniței 35-37, so 1977 office at Râureanu unconfirmed). Footprint of no. 3 is 5 levels against P+6-7; no. 1 not found.", "open_question": "Confirm that the ISPIF building is the no. 3 footprint (or the no. 1 neighbour).", "review_note": "", "sources": "[{\"source\": \"osm\", \"ref\": \"way/150803310\", \"lat\": 44.43082, \"lon\": 26.09623, \"precision\": \"address\", \"evidence\": \"OSM building at Str. Dr. D. Râureanu 3 (Bucharest Bar Association), 5 levels\", \"retrieved\": \"2026-10-05\", \"by\": \"agent\", \"d_m\": 0}, {\"source\": \"osm\", \"ref\": \"way/23486284\", \"lat\": 44.430953, \"lon\": 26.0961207, \"precision\": \"street\", \"evidence\": \"OSM street Str. Doctor Dumitru Râureanu\", \"retrieved\": \"2026-10-05\", \"by\": \"agent+auto\", \"d_m\": 17}]", "checked_by": "agent (sonnet) + auto (s21)", "flags": "", "name": "Clădirea pentru birouri (Institutul de proiectări ISPIF)", "type": "bc_administrativ", "class": "structure", "locality": "București", "address_1977": "Str. Rîureanu 1-3", "period": "", "height": "P+6...7", "system": "ss_cadre_ba", "iv_classes": "", "iv_techniques": "", "iv_only_proposed": "", "outcome_unit": ""}}, {"type": "Feature", "id": "v4_b_hotel_athenee_palace_episcopiei1", "geometry": {"type": "Point", "coordinates": [26.095576, 44.441472]}, "properties": {"building_id": "v4_b_hotel_athenee_palace_episcopiei1", "batch_id": "P3_08", "locatable": "point", "precision": "building", "status": "verified", "n_sources": "2", "n_agree": "2", "agreement_m": "54", "outcome_1977": "moderate", "outcome_quote": "Hotel \"Athénée Palace\" din București, Str. Episcopiei 1. Vedere de ansamblu.", "status_today": "standing", "status_source": "OSM way/232347742", "modern_address": "InterContinental Athénée Palace, Str. Episcopiei 1-3, București (sector 1)", "historic_address_note": "Str. Episcopiei unchanged; hotel at Episcopiei 1-3 / Calea Victoriei", "dupacutremur_building_uid": "", "osm_footprint_ref": "way/232347742", "wikidata": "Q979477", "confidence": "high", "notes": "Searches: nom, wd, osm-near. Two families agree within 55 m.", "open_question": "", "review_note": "", "sources": "[{\"source\": \"osm\", \"ref\": \"way/232347742\", \"lat\": 44.4414277, \"lon\": 26.0957572, \"precision\": \"building\", \"evidence\": \"OSM hotel footprint, Str. Episcopiei 1-3, start 1914\", \"retrieved\": \"2026-10-05\", \"by\": \"agent+auto\", \"d_m\": 15}, {\"source\": \"wikidata\", \"ref\": \"Q979477\", \"lat\": 44.440983, \"lon\": 26.095566, \"precision\": \"building\", \"evidence\": \"Wikidata InterContinental Athénée Palace, 54 m south of the OSM centroid\", \"retrieved\": \"2026-10-05\", \"by\": \"agent+auto\", \"d_m\": 54}]", "checked_by": "agent (sonnet) + auto (s21)", "flags": "", "name": "Hotel \"Athénée Palace\"", "type": "bc_hotel", "class": "structure", "locality": "București", "address_1977": "Str. Episcopiei 1", "period": "", "height": "", "system": "", "iv_classes": "", "iv_techniques": "", "iv_only_proposed": "", "outcome_unit": ""}}, {"type": "Feature", "id": "v4_b_biserica_sf_spiridon_bucuresti", "geometry": {"type": "Point", "coordinates": [26.103501, 44.423867]}, "properties": {"building_id": "v4_b_biserica_sf_spiridon_bucuresti", "batch_id": "P3_08", "locatable": "point", "precision": "site", "status": "single", "n_sources": "1", "n_agree": "1", "agreement_m": "", "outcome_1977": "moderate", "outcome_quote": "Biserici din București, avariate de cutremur. Biserica Sf. Spiridon;", "status_today": "standing", "status_source": "OSM way/75677194", "modern_address": "Biserica Sf. Spiridon Nou, Calea Șerban Vodă 29, București (sector 4), tentative", "historic_address_note": "Caption names only \"Sf. Spiridon\"; two Bucharest churches: Nou and Vechi", "dupacutremur_building_uid": "", "osm_footprint_ref": "way/75677194", "wikidata": "", "confidence": "low", "notes": "Ambiguous identity. Chose Nou because documented 1977 damage; Vechi not shown damaged in sources found. Searches: nom, photon, wd, web.", "open_question": "Which Spiridon church is photographed (Foto 63a)? Compare thumbnail with the Nou facade.", "review_note": "", "sources": "[{\"source\": \"osm\", \"ref\": \"way/75677194\", \"lat\": 44.423867, \"lon\": 26.1035012, \"precision\": \"building\", \"evidence\": \"OSM Sf. Spiridon Nou, Calea Șerban Vodă 29\", \"retrieved\": \"2026-10-05\", \"by\": \"agent\", \"d_m\": 0}, {\"source\": \"web\", \"ref\": \"https://doxologia.ro/biserica-sfantul-spiridon-nou-bucuresti\", \"lat\": null, \"lon\": null, \"precision\": \"site\", \"evidence\": \"Web (search summary): Spiridon Nou damaged by 1977 earthquake (SW bell tower collapsed)\", \"retrieved\": \"2026-10-05\", \"by\": \"agent\"}, {\"source\": \"osm\", \"ref\": \"way/75656299\", \"lat\": 44.4292686, \"lon\": 26.0957983, \"precision\": \"building\", \"evidence\": \"Alternative: Sf. Spiridon Vechi, Piața Națiunile Unite 5-7, not documented as damaged\", \"retrieved\": \"2026-10-05\", \"by\": \"agent\", \"d_m\": 857}]", "checked_by": "agent (sonnet) + auto (s21)", "flags": "", "name": "Biserica Sf. Spiridon", "type": "bc_monument", "class": "structure", "locality": "București", "address_1977": "", "period": "", "height": "", "system": "", "iv_classes": "", "iv_techniques": "", "iv_only_proposed": "", "outcome_unit": ""}}, {"type": "Feature", "id": "v4_b_biserica_sf_elefterie_veche_bucuresti", "geometry": {"type": "Point", "coordinates": [26.074543, 44.433093]}, "properties": {"building_id": "v4_b_biserica_sf_elefterie_veche_bucuresti", "batch_id": "P3_08", "locatable": "point", "precision": "building", "status": "verified", "n_sources": "2", "n_agree": "2", "agreement_m": "51", "outcome_1977": "moderate", "outcome_quote": "Biserici din București, avariate de cutremur. Biserica Sf. Elefterie (veche).", "status_today": "standing", "status_source": "OSM way/78061357", "modern_address": "Biserica Sf. Elefterie Vechi, Str. Sf. Elefterie 15C, București (sector 5)", "historic_address_note": "Caption \"veche\" distinguishes it from Elefterie Nou", "dupacutremur_building_uid": "", "osm_footprint_ref": "way/78061357", "wikidata": "Q12721944", "confidence": "high", "notes": "Searches: nom, wd. Two families agree within 50 m. Other church Q3400403 (Elefterie Nou) is 2 km away and not used.", "open_question": "", "review_note": "", "sources": "[{\"source\": \"osm\", \"ref\": \"way/78061357\", \"lat\": 44.4330925, \"lon\": 26.0745433, \"precision\": \"building\", \"evidence\": \"OSM Biserica Sf. Elefterie Vechi\", \"retrieved\": \"2026-10-05\", \"by\": \"agent\", \"d_m\": 0}, {\"source\": \"wikidata\", \"ref\": \"Q12721944\", \"lat\": 44.43297, \"lon\": 26.07393, \"precision\": \"building\", \"evidence\": \"Wikidata Old St. Eleftherios Church (heritage site)\", \"retrieved\": \"2026-10-05\", \"by\": \"agent+auto\", \"d_m\": 51}]", "checked_by": "agent (sonnet) + auto (s21)", "flags": "", "name": "Biserica Sf. Elefterie (veche)", "type": "bc_monument", "class": "structure", "locality": "București", "address_1977": "", "period": "", "height": "", "system": "", "iv_classes": "", "iv_techniques": "", "iv_only_proposed": "", "outcome_unit": ""}}, {"type": "Feature", "id": "v4_b_biserica_sf_vasile_ploiesti", "geometry": {"type": "Point", "coordinates": [26.009055, 44.947198]}, "properties": {"building_id": "v4_b_biserica_sf_vasile_ploiesti", "batch_id": "P3_08", "locatable": "point", "precision": "building", "status": "single", "n_sources": "1", "n_agree": "1", "agreement_m": "", "outcome_1977": "moderate", "outcome_quote": "Biserica Sf. Vasile din Ploiești, avariată de cutremur. Aspecte ale bisericii avariate.", "status_today": "standing", "status_source": "OSM way/880348162", "modern_address": "Biserica Sf. Vasile, Str. Nicolae Titulescu, Ploiești", "historic_address_note": "Only one Sf. Vasile church found in Ploiești", "dupacutremur_building_uid": "", "osm_footprint_ref": "way/880348162", "wikidata": "", "confidence": "medium", "notes": "Searches: nom, osm-near, web. One web snippet gives Bd. Republicii 171 for the same church, not resolved.", "open_question": "Confirm identity with the Bd. Republicii 171 address and 1977 damage.", "review_note": "", "sources": "[{\"source\": \"osm\", \"ref\": \"way/880348162\", \"lat\": 44.947198, \"lon\": 26.009055, \"precision\": \"building\", \"evidence\": \"OSM Biserica Sf. Vasile, Str. N. Titulescu, Ploiești\", \"retrieved\": \"2026-10-05\", \"by\": \"agent\", \"d_m\": 0}, {\"source\": \"web\", \"ref\": \"https://bisericasfvasile.ro/\", \"lat\": null, \"lon\": null, \"precision\": \"street\", \"evidence\": \"Parish site: Str. Nicolae Titulescu, Ploiești, founded 1834 (no coordinates)\", \"retrieved\": \"2026-10-05\", \"by\": \"agent\"}]", "checked_by": "agent (sonnet) + auto (s21)", "flags": "", "name": "Biserica Sf. Vasile din Ploiești", "type": "bc_monument", "class": "structure", "locality": "Ploiești", "address_1977": "", "period": "", "height": "", "system": "", "iv_classes": "", "iv_techniques": "", "iv_only_proposed": "", "outcome_unit": ""}}, {"type": "Feature", "id": "v4_b_monument_funerar_serban_voda", "geometry": {"type": "Point", "coordinates": [26.09959, 44.40422]}, "properties": {"building_id": "v4_b_monument_funerar_serban_voda", "batch_id": "P3_08", "locatable": "area", "precision": "area", "status": "area", "n_sources": "2", "n_agree": "2", "agreement_m": "50", "outcome_1977": "collapsed", "outcome_quote": "Monument funerar în cimitirul Serban Vodă din București, prăbușit la cutremur.", "status_today": "standing", "status_source": "OSM way/13840402", "modern_address": "Cimitirul Bellu (Șerban Vodă), București (sector 4)", "historic_address_note": "Cimitirul Șerban Vodă = Cimitirul Bellu", "dupacutremur_building_uid": "", "osm_footprint_ref": "way/13840402", "wikidata": "Q592204", "confidence": "medium", "notes": "NOT_FOUND for the individual monument: position inside the cemetery is not documented. Point is the cemetery (mean of two sources).", "open_question": "Which monument and plot (figure 66).", "review_note": "", "sources": "[{\"source\": \"osm\", \"ref\": \"way/13840402\", \"lat\": 44.4045548, \"lon\": 26.0991755, \"precision\": \"area\", \"evidence\": \"OSM Cimitirul Bellu\", \"retrieved\": \"2026-10-05\", \"by\": \"agent\", \"d_m\": 50}, {\"source\": \"wikidata\", \"ref\": \"Q592204\", \"lat\": 44.403888888888886, \"lon\": 26.1, \"precision\": \"area\", \"evidence\": \"Wikidata Bellu Cemetery\", \"retrieved\": \"2026-10-05\", \"by\": \"agent+auto\", \"d_m\": 49}]", "checked_by": "agent (sonnet) + auto (s21)", "flags": "", "name": "Monument funerar în cimitirul Șerban Vodă", "type": "bc_monument", "class": "structure", "locality": "București", "address_1977": "cimitirul Serban Vodă", "period": "", "height": "", "system": "", "iv_classes": "", "iv_techniques": "", "iv_only_proposed": "", "outcome_unit": ""}}, {"type": "Feature", "id": "v4_b_cantina_dorobantul_ploiesti", "geometry": {"type": "Point", "coordinates": [26.052266, 44.935896]}, "properties": {"building_id": "v4_b_cantina_dorobantul_ploiesti", "batch_id": "P3_08", "locatable": "point", "precision": "site", "status": "single", "n_sources": "1", "n_agree": "1", "agreement_m": "", "outcome_1977": "collapsed", "outcome_quote": "Clădiri prăbușite parțial la cutremur în municipiul Ploiești și județul Prahova. Cantina Intreprinderii Dorobanțul. Prăbușirea porțiunii superioare.", "status_today": "unknown", "status_source": "", "modern_address": "Fostă Întreprinderea Dorobanțul (Fabrica de Stofe), Str. Mircea cel Bătrân, Ploiești", "historic_address_note": "Plant site; canteen position unknown", "dupacutremur_building_uid": "", "osm_footprint_ref": "way/83889491 (landuse industrial)", "wikidata": "", "confidence": "low", "notes": "Site-level only (plant identity by name). Searches: nom, photon. Canteen building not individually placed.", "open_question": "Which building in the plant was the canteen.", "review_note": "", "sources": "[{\"source\": \"osm\", \"ref\": \"way/83889491\", \"lat\": 44.935896, \"lon\": 26.052266, \"precision\": \"site\", \"evidence\": \"OSM landuse industrial \\\"Fabrica de Stofe Dorobanțul\\\", Ploiești (via Nominatim and Photon, same family)\", \"retrieved\": \"2026-10-05\", \"by\": \"agent\", \"d_m\": 0}]", "checked_by": "agent (sonnet) + auto (s21)", "flags": "", "name": "Cantina Întreprinderii Dorobanțul", "type": "bc_industrial", "class": "structure", "locality": "Ploiești", "address_1977": "", "period": "", "height": "", "system": "", "iv_classes": "", "iv_techniques": "", "iv_only_proposed": "", "outcome_unit": ""}}, {"type": "Feature", "id": "v4_b_ferentari72", "geometry": {"type": "Point", "coordinates": [26.0779, 44.4057]}, "properties": {"building_id": "v4_b_ferentari72", "batch_id": "P3_09", "locatable": "area", "precision": "area", "status": "area", "n_sources": "2", "n_agree": "2", "agreement_m": "139", "outcome_1977": "severe", "outcome_quote": "Nod de cadru distrus cu armătura diagonalei smulsă din nod.", "status_today": "standing", "status_source": "register + OSM (see candidates)", "modern_address": "Calea Ferentari 72 (ansamblul blocurilor A/B/C, 1947-52), București sector 5", "historic_address_note": "Calea Ferentari 72 unchanged; the 'no. 72' address covers the whole 1947-52 estate of 4-storey blocks", "dupacutremur_building_uid": "", "osm_footprint_ref": "way/1155229382 (Bl. 20, Calea Ferentari 72, 4 levels, 1949 - candidate only; estate has ~20 similar blocks)", "wikidata": "", "confidence": "low", "notes": "GENERIC (within an estate): not a single point. The printed address 'Calea Ferentari 72' is shared by ~12-20 four-storey blocks of 1947-52 (register S+P+3E; OSM 4 levels). Caption says RC monolithic frame with exposed brick, P+3 - consistent with this estate but does not identify which block; no block label in the panels. Searches: dupa 'ferentari' 72, dupa-near, nom 'Calea Ferentari 72', osm-near 150 m. Point = centroid of the 12 register blocks.", "open_question": "Only a view of the building (Foto 74a) would identify the block; Bl. 20 and Bl. 19 are the two OSM blocks literally tagged Calea Ferentari 72.", "review_note": "", "sources": "[{\"source\": \"dupacutremur\", \"ref\": \"12 records 'Calea Ferentari 72' (e.g. urol9n, mvs7gn, 7tve1u)\", \"lat\": 44.4057, \"lon\": 26.0779, \"precision\": \"area\", \"evidence\": \"12 register blocks all addressed Calea Ferentari 72, S+P+3E, built 1947-51; point is their centroid\", \"retrieved\": \"2026-10-05\", \"by\": \"agent\", \"d_m\": 0}, {\"source\": \"osm\", \"ref\": \"way/1155229382\", \"lat\": 44.406794, \"lon\": 26.078742, \"precision\": \"building\", \"evidence\": \"OSM Bl. 20, addr Calea Ferentari 72, 4 levels, start 1949, frontage on the road\", \"retrieved\": \"2026-10-05\", \"by\": \"agent\", \"d_m\": 139}, {\"source\": \"osm\", \"ref\": \"way/1155229381\", \"lat\": 44.40517, \"lon\": 26.08004, \"precision\": \"building\", \"evidence\": \"OSM Bl. 19, nominatim address Calea Ferentari 72\", \"retrieved\": \"2026-10-05\", \"by\": \"agent\", \"d_m\": 180}]", "checked_by": "agent (sonnet) + auto (s21)", "flags": "footprint_far:139m", "name": "Clădirea de locuit din București, Calea Ferentari 72", "type": "bc_locuinte", "class": "structure", "locality": "București", "address_1977": "Calea Ferentari 72", "period": "", "height": "P+3", "system": "ss_cadre_ba_monolit", "iv_classes": "", "iv_techniques": "", "iv_only_proposed": "", "outcome_unit": ""}}, {"type": "Feature", "id": "v4_b_r26_colentina", "geometry": {"type": "Point", "coordinates": [26.126864, 44.453718]}, "properties": {"building_id": "v4_b_r26_colentina", "batch_id": "P3_09", "locatable": "point", "precision": "building", "status": "verified", "n_sources": "2", "n_agree": "2", "agreement_m": "5", "outcome_1977": "severe", "outcome_quote": "Diafragme distruse la cutremur (beton segregat, armături rupte) pregătite pentru consolidare prin rebetonare.", "status_today": "standing", "status_source": "OSM way/28401256; register d1llr9", "modern_address": "Bl. R26, Șos. Colentina 11, București sector 2", "historic_address_note": "Șos. Colentina unchanged; block label R26 matches OSM name; register record at no. 11 is S+P+10E (P+10 as in caption)", "dupacutremur_building_uid": "d1llr9", "osm_footprint_ref": "way/28401256 (Bl. R26, Șos. Colentina 11, 11 levels)", "wikidata": "", "confidence": "high", "notes": "Label R26 and street match OSM; height regime matches the register at the same plot. Searches: nom 'Bl. R26 Șoseaua Colentina', osm-near, dupa-near.", "open_question": "", "review_note": "", "sources": "[{\"source\": \"osm\", \"ref\": \"way/28401256\", \"lat\": 44.453715, \"lon\": 26.1268767, \"precision\": \"building\", \"evidence\": \"OSM building named Bl. R26, Șos. Colentina 11, 11 levels\", \"retrieved\": \"2026-10-05\", \"by\": \"agent+auto\", \"d_m\": 1}, {\"source\": \"dupacutremur\", \"ref\": \"d1llr9\", \"lat\": 44.453727, \"lon\": 26.126925, \"precision\": \"building\", \"evidence\": \"Register: Șos. Colentina 11, S+P+10E, 1969, class RS2; 4 m from the OSM footprint (no block label in register)\", \"retrieved\": \"2026-10-05\", \"by\": \"agent+auto\", \"d_m\": 5}]", "checked_by": "agent (sonnet) + auto (s21)", "flags": "", "name": "Blocul de locuințe R 26", "type": "bc_bloc", "class": "structure", "locality": "București", "address_1977": "Sos. Colentina", "period": "", "height": "P+10", "system": "ss_diafragme_ba", "iv_classes": "", "iv_techniques": "", "iv_only_proposed": "", "outcome_unit": ""}}, {"type": "Feature", "id": "v4_b_od44_colentina", "geometry": {"type": "Point", "coordinates": [26.131006, 44.459215]}, "properties": {"building_id": "v4_b_od44_colentina", "batch_id": "P3_09", "locatable": "point", "precision": "building", "status": "single", "n_sources": "1", "n_agree": "1", "agreement_m": "", "outcome_1977": "moderate", "outcome_quote": "Avarii la diafragme de beton armat (fisuri și crăpături în rosturile de turnare).", "status_today": "standing", "status_source": "OSM way/28401091", "modern_address": "Bl. OD44, Șos. Colentina (c. nr. 37-41), București sector 2", "historic_address_note": "Șos. Colentina unchanged; OSM block named OD44, 11 levels (P+10)", "dupacutremur_building_uid": "", "osm_footprint_ref": "way/28401091 (Bl. OD44, 11 levels)", "wikidata": "", "confidence": "medium", "notes": "Single source (OSM label OD44). The estate near Colentina 37-43 has the same label family (R13, R14, OD18) and 11-level blocks, consistent with a P+10 diaphragm block. No register record carries the label. Searches: nom 'Bl. OD44 Șoseaua Colentina', osm-near, dupa-near.", "open_question": "A second independent source would confirm.", "review_note": "", "sources": "[{\"source\": \"osm\", \"ref\": \"way/28401091\", \"lat\": 44.459215, \"lon\": 26.131006, \"precision\": \"building\", \"evidence\": \"OSM building named Bl. OD44, 11 levels, in the Colentina estate next to Bl. R13/R14 (Colentina 39-43)\", \"retrieved\": \"2026-10-05\", \"by\": \"agent\", \"d_m\": 0}]", "checked_by": "agent (sonnet) + auto (s21)", "flags": "", "name": "Blocul de locuințe OD 44", "type": "bc_bloc", "class": "structure", "locality": "București", "address_1977": "Sos. Colentina", "period": "", "height": "P+10", "system": "ss_diafragme_ba", "iv_classes": "", "iv_techniques": "", "iv_only_proposed": "", "outcome_unit": ""}}, {"type": "Feature", "id": "v4_b_od64_colentina", "geometry": {"type": "Point", "coordinates": [26.133898, 44.462617]}, "properties": {"building_id": "v4_b_od64_colentina", "batch_id": "P3_09", "locatable": "point", "precision": "building", "status": "single", "n_sources": "1", "n_agree": "1", "agreement_m": "", "outcome_1977": "severe", "outcome_quote": "Ruperea unor stîlpi de rost la etajul 7 datorită coliziunii între tronsoanele decalate pe verticală (rostul fiind astupat cu beton).", "status_today": "standing", "status_source": "OSM ways 163951228 and 159311443", "modern_address": "Bl. 64 (OD64?), Șos. Colentina (near nr. 26-28), București sector 2", "historic_address_note": "Șos. Colentina unchanged; OSM labels the block 'Bl. 64' (without OD prefix), 2 polygons (sections) with 10 and 11 levels", "dupacutremur_building_uid": "", "osm_footprint_ref": "way/163951228 (Bl. 64, 10 levels) + way/159311443 (Bl. 64, 11 levels)", "wikidata": "", "confidence": "low", "notes": "Block 64 here is plausible for OD64 (consecutive numbers 64/65/66 along Colentina 26-30) and two polygons of different heights fit 'P+10...14' stepped sections ('tronsoane decalate'). But the OSM label lacks the OD prefix and nothing else confirms it. Point = mean of the two polygons. Searches: nom 'Bl. OD64 Șoseaua Colentina', osm-near, dupa-near.", "open_question": "Check whether OD64 really is Bl. 64 (OD prefix absent in OSM).", "review_note": "", "sources": "[{\"source\": \"osm\", \"ref\": \"way/163951228\", \"lat\": 44.462866, \"lon\": 26.133935, \"precision\": \"building\", \"evidence\": \"OSM Bl. 64, 10 levels, next to Bl. 65 (Colentina 28) and Bl. 66 (Colentina 30)\", \"retrieved\": \"2026-10-05\", \"by\": \"agent\", \"d_m\": 28}, {\"source\": \"osm\", \"ref\": \"way/159311443\", \"lat\": 44.462367, \"lon\": 26.13386, \"precision\": \"building\", \"evidence\": \"OSM second polygon also named Bl. 64, 11 levels, 55 m SW\", \"retrieved\": \"2026-10-05\", \"by\": \"agent\", \"d_m\": 28}]", "checked_by": "agent (sonnet) + auto (s21)", "flags": "", "name": "Blocul de locuințe OD 64", "type": "bc_bloc", "class": "structure", "locality": "București", "address_1977": "Sos. Colentina", "period": "", "height": "P+10...14", "system": "", "iv_classes": "", "iv_techniques": "", "iv_only_proposed": "", "outcome_unit": ""}}, {"type": "Feature", "id": "v4_b_e2_valea_calugareasca", "geometry": {"type": "Point", "coordinates": [26.029271, 44.415517]}, "properties": {"building_id": "v4_b_e2_valea_calugareasca", "batch_id": "P3_09", "locatable": "point", "precision": "building", "status": "single", "n_sources": "1", "n_agree": "1", "agreement_m": "", "outcome_1977": "severe", "outcome_quote": "Ruperea unei diafragme la parter.", "status_today": "standing", "status_source": "OSM way/155459370", "modern_address": "Bl. E2, Str. Valea Călugărească, Drumul Taberei micro 7, București sector 6", "historic_address_note": "Street name unchanged; caption 'Drumul Taberei, micro 7' matches OSM area (Drumul Taberei)", "dupacutremur_building_uid": "", "osm_footprint_ref": "way/155459370 (Bl. E2, 11 levels)", "wikidata": "", "confidence": "medium", "notes": "OSM label E2 on the same street as the caption, 11 levels = P+10, and adjacent to E3 (caption 84d speaks of the joint between E2 and E3). Single family. Searches: nom 'Bl. E2 Valea Călugărească', osm-near, dupa-near (no register entry).", "open_question": "Second independent source would raise to verified.", "review_note": "", "sources": "[{\"source\": \"osm\", \"ref\": \"way/155459370\", \"lat\": 44.415517, \"lon\": 26.029271, \"precision\": \"building\", \"evidence\": \"OSM Bl. E2, Str. Valea Călugărească, 11 levels (P+10), adjacent to Bl. E3 and E1\", \"retrieved\": \"2026-10-05\", \"by\": \"agent\", \"d_m\": 0}, {\"source\": \"nominatim\", \"ref\": \"way/44047041\", \"lat\": 44.4419828, \"lon\": 26.1338956, \"precision\": \"building\", \"evidence\": \"Nominatim: Bl. E2, 63, Strada Avrig, Ferdinand, Pantelimon, Sector 2, București, 021574, România\", \"retrieved\": \"2026-10-05\", \"by\": \"auto\", \"d_m\": 8814}]", "checked_by": "agent (sonnet) + auto (s21)", "flags": "", "name": "Blocul de locuințe \"E2\"", "type": "bc_bloc", "class": "structure", "locality": "București", "address_1977": "Str. Valea Călugărească (Drumul Taberei, micro 7)", "period": "", "height": "P+10", "system": "ss_diafragme_ba", "iv_classes": "", "iv_techniques": "", "iv_only_proposed": "", "outcome_unit": ""}}, {"type": "Feature", "id": "v4_b_e3_drumul_taberei", "geometry": {"type": "Point", "coordinates": [26.029591, 44.415532]}, "properties": {"building_id": "v4_b_e3_drumul_taberei", "batch_id": "P3_09", "locatable": "point", "precision": "building", "status": "single", "n_sources": "1", "n_agree": "1", "agreement_m": "", "outcome_1977": "moderate", "outcome_quote": "Avarii la o diafragmă interioară (în zonă cu defecte de execuție: segregări, etc.).", "status_today": "standing", "status_source": "OSM way/155459372", "modern_address": "Bl. E3, Str. Valea Călugărească, Drumul Taberei micro 7, București sector 6", "historic_address_note": "Block E3 of micro 7; today's address Str. Valea Călugărească (same estate as E2)", "dupacutremur_building_uid": "", "osm_footprint_ref": "way/155459372 (Bl. E3, 11 levels)", "wikidata": "", "confidence": "medium", "notes": "Caption 84d: joint between blocks E2 and E3, so E3 is the neighbour of E2; OSM E3 touches E2. Another 'Bl. E3' exists at Str. Sibiu 5 (way/155566758) but is not adjacent to E2 and was rejected. Single family. Searches: nom 'Bl. E3 Drumul Taberei', osm-near.", "open_question": "", "review_note": "", "sources": "[{\"source\": \"osm\", \"ref\": \"way/155459372\", \"lat\": 44.415532, \"lon\": 26.029591, \"precision\": \"building\", \"evidence\": \"OSM Bl. E3, Str. Valea Călugărească, 11 levels, ~25 m east of Bl. E2\", \"retrieved\": \"2026-10-05\", \"by\": \"agent\", \"d_m\": 0}, {\"source\": \"nominatim\", \"ref\": \"relation/4082227\", \"lat\": 44.4470406, \"lon\": 26.1359739, \"precision\": \"building\", \"evidence\": \"Nominatim: Bl. E3, 133, Bulevardul Ferdinand I, Obor, Sector 2, București, 021741, România\", \"retrieved\": \"2026-10-05\", \"by\": \"auto\", \"d_m\": 9145}]", "checked_by": "agent (sonnet) + auto (s21)", "flags": "", "name": "Blocul de locuințe \"E3\"", "type": "bc_bloc", "class": "structure", "locality": "București", "address_1977": "Drumul Taberei, micro 7", "period": "", "height": "P+10", "system": "ss_diafragme_ba", "iv_classes": "", "iv_techniques": "", "iv_only_proposed": "", "outcome_unit": ""}}, {"type": "Feature", "id": "v4_b_dorobanti_9", "geometry": {"type": "Point", "coordinates": [26.09714, 44.45522]}, "properties": {"building_id": "v4_b_dorobanti_9", "batch_id": "P3_09", "locatable": "point", "precision": "building", "status": "single", "n_sources": "1", "n_agree": "1", "agreement_m": "", "outcome_1977": "severe", "outcome_quote": "Ruperea înclinată a unui stîlp de la parter (bloc 9)", "status_today": "standing", "status_source": "OSM way/165942318 and 165942324", "modern_address": "Bl. 9, Calea Dorobanților 111-131-135, București sector 1", "historic_address_note": "estate-block label 9; see group", "dupacutremur_building_uid": "", "osm_footprint_ref": "way/165942318 / way/165942324", "wikidata": "", "confidence": "low", "notes": "See group v4_b_dorobanti_9_9b_group. Two OSM polygons named Bl. 9 (probably sections); point = mean. Single family.", "open_question": "", "review_note": "", "sources": "[{\"source\": \"osm\", \"ref\": \"way/165942318\", \"lat\": 44.455415, \"lon\": 26.097076, \"precision\": \"building\", \"evidence\": \"OSM Bl. 9, Calea Dorobanților 111-131-135\", \"retrieved\": \"2026-10-05\", \"by\": \"agent\", \"d_m\": 22}, {\"source\": \"osm\", \"ref\": \"way/165942324\", \"lat\": 44.455024, \"lon\": 26.097204, \"precision\": \"building\", \"evidence\": \"OSM polygon also named Bl. 9\", \"retrieved\": \"2026-10-05\", \"by\": \"agent\", \"d_m\": 22}, {\"source\": \"nominatim\", \"ref\": \"way/28363283\", \"lat\": 44.4627151, \"lon\": 26.1289733, \"precision\": \"building\", \"evidence\": \"Nominatim: Bl. 9, 6, Strada Ripiceni, Teiul Doamnei, Tei, Sector 2, București, 023623, România\", \"retrieved\": \"2026-10-05\", \"by\": \"auto\", \"d_m\": 2660}]", "checked_by": "agent (sonnet) + auto (s21)", "flags": "", "name": "Blocul de locuințe Nr. 9 din București, Calea Dorobanți", "type": "bc_bloc", "class": "structure", "locality": "București", "address_1977": "Calea Dorobanți 9", "period": "", "height": "", "system": "ss_cadre_ba_monolit", "iv_classes": "", "iv_techniques": "", "iv_only_proposed": "", "outcome_unit": ""}}, {"type": "Feature", "id": "v4_b_dorobanti_9b", "geometry": {"type": "Point", "coordinates": [26.097521, 44.454612]}, "properties": {"building_id": "v4_b_dorobanti_9b", "batch_id": "P3_09", "locatable": "point", "precision": "building", "status": "single", "n_sources": "1", "n_agree": "1", "agreement_m": "", "outcome_1977": "moderate", "outcome_quote": "Avarii la un stîlp de la casa scării (bloc 9B).", "status_today": "standing", "status_source": "OSM way/165942322", "modern_address": "Bl. 9A (OSM) = 9B (?), Calea Dorobanților 111-131, București sector 1", "historic_address_note": "estate-block label 9B read as OSM 9A; see group", "dupacutremur_building_uid": "", "osm_footprint_ref": "way/165942322 (Bl. 9A, 9 levels)", "wikidata": "", "confidence": "low", "notes": "See group; label mismatch A/B is the weakness. Single family.", "open_question": "Is OSM 'Bl. 9A' the 1977 'Bl. 9B'?", "review_note": "", "sources": "[{\"source\": \"osm\", \"ref\": \"way/165942322\", \"lat\": 44.454612, \"lon\": 26.097521, \"precision\": \"building\", \"evidence\": \"OSM Bl. 9A, 9 levels, adjacent to Bl. 9\", \"retrieved\": \"2026-10-05\", \"by\": \"agent\", \"d_m\": 0}]", "checked_by": "agent (sonnet) + auto (s21)", "flags": "", "name": "Blocul de locuințe Nr. 9B din București, Calea Dorobanți", "type": "bc_bloc", "class": "structure", "locality": "București", "address_1977": "Calea Dorobanți 9B", "period": "", "height": "", "system": "ss_cadre_ba_monolit", "iv_classes": "", "iv_techniques": "", "iv_only_proposed": "", "outcome_unit": ""}}, {"type": "Feature", "id": "v4_b_pantelimon_bl48", "geometry": {"type": "Point", "coordinates": [26.159054, 44.443124]}, "properties": {"building_id": "v4_b_pantelimon_bl48", "batch_id": "P3_09", "locatable": "point", "precision": "building", "status": "single", "n_sources": "1", "n_agree": "1", "agreement_m": "", "outcome_1977": "moderate", "outcome_quote": "Fațadă posterioară avariată (bloc 48).", "status_today": "standing", "status_source": "OSM way/99853537", "modern_address": "Bl. 48, Șos. Pantelimon (zona Delfinului), București sector 2", "historic_address_note": "Șos. Pantelimon unchanged; OSM block '48' with address street Șoseaua Pantelimon", "dupacutremur_building_uid": "", "osm_footprint_ref": "way/99853537 (Bl. 48, no level tag)", "wikidata": "", "confidence": "low", "notes": "Single source and no height tag; it is the only 'Bl. 48' on Șos. Pantelimon (others on Șos. Sălaj, Calea Moșilor, Militari, Giurgiului). Caption 'blocurile 48 și cel alăturat', P+10-12 frame with BCA infill fits a 1970s estate. Searches: nom 'Bl. 48 București', osm-near, dupa-near 220 m (no register match).", "open_question": "Check storeys of way/99853537 and neighbour (Bl. 48A is on Bd. Chișinău).", "review_note": "", "sources": "[{\"source\": \"osm\", \"ref\": \"way/99853537\", \"lat\": 44.443124, \"lon\": 26.159054, \"precision\": \"building\", \"evidence\": \"OSM building named Bl. 48 on Șos. Pantelimon, within 100 m of Bl. 45/46/54 with Pantelimon addresses\", \"retrieved\": \"2026-10-05\", \"by\": \"agent\", \"d_m\": 0}, {\"source\": \"nominatim\", \"ref\": \"way/227946957\", \"lat\": 44.4465151, \"lon\": 26.1225151, \"precision\": \"building\", \"evidence\": \"Nominatim: Bl. 48, 298, Calea Moșilor, Piața Obor, Obor, Sector 2, București, 020871, România\", \"retrieved\": \"2026-10-05\", \"by\": \"auto\", \"d_m\": 2925}]", "checked_by": "agent (sonnet) + auto (s21)", "flags": "", "name": "Blocul 48 din București, Soseaua Pantelimon", "type": "bc_bloc", "class": "structure", "locality": "București", "address_1977": "Sos. Pantelimon", "period": "", "height": "P+10...12", "system": "ss_cadre_ba", "iv_classes": "", "iv_techniques": "", "iv_only_proposed": "", "outcome_unit": ""}}, {"type": "Feature", "id": "v4_b_golescu_15_21", "geometry": {"type": "Point", "coordinates": [26.077624, 44.443203]}, "properties": {"building_id": "v4_b_golescu_15_21", "batch_id": "P3_09", "locatable": "point", "precision": "address", "status": "single", "n_sources": "1", "n_agree": "1", "agreement_m": "", "outcome_1977": "moderate", "outcome_quote": "Avarii la fațadă.", "status_today": "unknown", "status_source": "OSM address nodes only", "modern_address": "Bd. Dinicu Golescu 15-21, București sector 1", "historic_address_note": "Bd. D. Golescu = Bd. Dinicu Golescu (same street)", "dupacutremur_building_uid": "", "osm_footprint_ref": "(footprint not identified; OSM way/405553833 12 levels and way/405553835 10 levels nearby)", "wikidata": "", "confidence": "low", "notes": "Address points 15-21 exist in OSM (same family) but the footprint was not identified (no register entry 15-21; register has only 23-25, S+P+11E+1T 1960). Point = mean of the three address points. Searches: nom 15/19/21, osm-near, dupa-near. 23-25 might be the same block renumbered - unverified.", "open_question": "Is 23-25 (S+P+11E) the renumbered 15-21?", "review_note": "", "sources": "[{\"source\": \"osm\", \"ref\": \"node/2532036030 (no. 15)\", \"lat\": 44.442709, \"lon\": 26.0783576, \"precision\": \"address\", \"evidence\": \"OSM address point Dinicu Golescu 15\", \"retrieved\": \"2026-10-05\", \"by\": \"agent\", \"d_m\": 80}, {\"source\": \"osm\", \"ref\": \"node/2532036037 (no. 19)\", \"lat\": 44.4433022, \"lon\": 26.0774775, \"precision\": \"address\", \"evidence\": \"OSM address point Dinicu Golescu 19\", \"retrieved\": \"2026-10-05\", \"by\": \"agent\", \"d_m\": 16}, {\"source\": \"osm\", \"ref\": \"node/2532036045 (no. 21)\", \"lat\": 44.4435988, \"lon\": 26.0770375, \"precision\": \"address\", \"evidence\": \"OSM address point Dinicu Golescu 21\", \"retrieved\": \"2026-10-05\", \"by\": \"agent\", \"d_m\": 64}, {\"source\": \"nominatim\", \"ref\": \"way/50586389\", \"lat\": 44.443907, \"lon\": 26.0767737, \"precision\": \"road\", \"evidence\": \"Nominatim: Bulevardul Dinicu Golescu, Matache, Gara de Nord, Sector 1, București, 010864, România\", \"retrieved\": \"2026-10-05\", \"by\": \"auto\", \"d_m\": 103}]", "checked_by": "agent (sonnet) + auto (s21)", "flags": "", "name": "Blocul de locuințe din București, Bd. D.Golescu 15-21", "type": "bc_bloc", "class": "structure", "locality": "București", "address_1977": "Bd. D. Golescu 15-21", "period": "", "height": "P+11", "system": "ss_cadre_ba", "iv_classes": "", "iv_techniques": "", "iv_only_proposed": "", "outcome_unit": ""}}, {"type": "Feature", "id": "v4_b_grivitei_399", "geometry": {"type": "Point", "coordinates": [26.049124, 44.47169]}, "properties": {"building_id": "v4_b_grivitei_399", "batch_id": "P3_09", "locatable": "point", "precision": "building", "status": "single", "n_sources": "1", "n_agree": "1", "agreement_m": "", "outcome_1977": "moderate", "outcome_quote": "Avarii la stîlpii parterului.", "status_today": "standing", "status_source": "OSM way/156981265", "modern_address": "Bl. O, Calea Griviței 399, Piața Chibrit, București sector 1", "historic_address_note": "Calea Griviței unchanged; number 399 matches OSM address", "dupacutremur_building_uid": "", "osm_footprint_ref": "way/156981265 (Bl. O, Calea Griviței 399, 13 levels)", "wikidata": "", "confidence": "medium", "notes": "Address and height (13 levels = P+12) match the caption; single family (nominatim shows the same OSM object). Register has no 399 (nearest 395 is P+7). Searches: nom 'Calea Griviței 399', osm-near, dupa.", "open_question": "", "review_note": "", "sources": "[{\"source\": \"osm\", \"ref\": \"way/156981265\", \"lat\": 44.47169, \"lon\": 26.049124, \"precision\": \"building\", \"evidence\": \"OSM Bl. O, addr Calea Griviței 399, building:levels 13 (P+12 as in caption)\", \"retrieved\": \"2026-10-05\", \"by\": \"agent\", \"d_m\": 0}, {\"source\": \"nominatim\", \"ref\": \"way/28896502\", \"lat\": 44.4327073, \"lon\": 26.1552965, \"precision\": \"building\", \"evidence\": \"Nominatim: Bl. O, 8, Strada Murgeni, Titan - Balta Albă, Sector 3, București, 022123, România\", \"retrieved\": \"2026-10-05\", \"by\": \"auto\", \"d_m\": 9477}]", "checked_by": "agent (sonnet) + auto (s21)", "flags": "", "name": "Blocul de locuințe din București, Calea Griviței 399", "type": "bc_bloc", "class": "structure", "locality": "București", "address_1977": "Calea Griviței 399", "period": "", "height": "P+12", "system": "ss_cadre_ba", "iv_classes": "", "iv_techniques": "", "iv_only_proposed": "", "outcome_unit": ""}}, {"type": "Feature", "id": "v4_b_bloc31_valea_rosie_craiova", "geometry": {"type": "Point", "coordinates": [23.818388, 44.303742]}, "properties": {"building_id": "v4_b_bloc31_valea_rosie_craiova", "batch_id": "P3_09", "locatable": "point", "precision": "building", "status": "single", "n_sources": "1", "n_agree": "1", "agreement_m": "", "outcome_1977": "moderate", "outcome_quote": "Avarii la pereții exteriori.", "status_today": "standing", "status_source": "OSM way/310410593", "modern_address": "Bloc 31, Str. 22 Decembrie 1989 nr. 1, Cartier Valea Roșie, Craiova", "historic_address_note": "Quarter Valea Roșie; block label used, street names modern", "dupacutremur_building_uid": "", "osm_footprint_ref": "way/310410593 (Bloc 31, 5 levels)", "wikidata": "", "confidence": "medium", "notes": "Estate-block rule: label '31' within Valea Roșie, 5 levels = P+4 masonry. Single family (nominatim echoes OSM). Blocks with the same number exist elsewhere in Craiova but the caption names the quarter. Searches: nom 'Bloc 31 Craiova', osm-near around Valea Roșie.", "open_question": "Second source would confirm.", "review_note": "", "sources": "[{\"source\": \"osm\", \"ref\": \"way/310410593\", \"lat\": 44.303742, \"lon\": 23.8183884, \"precision\": \"building\", \"evidence\": \"OSM building named Bloc 31, Str. 22 Decembrie 1989 nr. 1, 5 levels (P+4 as in caption), Valea Roșie\", \"retrieved\": \"2026-10-05\", \"by\": \"agent+auto\", \"d_m\": 0}]", "checked_by": "agent (sonnet) + auto (s21)", "flags": "", "name": "Bloc 31, Cartier Valea Roșie", "type": "bc_bloc", "class": "structure", "locality": "Craiova", "address_1977": "Cartier Valea Roșie, bloc 31", "period": "", "height": "P+4", "system": "ss_zidarie", "iv_classes": "", "iv_techniques": "", "iv_only_proposed": "", "outcome_unit": ""}}, {"type": "Feature", "id": "v4_b_bloc32_valea_rosie_craiova", "geometry": {"type": "Point", "coordinates": [23.819089, 44.30346]}, "properties": {"building_id": "v4_b_bloc32_valea_rosie_craiova", "batch_id": "P3_09", "locatable": "point", "precision": "building", "status": "single", "n_sources": "1", "n_agree": "1", "agreement_m": "", "outcome_1977": "moderate", "outcome_quote": "Avarii la pereți exteriori și interiori.", "status_today": "standing", "status_source": "OSM way/310410619", "modern_address": "Bloc 32, Str. 22 Decembrie 1989 nr. 2, Cartier Valea Roșie, Craiova", "historic_address_note": "Quarter Valea Roșie; block label used, street names modern", "dupacutremur_building_uid": "", "osm_footprint_ref": "way/310410619 (Bloc 32, 5 levels)", "wikidata": "", "confidence": "medium", "notes": "Estate-block rule: label '32' within Valea Roșie, 5 levels = P+4 masonry. Single family (nominatim echoes OSM). Blocks with the same number exist elsewhere in Craiova but the caption names the quarter. Searches: nom 'Bloc 32 Craiova', osm-near around Valea Roșie.", "open_question": "Second source would confirm.", "review_note": "", "sources": "[{\"source\": \"osm\", \"ref\": \"way/310410619\", \"lat\": 44.30346, \"lon\": 23.8190886, \"precision\": \"building\", \"evidence\": \"OSM building named Bloc 32, Str. 22 Decembrie 1989 nr. 2, 5 levels (P+4 as in caption), Valea Roșie\", \"retrieved\": \"2026-10-05\", \"by\": \"agent+auto\", \"d_m\": 0}]", "checked_by": "agent (sonnet) + auto (s21)", "flags": "", "name": "Bloc 32, Cartier Valea Roșie", "type": "bc_bloc", "class": "structure", "locality": "Craiova", "address_1977": "Cartier Valea Roșie, bloc 32", "period": "", "height": "P+4", "system": "ss_zidarie", "iv_classes": "", "iv_techniques": "", "iv_only_proposed": "", "outcome_unit": ""}}, {"type": "Feature", "id": "v4_b_bloci2_valea_rosie_craiova", "geometry": {"type": "Point", "coordinates": [23.820328, 44.307087]}, "properties": {"building_id": "v4_b_bloci2_valea_rosie_craiova", "batch_id": "P3_09", "locatable": "point", "precision": "building", "status": "single", "n_sources": "1", "n_agree": "1", "agreement_m": "", "outcome_1977": "moderate", "outcome_quote": "Avarii exterioare.", "status_today": "standing", "status_source": "OSM way/314975932", "modern_address": "Bloc I2, Str. 22 Decembrie 1989 nr. 26, Cartier Valea Roșie, Craiova", "historic_address_note": "Quarter Valea Roșie; block label used, street names modern", "dupacutremur_building_uid": "", "osm_footprint_ref": "way/314975932 (Bloc I2, 5 levels)", "wikidata": "", "confidence": "medium", "notes": "Estate-block rule: label 'I2' within Valea Roșie, 5 levels = P+4 masonry. Single family (nominatim echoes OSM). Blocks with the same number exist elsewhere in Craiova but the caption names the quarter. Searches: nom 'Bloc I2 Craiova', osm-near around Valea Roșie.", "open_question": "Second source would confirm.", "review_note": "", "sources": "[{\"source\": \"osm\", \"ref\": \"way/314975932\", \"lat\": 44.3070871, \"lon\": 23.8203292, \"precision\": \"building\", \"evidence\": \"OSM building named Bloc I2, Str. 22 Decembrie 1989 nr. 26, 5 levels (P+4 as in caption), Valea Roșie\", \"retrieved\": \"2026-10-05\", \"by\": \"agent+auto\", \"d_m\": 0}]", "checked_by": "agent (sonnet) + auto (s21)", "flags": "", "name": "Bloc I2, Cartier Valea Roșie", "type": "bc_bloc", "class": "structure", "locality": "Craiova", "address_1977": "Cartier Valea Roșie, bloc I2", "period": "", "height": "P+4", "system": "ss_zidarie", "iv_classes": "", "iv_techniques": "", "iv_only_proposed": "", "outcome_unit": ""}}, {"type": "Feature", "id": "v4_b_ipb_rectorat", "geometry": {"type": "Point", "coordinates": [26.051453, 44.43848]}, "properties": {"building_id": "v4_b_ipb_rectorat", "batch_id": "P3_10", "locatable": "point", "precision": "building", "status": "probable", "n_sources": "2", "n_agree": "1", "agreement_m": "", "outcome_1977": "unknown", "outcome_quote": "", "status_today": "standing", "status_source": "way/28240552", "modern_address": "Splaiul Independenței 313 (Rectorat UPB), București sector 6", "historic_address_note": "Splaiul Independenței 313 is the Politehnica campus address; street name unchanged", "dupacutremur_building_uid": "", "osm_footprint_ref": "way/28240552 (Rectorat Universitatea Politehnica din București)", "wikidata": "", "confidence": "high", "notes": "Searches: nom rectorat, nom Splaiul Independenței 313, wd, osm-near, dupa independentei 313 (0 matches). Caption gives only the address and 'corpul central (Rectorat)'; OSM Rectorat building and campus points agree. Caption has no damage text, so outcome unknown.", "open_question": "Confirm the 1977 central body is today's Rectorat building.", "review_note": "", "sources": "[{\"source\": \"osm\", \"ref\": \"way/28240552\", \"lat\": 44.43848, \"lon\": 26.051453, \"precision\": \"building\", \"evidence\": \"OSM building named Rectorat UPB, 5 levels\", \"retrieved\": \"2026-10-05\", \"by\": \"agent\", \"d_m\": 0}, {\"source\": \"osm\", \"ref\": \"way/23608402\", \"lat\": 44.4393317, \"lon\": 26.0505729, \"precision\": \"site\", \"evidence\": \"Nominatim: UPB campus amenity at Splaiul Independenței 313 (campus level, consistent)\", \"retrieved\": \"2026-10-05\", \"by\": \"agent\", \"d_m\": 118}, {\"source\": \"wikidata\", \"ref\": \"Q1465448\", \"lat\": 44.438333, \"lon\": 26.051389, \"precision\": \"site\", \"evidence\": \"Wikidata coordinates of Politehnica University, within ~30 m of the Rectorat\", \"retrieved\": \"2026-10-05\", \"by\": \"agent\", \"d_m\": 17}]", "checked_by": "agent (sonnet) + auto (s21)", "flags": "", "name": "Corpul central (Rectorat) al Institutului Politehnic București", "type": "bc_scoala", "class": "structure", "locality": "București", "address_1977": "Splaiul Independenței 313", "period": "", "height": "", "system": "", "iv_classes": "", "iv_techniques": "", "iv_only_proposed": "", "outcome_unit": ""}}, {"type": "Feature", "id": "v4_b_filatura_romaneasca_bumbac_buc", "geometry": {"type": "Point", "coordinates": [26.191389, 44.436105]}, "properties": {"building_id": "v4_b_filatura_romaneasca_bumbac_buc", "batch_id": "P3_10", "locatable": "point", "precision": "site", "status": "single", "n_sources": "1", "n_agree": "1", "agreement_m": "", "outcome_1977": "moderate", "outcome_quote": "Hale parter în beton armat monolit (construcții vechi). Filatura română de bumbac București. Stîlp avariat la partea superioară.", "status_today": "unknown", "status_source": "way/848875781", "modern_address": "Filatura Română de Bumbac, zona Șos. Dudești-Pantelimon (Sector 3), București", "historic_address_note": "No street in the caption; plant identified by name only", "dupacutremur_building_uid": "", "osm_footprint_ref": "way/848875781 (named industrial polygon)", "wikidata": "", "confidence": "medium", "notes": "Single OSM source (Nominatim and osm-near are the same object). Web search found no address. The name is unique so the plant site is probable. Hall itself not placed. Outcome from 'Stîlp avariat' (damaged column).", "open_question": "Second independent source for the plant address; which hall.", "review_note": "", "sources": "[{\"source\": \"osm\", \"ref\": \"way/848875781\", \"lat\": 44.436105, \"lon\": 26.191389, \"precision\": \"site\", \"evidence\": \"OSM industrial polygon named Filatura Română de Bumbac, Sector 3\", \"retrieved\": \"2026-10-05\", \"by\": \"agent\", \"d_m\": 0}]", "checked_by": "agent (sonnet) + auto (s21)", "flags": "", "name": "Filatura Română de Bumbac", "type": "bc_hala", "class": "structure", "locality": "București", "address_1977": "", "period": "", "height": "parter", "system": "ss_cadre_ba_monolit", "iv_classes": "", "iv_techniques": "", "iv_only_proposed": "", "outcome_unit": ""}}, {"type": "Feature", "id": "v4_b_icme_hala_cabluri", "geometry": {"type": "Point", "coordinates": [26.219916, 44.423747]}, "properties": {"building_id": "v4_b_icme_hala_cabluri", "batch_id": "P3_10", "locatable": "point", "precision": "site", "status": "verified", "n_sources": "2", "n_agree": "2", "agreement_m": "37", "outcome_1977": "moderate", "outcome_quote": "ICME-București, Hala de cabluri. Hală prefabricată parter. Ruperi de tălpi la fermele prefabricate de acoperiș.", "status_today": "unknown", "status_source": "https://www.energynomics.ro/en/companii/icme-ecab/", "modern_address": "ICME (Ecab), Drumul Între Tarlale 42, lângă Șos. Gării Cățelu, București sector 3", "historic_address_note": "Same plant name; address Drumul Între Tarlale 42 per current company listing", "dupacutremur_building_uid": "", "osm_footprint_ref": "", "wikidata": "", "confidence": "medium", "notes": "Searches: web (ICME Ecab address), nom, osm-near. The gate node and the listed address are about 75 m apart; top-level point is their mean. Plant site only; the cable hall is not placed. Outcome from truss chord failures.", "open_question": "Confirm ICME 1977 = ICME Ecab plant; locate the Hala de cabluri.", "review_note": "", "sources": "[{\"source\": \"osm\", \"ref\": \"node/2516209589\", \"lat\": 44.423418, \"lon\": 26.219831, \"precision\": \"site\", \"evidence\": \"OSM node 'ICME Poarta 1' (plant gate)\", \"retrieved\": \"2026-10-05\", \"by\": \"agent\", \"d_m\": 37}, {\"source\": \"web\", \"ref\": \"https://www.energynomics.ro/en/companii/icme-ecab/\", \"lat\": 44.4240752, \"lon\": 26.2200005, \"precision\": \"address\", \"evidence\": \"Company listing gives Drumul Între Tarlale 42; coordinates from OSM address node 10665052470 (geocoding only)\", \"retrieved\": \"2026-10-05\", \"by\": \"agent\", \"d_m\": 37}]", "checked_by": "agent (sonnet) + auto (s21)", "flags": "", "name": "ICME-București, Hala de cabluri", "type": "bc_hala", "class": "structure", "locality": "București", "address_1977": "", "period": "", "height": "", "system": "ss_prefabricat_ba", "iv_classes": "", "iv_techniques": "", "iv_only_proposed": "", "outcome_unit": ""}}, {"type": "Feature", "id": "v4_b_vc_depozit_piatra", "geometry": {"type": "Point", "coordinates": [26.166925, 44.947163]}, "properties": {"building_id": "v4_b_vc_depozit_piatra", "batch_id": "P3_10", "locatable": "point", "precision": "site", "status": "single", "n_sources": "1", "n_agree": "1", "agreement_m": "", "outcome_1977": "moderate", "outcome_quote": "Hale prefabricate - parter. Combinatul de îngrășăminte chimice Valea Călugărească. Depozitul de piatră. Ruperea unui stîlp marginal și avarii la fațada din elemente de azbociment.", "status_today": "unknown", "status_source": "way/921119964", "modern_address": "Fost combinat Romfosfochim, Valea Călugărească (Prahova)", "historic_address_note": "Combinatul de îngrășăminte chimice VC (1970-1997) = Romfosfochim", "dupacutremur_building_uid": "", "osm_footprint_ref": "way/921119964 (Romfosfochim Valea Călugărească)", "wikidata": "", "confidence": "medium", "notes": "Web (adevarul, economica) states the fertiliser plant at Valea Călugărească operated 1970-1997 and is now ruins (no coordinates). The stone (phosphate rock) store is not placed within the platform. Outcome from a broken edge column.", "open_question": "Locate the stone store within the platform.", "review_note": "", "sources": "[{\"source\": \"osm\", \"ref\": \"way/921119964\", \"lat\": 44.947163, \"lon\": 26.166925, \"precision\": \"site\", \"evidence\": \"OSM polygon named Romfosfochim Valea Călugărească\", \"retrieved\": \"2026-10-05\", \"by\": \"agent\", \"d_m\": 0}]", "checked_by": "agent (sonnet) + auto (s21)", "flags": "", "name": "Combinatul de îngrășăminte chimice Valea Călugărească, Depozitul de piatră", "type": "bc_hala", "class": "structure", "locality": "Valea Călugărească", "address_1977": "", "period": "", "height": "", "system": "ss_prefabricat_ba", "iv_classes": "", "iv_techniques": "", "iv_only_proposed": "", "outcome_unit": ""}}, {"type": "Feature", "id": "v4_b_conect_hala_fabricatie", "geometry": {"type": "Point", "coordinates": [26.122524, 44.481086]}, "properties": {"building_id": "v4_b_conect_hala_fabricatie", "batch_id": "P3_10", "locatable": "point", "precision": "site", "status": "single", "n_sources": "1", "n_agree": "1", "agreement_m": "", "outcome_1977": "moderate", "outcome_quote": "Intrepr. CONECT- București. Hala de fabricație. Clădire etajată cu stîlpi și sîmbure central din b.a. monolit și planșee prefabricate (P+5 etaje). Fisuri și rupturi în diafragmele sîmburelui central la etajul I.", "status_today": "unknown", "status_source": "way/41376827", "modern_address": "Conect Business Park, Bd. Prof. Dimitrie Pompeiu 10, Pipera, București sector 2", "historic_address_note": "Întreprinderea CONECT (founded 1974) became Conect Business Park", "dupacutremur_building_uid": "", "osm_footprint_ref": "way/41376827 (Conect Business Park)", "wikidata": "", "confidence": "medium", "notes": "Searches: nom, web x1. Plant site plausible; the P+5 hall itself is not identified and may have been demolished or converted. Outcome from cracks and ruptures in the central core walls.", "open_question": "Which building of the park (if any) is the 1977 P+5 hall.", "review_note": "", "sources": "[{\"source\": \"osm\", \"ref\": \"way/41376827\", \"lat\": 44.4810863, \"lon\": 26.1225238, \"precision\": \"site\", \"evidence\": \"OSM Conect Business Park, Pipera\", \"retrieved\": \"2026-10-05\", \"by\": \"agent\", \"d_m\": 0}, {\"source\": \"web\", \"ref\": \"https://www.wall-street.ro/articol/Real-Estate/25761/conect-investeste-100-milioane-euro-pentru-cinci-cladiri-de-birouri.html\", \"lat\": null, \"lon\": null, \"precision\": \"site\", \"evidence\": \"Press: the business park occupies the former connector factory; old halls partly demolished (no coordinates)\", \"retrieved\": \"2026-10-05\", \"by\": \"agent\"}]", "checked_by": "agent (sonnet) + auto (s21)", "flags": "", "name": "Intrepr. CONECT-București. Hala de fabricație", "type": "bc_hala", "class": "structure", "locality": "București", "address_1977": "", "period": "", "height": "P+5", "system": "ss_mixt", "iv_classes": "", "iv_techniques": "", "iv_only_proposed": "", "outcome_unit": ""}}, {"type": "Feature", "id": "v4_b_castel_uzina_mija_1000", "geometry": {"type": "Point", "coordinates": [25.666024, 44.901668]}, "properties": {"building_id": "v4_b_castel_uzina_mija_1000", "batch_id": "P3_10", "locatable": "point", "precision": "site", "status": "single", "n_sources": "1", "n_agree": "1", "agreement_m": "", "outcome_1977": "severe", "outcome_quote": "Avarii pe înălțimea turnului unor castele de apă. Uzina Mija, jud. Dîmbovița. Castel de apă de 1000 m³ capacitate. Ruperea turnului la cota +21,00 m (deasupra unei consolidări anterioare de la cota +18,0 m).", "status_today": "unknown", "status_source": "way/88173453", "modern_address": "Uzina Mecanică Mija, Mija (Dâmbovița)", "historic_address_note": "Uzina Mija = Uzina Mecanică Mija (Romarm), est. 1938", "dupacutremur_building_uid": "", "osm_footprint_ref": "way/88173453 (Uzina Mecanică Mija)", "wikidata": "", "confidence": "medium", "notes": "Plant site. The water tower itself is not identified (osm-near showed only unnamed buildings). Tower broke at +21 m, so outcome severe.", "open_question": "Water tower position within the plant.", "review_note": "", "sources": "[{\"source\": \"osm\", \"ref\": \"way/88173453\", \"lat\": 44.9016685, \"lon\": 25.6660245, \"precision\": \"site\", \"evidence\": \"OSM industrial polygon Uzina Mecanică Mija\", \"retrieved\": \"2026-10-05\", \"by\": \"agent\", \"d_m\": 0}, {\"source\": \"web\", \"ref\": \"https://www.gandul.ro/stiri/patru-raniti-in-urma-unei-explozii-la-uzina-de-armament-de-la-mija-dambovita-926840\", \"lat\": null, \"lon\": null, \"precision\": \"site\", \"evidence\": \"Press confirms Uzina Mecanică Mija in Mija, Dâmbovița (no coordinates)\", \"retrieved\": \"2026-10-05\", \"by\": \"agent\"}]", "checked_by": "agent (sonnet) + auto (s21)", "flags": "", "name": "Uzina Mija. Castel de apă de 1000 m3", "type": "bc_castel_apa", "class": "structure", "locality": "Mija", "address_1977": "", "period": "", "height": "", "system": "", "iv_classes": "", "iv_techniques": "", "iv_only_proposed": "", "outcome_unit": ""}}, {"type": "Feature", "id": "v4_b_castel_vechi_aeroport_baneasa_200", "geometry": {"type": "Point", "coordinates": [26.090228, 44.500292]}, "properties": {"building_id": "v4_b_castel_vechi_aeroport_baneasa_200", "batch_id": "P3_10", "locatable": "area", "precision": "area", "status": "area", "n_sources": "2", "n_agree": "2", "agreement_m": "1124", "outcome_1977": "moderate", "outcome_quote": "Avarii pe înălțimea turnului unor castele de apă. Aeroportul Băneasa. Castel de apă vechi (dezafectat) de 200 m³ capacitate. Rupere la jumătatea înălțimii turnului.", "status_today": "unknown", "status_source": "way/84575254", "modern_address": "Aeroportul Băneasa Aurel Vlaicu, București sector 1", "historic_address_note": "", "dupacutremur_building_uid": "", "osm_footprint_ref": "", "wikidata": "", "confidence": "low", "notes": "NOT_FOUND: the disused water tower is not mapped and the airport spans over 2 km. Searches: nom, wd, osm-near (0 elements). Break at mid-height of the tower. Pass3b photon sweep: photon with name + locality (and variants) returned no matching OSM object.", "open_question": "Locate the old water tower on the airport.", "review_note": "", "sources": "[{\"source\": \"osm\", \"ref\": \"way/84575254\", \"lat\": 44.5002921, \"lon\": 26.0902283, \"precision\": \"area\", \"evidence\": \"OSM aeroway area, Băneasa airport\", \"retrieved\": \"2026-10-05\", \"by\": \"agent\", \"d_m\": 0}, {\"source\": \"wikidata\", \"ref\": \"Q843229\", \"lat\": 44.503611, \"lon\": 26.103611, \"precision\": \"area\", \"evidence\": \"Airport coordinates, about 1.3 km east of the OSM point\", \"retrieved\": \"2026-10-05\", \"by\": \"agent\", \"d_m\": 1124}]", "checked_by": "agent (sonnet) + auto (s21)", "flags": "", "name": "Aeroportul Băneasa. Castel de apă vechi (dezafectat) de 200 m3", "type": "bc_castel_apa", "class": "structure", "locality": "București", "address_1977": "", "period": "", "height": "", "system": "", "iv_classes": "", "iv_techniques": "", "iv_only_proposed": "", "outcome_unit": ""}}, {"type": "Feature", "id": "v4_b_centrala_termica_matei_millo", "geometry": {"type": "Point", "coordinates": [26.094748, 44.436357]}, "properties": {"building_id": "v4_b_centrala_termica_matei_millo", "batch_id": "P3_10", "locatable": "area", "precision": "street", "status": "area", "n_sources": "1", "n_agree": "1", "agreement_m": "", "outcome_1977": "moderate", "outcome_quote": "Coșuri de fum din zidărie de cărămidă. Centrala termică, în București Str. Matei Millo. (ruperi în treimea superioară cu deplasarea porțiunii de sus a coșului).", "status_today": "unknown", "status_source": "", "modern_address": "Str. Matei Millo, București sector 1", "historic_address_note": "Street name unchanged, in the Cișmigiu area", "dupacutremur_building_uid": "", "osm_footprint_ref": "", "wikidata": "", "confidence": "low", "notes": "NOT_FOUND: no number or other source for the boiler house. Searches: nom street only. Chimney broken in the upper third. Pass3b photon sweep: photon with name + locality (and variants) returned no matching OSM object.", "open_question": "Locate the boiler house and its chimney on Matei Millo.", "review_note": "", "sources": "[{\"source\": \"osm\", \"ref\": \"way/231243908\", \"lat\": 44.4363565, \"lon\": 26.0947481, \"precision\": \"street\", \"evidence\": \"Nominatim: Strada Matei Millo (street segment)\", \"retrieved\": \"2026-10-05\", \"by\": \"agent\", \"d_m\": 0}]", "checked_by": "agent (sonnet) + auto (s21)", "flags": "", "name": "Centrala termică, București Str. Matei Millo", "type": "bc_industrial_special", "class": "structure", "locality": "București", "address_1977": "Str. Matei Millo", "period": "", "height": "", "system": "ss_zidarie", "iv_classes": "", "iv_techniques": "", "iv_only_proposed": "", "outcome_unit": ""}}, {"type": "Feature", "id": "v4_b_cos_aeroport_baneasa", "geometry": {"type": "Point", "coordinates": [26.090228, 44.500292]}, "properties": {"building_id": "v4_b_cos_aeroport_baneasa", "batch_id": "P3_10", "locatable": "area", "precision": "area", "status": "area", "n_sources": "1", "n_agree": "1", "agreement_m": "", "outcome_1977": "moderate", "outcome_quote": "Coșuri de fum din zidărie de cărămidă. Aeroportul Băneasa (ruperi în treimea inferioară a coșului).", "status_today": "unknown", "status_source": "way/84575254", "modern_address": "Aeroportul Băneasa Aurel Vlaicu, București sector 1", "historic_address_note": "", "dupacutremur_building_uid": "", "osm_footprint_ref": "", "wikidata": "", "confidence": "low", "notes": "NOT_FOUND: chimney not individually located; airport area only. Searches: nom, osm-near. Pass3b photon sweep: photon with name + locality (and variants) returned no matching OSM object.", "open_question": "Locate the chimney.", "review_note": "", "sources": "[{\"source\": \"osm\", \"ref\": \"way/84575254\", \"lat\": 44.5002921, \"lon\": 26.0902283, \"precision\": \"area\", \"evidence\": \"OSM aeroway area, Băneasa airport\", \"retrieved\": \"2026-10-05\", \"by\": \"agent\", \"d_m\": 0}]", "checked_by": "agent (sonnet) + auto (s21)", "flags": "", "name": "Aeroportul Băneasa. Coș de fum din zidărie de cărămidă", "type": "bc_industrial_special", "class": "structure", "locality": "București", "address_1977": "", "period": "", "height": "", "system": "ss_zidarie", "iv_classes": "", "iv_techniques": "", "iv_only_proposed": "", "outcome_unit": ""}}, {"type": "Feature", "id": "v4_b_siloz_orbeni_bacau", "geometry": {"type": "Point", "coordinates": [27.044972, 46.271124]}, "properties": {"building_id": "v4_b_siloz_orbeni_bacau", "batch_id": "P3_10", "locatable": "area", "precision": "street", "status": "area", "n_sources": "1", "n_agree": "1", "agreement_m": "", "outcome_1977": "moderate", "outcome_quote": "Silozuri noi de cereale la Orbeni-Bacău. Avarii la elemente de beton armat. Beton distrus și armătură dislocată la un nod de cadru.", "status_today": "unknown", "status_source": "", "modern_address": "Strada Silozului, Orbeni (Bacău)", "historic_address_note": "", "dupacutremur_building_uid": "", "osm_footprint_ref": "", "wikidata": "", "confidence": "low", "notes": "NOT_FOUND: silo footprint itself not mapped. Pass3b photon sweep: photon 'Silozuri Orbeni' returns only Strada Silozului (46.2711,27.0450), about 3 km SE of the village centre; osm-near shows a warehouse and no named silo. The street name is a lead, not proof, that the silo complex is here. Earlier: nom, web.", "open_question": "Confirm the silo complex lies on/near Strada Silozului.", "review_note": "", "sources": "[{\"source\": \"osm\", \"ref\": \"way/75250588\", \"lat\": 46.275136, \"lon\": 27.0261713, \"precision\": \"locality\", \"evidence\": \"Orbeni village (locality marker only)\", \"retrieved\": \"2026-10-05\", \"by\": \"agent\", \"d_m\": 1512}, {\"source\": \"osm\", \"ref\": \"way/352302058\", \"lat\": 46.271124, \"lon\": 27.044972, \"precision\": \"street\", \"evidence\": \"Photon: Strada Silozului in Orbeni, a street named after the silos; warehouse way/713342884 lies 170 m away\", \"retrieved\": \"2026-10-05\", \"by\": \"agent\", \"d_m\": 0}]", "checked_by": "agent (sonnet) + auto (s21)", "flags": "", "name": "Silozuri noi de cereale la Orbeni-Bacău", "type": "bc_siloz", "class": "structure", "locality": "Orbeni (Bacău)", "address_1977": "", "period": "", "height": "", "system": "", "iv_classes": "", "iv_techniques": "", "iv_only_proposed": "", "outcome_unit": ""}}]}