{"type": "FeatureCollection", "features": [{"type": "Feature", "id": "AB", "geometry": {"type": "Polygon", "coordinates": [[[22.6638, 46.4798], [22.6798, 46.4764], [22.6774, 46.4686], [22.6925, 46.4533], [22.6903, 46.4397], [22.7199, 46.4309], [22.6746, 46.4087], [22.6819, 46.3853], [22.699, 46.3785], [22.6993, 46.3656], [22.777, 46.3493], [22.812, 46.3261], [22.8518, 46.3296], [22.869, 46.338], [22.9257, 46.3306], [22.9356, 46.3247], [22.9432, 46.2986], [22.9582, 46.2928], [22.9651, 46.2824], [22.9475, 46.266], [22.9549, 46.2606], [22.9563, 46.2462], [22.9816, 46.2262], [22.9819, 46.2177], [23.0394, 46.2081], [23.0505, 46.2138], [23.0702, 46.2073], [23.0694, 46.1987], [23.0955, 46.1823], [23.0901, 46.1665], [23.1038, 46.1537], [23.099, 46.1389], [23.0777, 46.1498], [23.0552, 46.1408], [23.0679, 46.1223], [23.0618, 46.1058], [23.0753, 46.1072], [23.0895, 46.1002], [23.0797, 46.0824], [23.0894, 46.0767], [23.0873, 46.0665], [23.1027, 46.0617], [23.101, 46.046], [23.1844, 46.0271], [23.2048, 46.036], [23.2236, 46.0329], [23.2417, 46.0385], [23.2349, 46.0305], [23.2404, 46.0088], [23.2353, 45.9878], [23.2523, 45.9693], [23.2651, 45.9336], [23.2934, 45.9191], [23.3377, 45.9181], [23.3372, 45.9109], [23.3191, 45.9077], [23.3033, 45.8938], [23.3317, 45.8798], [23.3239, 45.8363], [23.3438, 45.8075], [23.3434, 45.7996], [23.3529, 45.7928], [23.3477, 45.7882], [23.3532, 45.7778], [23.3736, 45.7728], [23.381, 45.7593], [23.3602, 45.7179], [23.3821, 45.6948], [23.395, 45.6942], [23.4227, 45.6787], [23.4221, 45.6701], [23.4086, 45.6684], [23.4018, 45.6589], [23.3867, 45.657], [23.3851, 45.6503], [23.3688, 45.6426], [23.3699, 45.6262], [23.3769, 45.6219], [23.4091, 45.6338], [23.4267, 45.6231], [23.4186, 45.5956], [23.4273, 45.5844], [23.4456, 45.5878], [23.454, 45.5798], [23.4766, 45.5805], [23.483, 45.5736], [23.4995, 45.5798], [23.5031, 45.5637], [23.5136, 45.5538], [23.5367, 45.5497], [23.5542, 45.5306], [23.5688, 45.5246], [23.5773, 45.5075], [23.5954, 45.4923], [23.5919, 45.4862], [23.5985, 45.4719], [23.6172, 45.4658], [23.6269, 45.4709], [23.6298, 45.4586], [23.6403, 45.4554], [23.6789, 45.4648], [23.7036, 45.4968], [23.6651, 45.4934], [23.6361, 45.544], [23.6106, 45.5636], [23.618, 45.5809], [23.6294, 45.5885], [23.6437, 45.5884], [23.6527, 45.6013], [23.6323, 45.6216], [23.6334, 45.6287], [23.6445, 45.6299], [23.6449, 45.64], [23.6254, 45.6589], [23.5927, 45.6737], [23.5971, 45.6831], [23.6109, 45.6876], [23.5889, 45.7027], [23.5966, 45.7036], [23.6047, 45.7162], [23.6011, 45.7229], [23.6102, 45.7233], [23.6198, 45.7358], [23.6154, 45.7392], [23.6222, 45.7504], [23.645, 45.7457], [23.6594, 45.7612], [23.6745, 45.7495], [23.6387, 45.7781], [23.622, 45.7833], [23.6245, 45.7944], [23.6147, 45.7961], [23.6166, 45.8019], [23.6251, 45.8081], [23.6791, 45.8076], [23.6875, 45.8026], [23.6957, 45.8089], [23.6942, 45.8251], [23.6993, 45.8287], [23.719, 45.8239], [23.7213, 45.8332], [23.7345, 45.8307], [23.7269, 45.8481], [23.7327, 45.8428], [23.7734, 45.8807], [23.7665, 45.8885], [23.7498, 45.8852], [23.7304, 45.8972], [23.7327, 45.914], [23.7894, 45.9283], [23.797, 45.9223], [23.805, 45.9238], [23.8039, 45.9287], [23.8165, 45.9233], [23.8373, 45.9514], [23.85, 45.959], [23.87, 45.9487], [23.8735, 45.9608], [23.8636, 45.963], [23.8609, 45.9805], [23.8524, 45.9855], [23.8569, 46.0009], [23.8457, 46.0078], [23.8913, 46.0447], [23.913, 46.0411], [23.9272, 46.0488], [23.9369, 46.0378], [23.9643, 46.0406], [23.9678, 46.0339], [23.9796, 46.0382], [23.9845, 46.0347], [23.9768, 46.0294], [23.9908, 46.0183], [23.991, 46.0073], [24.0001, 45.9981], [24.0061, 46.0002], [24.0074, 46.0166], [24.0269, 46.0285], [24.0185, 46.0389], [24.0324, 46.0408], [24.0269, 46.0628], [24.0441, 46.0803], [24.0425, 46.0965], [24.0583, 46.0845], [24.076, 46.0942], [24.0678, 46.0948], [24.0825, 46.1019], [24.0903, 46.1166], [24.1187, 46.1347], [24.1516, 46.1349], [24.1913, 46.1529], [24.2133, 46.1542], [24.2168, 46.164], [24.2095, 46.1742], [24.1876, 46.1833], [24.1988, 46.2123], [24.1904, 46.224], [24.2098, 46.2334], [24.2288, 46.2313], [24.2516, 46.2404], [24.2294, 46.25], [24.2313, 46.2596], [24.2101, 46.2635], [24.211, 46.2717], [24.1942, 46.283], [24.1767, 46.2802], [24.176, 46.2688], [24.1637, 46.2724], [24.1592, 46.2915], [24.1424, 46.301], [24.1485, 46.3262], [24.1358, 46.3362], [24.0749, 46.3357], [24.0199, 46.3604], [24.0304, 46.3694], [23.9958, 46.3718], [23.9895, 46.381], [23.9937, 46.3848], [24.0354, 46.4067], [24.0281, 46.46], [24.0186, 46.4561], [24.0229, 46.4496], [24.0142, 46.4409], [23.9932, 46.4262], [23.9641, 46.4365], [23.9505, 46.4501], [23.9233, 46.4493], [23.9097, 46.4635], [23.8867, 46.4634], [23.876, 46.4535], [23.8802, 46.45], [23.8684, 46.4474], [23.8658, 46.4564], [23.8551, 46.451], [23.8332, 46.4689], [23.8254, 46.4629], [23.802, 46.4657], [23.7839, 46.4581], [23.7665, 46.4622], [23.7303, 46.4515], [23.7012, 46.4575], [23.677, 46.4493], [23.6686, 46.4394], [23.6725, 46.4293], [23.6511, 46.4279], [23.6556, 46.418], [23.6685, 46.4156], [23.6624, 46.4206], [23.6655, 46.4207], [23.6812, 46.4089], [23.6647, 46.4047], [23.6692, 46.4018], [23.6609, 46.3967], [23.6031, 46.4155], [23.6032, 46.4286], [23.5919, 46.4362], [23.5898, 46.4564], [23.6031, 46.4694], [23.6003, 46.4777], [23.6145, 46.4785], [23.612, 46.4846], [23.5743, 46.4972], [23.5595, 46.4882], [23.5481, 46.5039], [23.5297, 46.4992], [23.5308, 46.4907], [23.5232, 46.486], [23.4851, 46.5036], [23.4625, 46.5043], [23.4545, 46.5173], [23.4601, 46.5253], [23.4534, 46.5285], [23.4394, 46.5232], [23.4308, 46.5296], [23.4006, 46.5305], [23.3825, 46.5406], [23.3118, 46.5245], [23.2822, 46.5299], [23.2799, 46.5126], [23.2896, 46.5089], [23.2771, 46.5072], [23.2696, 46.4978], [23.2176, 46.4904], [23.1925, 46.494], [23.1851, 46.5096], [23.1519, 46.5062], [23.1302, 46.491], [23.1041, 46.4905], [23.0936, 46.4684], [23.0602, 46.4709], [23.0521, 46.4662], [23.0461, 46.4765], [23.0556, 46.4925], [23.0113, 46.5036], [23.0013, 46.5335], [22.989, 46.5377], [22.9998, 46.5484], [22.995, 46.5545], [22.9762, 46.5484], [22.9275, 46.5546], [22.883, 46.5359], [22.8595, 46.5399], [22.8557, 46.5506], [22.836, 46.5464], [22.8132, 46.556], [22.8117, 46.569], [22.7858, 46.5661], [22.7655, 46.5763], [22.7629, 46.5691], [22.7522, 46.569], [22.7513, 46.5491], [22.7261, 46.5469], [22.691, 46.5186], [22.677, 46.5233], [22.6797, 46.4925], [22.6638, 46.4798]]]}, "properties": {"code": "AB", "name": "Alba", "name_1977": "", "geometry_basis": "modern_osm", "boundary_note": "", "in_table_II1": 0, "n_metrics": 0, "n_mentions": 0, "damaged_reported": null, "damaged_class": "", "damaged_metric": ""}}, {"type": "Feature", "id": "AR", "geometry": {"type": "Polygon", "coordinates": [[[20.7053, 46.1614], [20.7162, 46.16], [20.7186, 46.1486], [20.7278, 46.1453], [20.7727, 46.1445], [20.7803, 46.1263], [20.7972, 46.1219], [20.8056, 46.1055], [20.8326, 46.0906], [20.8861, 46.0846], [20.918, 46.0743], [20.922, 46.0594], [20.9407, 46.0375], [21.0687, 46.0398], [21.0745, 46.0126], [21.0827, 46.0131], [21.0849, 45.997], [21.1102, 45.9771], [21.1195, 45.983], [21.1255, 45.977], [21.172, 45.9987], [21.2004, 45.9814], [21.242, 45.9714], [21.2362, 45.9819], [21.248, 45.9808], [21.2383, 45.9864], [21.2621, 45.9949], [21.2737, 46.0153], [21.2846, 46.0201], [21.3495, 46.0022], [21.3607, 45.9954], [21.351, 45.9837], [21.3659, 45.982], [21.3681, 45.9913], [21.3888, 46.0015], [21.3909, 46.0086], [21.4213, 46.0115], [21.4167, 46.0166], [21.4496, 46.0293], [21.4337, 46.0442], [21.4353, 46.0595], [21.4492, 46.0458], [21.4772, 46.0631], [21.5142, 46.068], [21.5363, 46.033], [21.5242, 46.0103], [21.5475, 46.0062], [21.5521, 45.9951], [21.5606, 45.9962], [21.5606, 46.0025], [21.5918, 45.9946], [21.6213, 45.9752], [21.6419, 45.974], [21.63, 45.9428], [21.6484, 45.9475], [21.662, 45.9354], [21.6677, 45.9062], [21.6924, 45.9163], [21.6993, 45.9374], [21.7341, 45.9893], [21.7754, 45.9487], [21.7686, 45.9393], [21.7697, 45.9169], [21.8053, 45.9211], [21.7994, 45.9253], [21.8011, 45.944], [21.8187, 45.9491], [21.811, 45.9574], [21.8197, 45.9678], [21.8514, 45.9472], [21.8657, 45.9487], [21.8724, 45.9587], [21.8935, 45.9525], [21.9162, 45.9631], [21.9253, 45.9848], [21.9556, 45.9872], [21.9675, 45.9944], [21.9872, 45.9885], [21.9879, 45.9776], [21.9984, 45.9679], [22.0397, 45.9685], [22.1241, 45.9377], [22.1256, 45.9269], [22.1354, 45.9228], [22.1546, 45.9209], [22.1739, 45.9285], [22.2027, 45.9217], [22.2178, 45.9127], [22.2215, 45.9032], [22.2431, 45.9026], [22.2486, 45.9056], [22.2454, 45.9252], [22.262, 45.9348], [22.3023, 45.932], [22.3121, 45.9376], [22.3077, 45.9409], [22.3156, 45.9623], [22.3114, 45.9667], [22.3528, 45.9727], [22.3395, 45.9788], [22.336, 45.9944], [22.3838, 45.9955], [22.389, 46.0088], [22.4048, 46.0024], [22.4228, 46.0123], [22.4367, 46.011], [22.4403, 46.0293], [22.4281, 46.0345], [22.4277, 46.0437], [22.4353, 46.0492], [22.4295, 46.0771], [22.4052, 46.0951], [22.4115, 46.1085], [22.4315, 46.1064], [22.4314, 46.1128], [22.4454, 46.1159], [22.4672, 46.1457], [22.4531, 46.1631], [22.4542, 46.1755], [22.4384, 46.2104], [22.4535, 46.2198], [22.4626, 46.2165], [22.4614, 46.2269], [22.4949, 46.2434], [22.513, 46.2246], [22.5329, 46.2289], [22.5457, 46.2241], [22.5523, 46.2299], [22.5838, 46.2335], [22.5909, 46.2283], [22.5872, 46.2249], [22.6077, 46.2187], [22.6247, 46.2314], [22.6345, 46.2262], [22.649, 46.2288], [22.6472, 46.2336], [22.6569, 46.2354], [22.6617, 46.249], [22.6544, 46.2555], [22.6593, 46.269], [22.6804, 46.2981], [22.6779, 46.3214], [22.7244, 46.3338], [22.7487, 46.3512], [22.7278, 46.3636], [22.6993, 46.3656], [22.6987, 46.3787], [22.6819, 46.3853], [22.6755, 46.395], [22.6766, 46.4058], [22.6354, 46.3896], [22.5773, 46.398], [22.5132, 46.3863], [22.4524, 46.385], [22.4241, 46.3933], [22.4114, 46.4092], [22.3704, 46.4263], [22.3823, 46.4311], [22.3739, 46.4391], [22.3601, 46.4389], [22.3445, 46.4477], [22.3392, 46.4761], [22.3225, 46.4829], [22.3286, 46.4898], [22.3234, 46.4954], [22.3252, 46.5145], [22.2724, 46.5008], [22.2568, 46.5071], [22.2461, 46.5023], [22.2204, 46.5137], [22.2166, 46.5218], [22.2093, 46.5121], [22.1985, 46.5133], [22.1756, 46.5362], [22.1788, 46.546], [22.1645, 46.5706], [22.1728, 46.5998], [22.1358, 46.6064], [22.1167, 46.6028], [22.1084, 46.6156], [22.0887, 46.6183], [22.0883, 46.6339], [22.0756, 46.6321], [22.0807, 46.6376], [22.073, 46.6387], [22.056, 46.6321], [22.0539, 46.6381], [22.0267, 46.644], [22.0259, 46.6542], [22.0004, 46.6245], [21.9522, 46.6171], [21.9108, 46.6305], [21.8813, 46.6312], [21.9105, 46.6628], [21.8693, 46.6809], [21.8574, 46.6707], [21.7948, 46.6547], [21.7563, 46.6632], [21.7068, 46.6586], [21.6893, 46.6651], [21.6468, 46.6657], [21.6204, 46.6462], [21.5701, 46.649], [21.5628, 46.6315], [21.5733, 46.6257], [21.5604, 46.6195], [21.5678, 46.6129], [21.5677, 46.6004], [21.5468, 46.6013], [21.5391, 46.6295], [21.5269, 46.6329], [21.5277, 46.6381], [21.5115, 46.6366], [21.5102, 46.6538], [21.5044, 46.6532], [21.5028, 46.6596], [21.4849, 46.6511], [21.4591, 46.6619], [21.4548, 46.658], [21.4738, 46.6527], [21.4217, 46.6465], [21.41, 46.6218], [21.3656, 46.6378], [21.3532, 46.6302], [21.33, 46.6316], [21.3141, 46.6176], [21.3011, 46.5908], [21.3208, 46.5828], [21.2897, 46.5443], [21.2742, 46.5407], [21.2604, 46.502], [21.2743, 46.4765], [21.2963, 46.4762], [21.3178, 46.4507], [21.2895, 46.4155], [21.2963, 46.4067], [21.2832, 46.4032], [21.2254, 46.4135], [21.2163, 46.4018], [21.2063, 46.4032], [21.1965, 46.3708], [21.1995, 46.3479], [21.1762, 46.3358], [21.1731, 46.3184], [21.1806, 46.3041], [21.1677, 46.2978], [21.1515, 46.2976], [21.1453, 46.3046], [21.1155, 46.3017], [21.1032, 46.2626], [21.0709, 46.2539], [21.0661, 46.2429], [21.0366, 46.248], [21.0247, 46.2665], [20.9904, 46.2595], [20.9608, 46.2623], [20.9527, 46.2651], [20.9466, 46.2793], [20.9251, 46.2766], [20.9222, 46.2618], [20.8905, 46.2714], [20.8733, 46.2878], [20.7892, 46.2731], [20.7757, 46.276], [20.749, 46.2508], [20.7618, 46.2045], [20.7274, 46.2074], [20.7257, 46.1964], [20.7334, 46.1923], [20.7224, 46.1875], [20.715, 46.1669], [20.7053, 46.1614]]]}, "properties": {"code": "AR", "name": "Arad", "name_1977": "", "geometry_basis": "modern_osm", "boundary_note": "", "in_table_II1": 0, "n_metrics": 0, "n_mentions": 0, "damaged_reported": null, "damaged_class": "", "damaged_metric": ""}}, {"type": "Feature", "id": "AG", "geometry": {"type": "Polygon", "coordinates": [[[24.4215, 44.8271], [24.433, 44.8178], [24.4469, 44.8202], [24.4453, 44.8108], [24.4802, 44.8217], [24.483, 44.8299], [24.4949, 44.8317], [24.4949, 44.8446], [24.5095, 44.8456], [24.5054, 44.8659], [24.5152, 44.8691], [24.5135, 44.8776], [24.5228, 44.8942], [24.5407, 44.891], [24.5425, 44.8614], [24.5521, 44.8585], [24.5565, 44.8311], [24.5717, 44.8171], [24.5771, 44.799], [24.5886, 44.7982], [24.5823, 44.774], [24.5878, 44.7757], [24.5938, 44.7509], [24.6069, 44.7538], [24.6314, 44.7329], [24.6297, 44.7288], [24.6747, 44.7391], [24.7075, 44.7313], [24.7052, 44.727], [24.7159, 44.7183], [24.7254, 44.7208], [24.6857, 44.7001], [24.6929, 44.6968], [24.705, 44.6571], [24.7011, 44.6404], [24.7167, 44.6261], [24.7087, 44.6165], [24.7107, 44.5824], [24.7234, 44.5786], [24.7365, 44.5551], [24.7286, 44.5532], [24.7251, 44.5433], [24.7389, 44.5465], [24.7426, 44.5381], [24.7292, 44.5138], [24.734, 44.4652], [24.7592, 44.4645], [24.7499, 44.4434], [24.7543, 44.4281], [24.744, 44.423], [24.7535, 44.4043], [24.7457, 44.3944], [24.7864, 44.3983], [24.7877, 44.3924], [24.8083, 44.3934], [24.8147, 44.3869], [24.8183, 44.3939], [24.8803, 44.3942], [24.8849, 44.3823], [24.9612, 44.3769], [25.0105, 44.4109], [25.046, 44.3971], [25.0547, 44.4091], [25.0651, 44.3974], [25.0919, 44.4133], [25.1033, 44.4099], [25.0862, 44.4171], [25.1112, 44.4159], [25.203, 44.4564], [25.2348, 44.4243], [25.2582, 44.4413], [25.2636, 44.4353], [25.2797, 44.4445], [25.271, 44.4482], [25.2773, 44.4534], [25.2669, 44.4675], [25.2797, 44.4787], [25.2657, 44.5071], [25.2573, 44.5114], [25.2799, 44.528], [25.2926, 44.5514], [25.2591, 44.5685], [25.2518, 44.5628], [25.2203, 44.6019], [25.2255, 44.6052], [25.2125, 44.6157], [25.1983, 44.6087], [25.1933, 44.6198], [25.205, 44.6329], [25.1804, 44.6324], [25.1943, 44.6396], [25.1684, 44.6618], [25.1881, 44.6705], [25.1967, 44.6662], [25.2373, 44.695], [25.2273, 44.7033], [25.175, 44.7147], [25.1858, 44.7228], [25.1746, 44.7307], [25.1826, 44.7378], [25.1779, 44.7397], [25.1842, 44.7449], [25.1929, 44.7341], [25.1971, 44.7364], [25.2111, 44.7643], [25.2129, 44.7821], [25.2005, 44.796], [25.194, 44.8259], [25.1869, 44.8267], [25.1952, 44.849], [25.2046, 44.856], [25.1907, 44.8813], [25.1976, 44.9033], [25.174, 44.9196], [25.1613, 44.921], [25.1693, 44.941], [25.1723, 44.9838], [25.1963, 44.9913], [25.1969, 45.0187], [25.1872, 45.0333], [25.1701, 45.0286], [25.172, 45.0405], [25.1449, 45.0384], [25.1487, 45.0514], [25.1282, 45.0613], [25.1247, 45.0705], [25.1422, 45.0842], [25.1537, 45.0854], [25.1576, 45.0762], [25.17, 45.0807], [25.1801, 45.0935], [25.1765, 45.1072], [25.162, 45.117], [25.1442, 45.1124], [25.1627, 45.1245], [25.1467, 45.129], [25.154, 45.1366], [25.1461, 45.1426], [25.1543, 45.1601], [25.1521, 45.1812], [25.1468, 45.1848], [25.1554, 45.1904], [25.1463, 45.1991], [25.1564, 45.2017], [25.1392, 45.2121], [25.1637, 45.2153], [25.1708, 45.201], [25.1825, 45.2026], [25.1794, 45.1921], [25.1972, 45.165], [25.2119, 45.1566], [25.2161, 45.1643], [25.2528, 45.1811], [25.2563, 45.1859], [25.2496, 45.2042], [25.2538, 45.2049], [25.2478, 45.2109], [25.291, 45.2242], [25.2937, 45.2321], [25.2853, 45.2406], [25.2786, 45.2695], [25.3047, 45.2913], [25.3153, 45.3224], [25.3091, 45.3338], [25.326, 45.3508], [25.3157, 45.3711], [25.3216, 45.3811], [25.308, 45.3895], [25.3123, 45.3992], [25.3011, 45.423], [25.2726, 45.4074], [25.2554, 45.4225], [25.2535, 45.4288], [25.262, 45.4378], [25.2759, 45.4421], [25.2574, 45.452], [25.2384, 45.4755], [25.2421, 45.4939], [25.2332, 45.5118], [25.2369, 45.5177], [25.2116, 45.5269], [25.2034, 45.5197], [25.189, 45.5228], [25.1032, 45.5852], [25.0806, 45.5818], [25.0361, 45.5927], [25.0134, 45.586], [24.9578, 45.5927], [24.9415, 45.5821], [24.9174, 45.5946], [24.8364, 45.592], [24.8298, 45.6065], [24.8106, 45.6107], [24.7925, 45.6024], [24.7713, 45.6112], [24.7364, 45.6031], [24.7286, 45.6084], [24.6836, 45.6044], [24.671, 45.5946], [24.6595, 45.597], [24.6582, 45.6031], [24.6262, 45.6039], [24.5966, 45.5962], [24.5659, 45.5791], [24.5537, 45.5877], [24.5231, 45.5806], [24.5405, 45.5357], [24.5119, 45.5175], [24.5279, 45.4968], [24.525, 45.4752], [24.5104, 45.463], [24.4858, 45.4628], [24.479, 45.4378], [24.491, 45.3993], [24.5054, 45.3841], [24.494, 45.3786], [24.5073, 45.3525], [24.4661, 45.363], [24.4728, 45.3577], [24.4726, 45.3295], [24.4861, 45.3311], [24.4922, 45.3155], [24.4801, 45.296], [24.4882, 45.2964], [24.4928, 45.2784], [24.4759, 45.2672], [24.4837, 45.2649], [24.484, 45.2567], [24.4668, 45.2317], [24.4693, 45.221], [24.4759, 45.2091], [24.4845, 45.2127], [24.501, 45.2048], [24.4875, 45.196], [24.4991, 45.1885], [24.5135, 45.1889], [24.522, 45.1798], [24.5104, 45.175], [24.5129, 45.1658], [24.4979, 45.1656], [24.5197, 45.1348], [24.5124, 45.1083], [24.4978, 45.115], [24.4926, 45.111], [24.4965, 45.1066], [24.4875, 45.1053], [24.4983, 45.1004], [24.4974, 45.0913], [24.5064, 45.0926], [24.5071, 45.085], [24.4913, 45.0771], [24.4814, 45.0609], [24.5205, 45.049], [24.5174, 45.0393], [24.4828, 45.0143], [24.509, 44.9978], [24.4811, 44.9759], [24.4687, 44.9483], [24.4823, 44.9542], [24.4998, 44.9454], [24.4692, 44.9245], [24.4636, 44.9134], [24.4635, 44.9042], [24.4801, 44.8991], [24.4633, 44.8747], [24.4723, 44.8744], [24.4215, 44.8271]]]}, "properties": {"code": "AG", "name": "Argeș", "name_1977": "Județul Argeș", "geometry_basis": "modern_osm", "boundary_note": "", "in_table_II1": 1, "n_metrics": 5, "n_mentions": 2, "damaged_reported": 4645, "damaged_class": "buildings", "damaged_metric": "cm009"}}, {"type": "Feature", "id": "BC", "geometry": {"type": "Polygon", "coordinates": [[[25.9727, 46.6776], [25.9934, 46.6738], [26.0192, 46.6348], [26.0033, 46.6379], [25.9905, 46.6161], [26.0036, 46.5966], [26.0225, 46.5888], [26.0336, 46.5704], [26.0316, 46.5603], [26.0392, 46.5557], [26.0355, 46.5438], [26.0574, 46.527], [26.0745, 46.5255], [26.0832, 46.5125], [26.0746, 46.4845], [26.0562, 46.4943], [26.019, 46.4924], [26.0071, 46.4826], [26.0168, 46.477], [26.0116, 46.4692], [26.0171, 46.4612], [26.0051, 46.4548], [26.0058, 46.4448], [25.987, 46.4389], [26.0032, 46.4252], [25.9953, 46.4068], [26.0035, 46.4064], [26.0062, 46.4127], [26.02, 46.4091], [26.0224, 46.4163], [26.03, 46.4101], [26.0341, 46.4172], [26.0469, 46.4166], [26.0602, 46.4134], [26.0564, 46.4036], [26.0619, 46.4007], [26.1098, 46.4005], [26.166, 46.3848], [26.1644, 46.3471], [26.1493, 46.329], [26.1565, 46.3149], [26.1932, 46.3103], [26.2209, 46.3143], [26.2356, 46.3353], [26.2709, 46.3448], [26.2919, 46.3357], [26.2788, 46.2995], [26.2722, 46.2966], [26.2744, 46.2874], [26.2534, 46.2773], [26.2534, 46.2666], [26.2648, 46.2563], [26.2586, 46.2501], [26.3267, 46.23], [26.3415, 46.2037], [26.3306, 46.1831], [26.3474, 46.1621], [26.3434, 46.137], [26.3875, 46.145], [26.3858, 46.1287], [26.3926, 46.1231], [26.3801, 46.1283], [26.3677, 46.1186], [26.3691, 46.1127], [26.3889, 46.1014], [26.4079, 46.1036], [26.4051, 46.0923], [26.4307, 46.078], [26.4251, 46.067], [26.4418, 46.0512], [26.44, 46.0389], [26.4604, 46.0351], [26.4917, 46.0452], [26.5157, 46.0269], [26.5357, 46.0279], [26.5726, 46.0168], [26.5821, 46.0252], [26.5861, 46.0404], [26.6341, 46.0575], [26.6447, 46.0751], [26.6814, 46.0793], [26.7046, 46.0939], [26.7178, 46.089], [26.7337, 46.0954], [26.7402, 46.0874], [26.7621, 46.0866], [26.7808, 46.0939], [26.788, 46.0786], [26.8012, 46.0758], [26.8071, 46.0658], [26.845, 46.0714], [26.8481, 46.0787], [26.8701, 46.0851], [26.9327, 46.0646], [26.9527, 46.0862], [26.9457, 46.0998], [26.9836, 46.1133], [27.0732, 46.0877], [27.0845, 46.0953], [27.1056, 46.0887], [27.1052, 46.105], [27.0861, 46.1115], [27.123, 46.1041], [27.1319, 46.1171], [27.1361, 46.1145], [27.1332, 46.1206], [27.1401, 46.1342], [27.1272, 46.1378], [27.1236, 46.1475], [27.1702, 46.1696], [27.1646, 46.1747], [27.1732, 46.1813], [27.1858, 46.1719], [27.1904, 46.1867], [27.2007, 46.1793], [27.2217, 46.1914], [27.2355, 46.1896], [27.2394, 46.1783], [27.2458, 46.1779], [27.2699, 46.1832], [27.2627, 46.2004], [27.3066, 46.2062], [27.318, 46.2028], [27.3142, 46.1838], [27.3304, 46.1794], [27.3339, 46.1685], [27.3504, 46.1689], [27.35, 46.1527], [27.3746, 46.1574], [27.381, 46.1651], [27.379, 46.1899], [27.3976, 46.1944], [27.448, 46.1842], [27.4592, 46.1574], [27.4759, 46.1606], [27.4789, 46.1676], [27.5062, 46.1554], [27.5063, 46.1641], [27.5005, 46.1649], [27.5088, 46.2158], [27.4789, 46.2207], [27.4663, 46.279], [27.4828, 46.282], [27.4636, 46.2962], [27.4668, 46.3022], [27.4579, 46.3155], [27.4571, 46.3203], [27.474, 46.323], [27.4801, 46.3187], [27.4759, 46.3265], [27.4828, 46.3271], [27.4711, 46.3362], [27.459, 46.3601], [27.4663, 46.3625], [27.4644, 46.3714], [27.4595, 46.3791], [27.452, 46.3788], [27.4492, 46.4001], [27.4201, 46.4312], [27.4241, 46.4347], [27.4184, 46.4351], [27.4111, 46.4574], [27.4154, 46.462], [27.3991, 46.4695], [27.3821, 46.5004], [27.3836, 46.518], [27.373, 46.5195], [27.3798, 46.5241], [27.3742, 46.5226], [27.3603, 46.5361], [27.3192, 46.5954], [27.3109, 46.5953], [27.2764, 46.6253], [27.3161, 46.6521], [27.3204, 46.6585], [27.293, 46.6769], [27.3266, 46.698], [27.2394, 46.7353], [27.2328, 46.7446], [27.2364, 46.7481], [27.2311, 46.7505], [27.2283, 46.7446], [27.2062, 46.7699], [27.1875, 46.7605], [27.1858, 46.7498], [27.1632, 46.7495], [27.1605, 46.7344], [27.1508, 46.7313], [27.152, 46.7369], [27.1423, 46.7413], [27.1466, 46.7532], [27.1153, 46.7487], [27.0988, 46.7696], [27.0745, 46.7664], [27.0616, 46.7562], [27.0521, 46.76], [27.0454, 46.7724], [27.0289, 46.7721], [26.9787, 46.7627], [26.966, 46.7544], [26.9393, 46.7527], [26.947, 46.759], [26.9403, 46.7664], [26.9468, 46.7715], [26.936, 46.7848], [26.9222, 46.7753], [26.9224, 46.7828], [26.9079, 46.7865], [26.9129, 46.7931], [26.893, 46.7983], [26.9082, 46.8004], [26.9009, 46.8162], [26.9149, 46.8111], [26.9144, 46.8202], [26.906, 46.822], [26.9094, 46.8273], [26.8818, 46.8288], [26.8824, 46.8159], [26.8495, 46.8047], [26.8495, 46.7799], [26.8216, 46.7732], [26.8419, 46.7513], [26.8346, 46.752], [26.8, 46.722], [26.7864, 46.7169], [26.7515, 46.7378], [26.7543, 46.7562], [26.7313, 46.7495], [26.7432, 46.7683], [26.7345, 46.7685], [26.7335, 46.7631], [26.7116, 46.7716], [26.7054, 46.7668], [26.676, 46.7677], [26.6795, 46.7604], [26.6709, 46.7551], [26.6761, 46.7361], [26.6649, 46.7364], [26.6455, 46.7198], [26.6406, 46.7277], [26.6366, 46.7248], [26.6436, 46.718], [26.6372, 46.7223], [26.608, 46.7127], [26.5882, 46.6892], [26.5702, 46.6786], [26.5467, 46.6783], [26.53, 46.6924], [26.5223, 46.6886], [26.5147, 46.6947], [26.4723, 46.6762], [26.4412, 46.6791], [26.4359, 46.6878], [26.4105, 46.6786], [26.409, 46.6647], [26.3905, 46.651], [26.3463, 46.6509], [26.3307, 46.6643], [26.3226, 46.6558], [26.301, 46.6534], [26.2928, 46.6562], [26.2842, 46.6808], [26.2619, 46.6941], [26.2658, 46.7032], [26.2434, 46.6971], [26.2184, 46.6801], [26.2225, 46.6775], [26.2152, 46.6673], [26.2162, 46.656], [26.1591, 46.6417], [26.1401, 46.6607], [26.1008, 46.6469], [26.0809, 46.6565], [26.0815, 46.6733], [26.0708, 46.6879], [26.0758, 46.6943], [26.0717, 46.7079], [26.0528, 46.7168], [26.0261, 46.7067], [26.0128, 46.6941], [25.9993, 46.6998], [25.9752, 46.6973], [25.9727, 46.6776]]]}, "properties": {"code": "BC", "name": "Bacău", "name_1977": "Județul Bacău", "geometry_basis": "modern_osm", "boundary_note": "", "in_table_II1": 0, "n_metrics": 0, "n_mentions": 1, "damaged_reported": null, "damaged_class": "", "damaged_metric": ""}}, {"type": "Feature", "id": "BH", "geometry": {"type": "Polygon", "coordinates": [[[21.4276, 46.6893], [21.4424, 46.6666], [21.4557, 46.6671], [21.4415, 46.6515], [21.4738, 46.6527], [21.4548, 46.658], [21.4591, 46.6619], [21.4849, 46.6511], [21.5018, 46.6601], [21.5102, 46.6538], [21.5115, 46.6366], [21.5277, 46.6381], [21.5269, 46.6329], [21.5391, 46.6295], [21.5468, 46.6013], [21.5526, 46.6008], [21.5677, 46.6004], [21.5678, 46.6129], [21.5604, 46.6195], [21.5733, 46.6257], [21.5628, 46.6315], [21.5719, 46.6503], [21.6204, 46.6462], [21.6468, 46.6657], [21.6893, 46.6651], [21.7068, 46.6586], [21.7563, 46.6632], [21.7948, 46.6547], [21.8574, 46.6707], [21.8693, 46.6809], [21.9105, 46.6628], [21.8813, 46.6312], [21.9108, 46.6305], [21.9522, 46.6171], [22.0004, 46.6245], [22.0259, 46.6542], [22.0267, 46.644], [22.0539, 46.6381], [22.056, 46.6321], [22.073, 46.6387], [22.0807, 46.6376], [22.0756, 46.6321], [22.0883, 46.6339], [22.0887, 46.6183], [22.1084, 46.6156], [22.1167, 46.6028], [22.1358, 46.6064], [22.1728, 46.5998], [22.1645, 46.5706], [22.1788, 46.546], [22.1756, 46.5362], [22.1985, 46.5133], [22.2093, 46.5121], [22.2166, 46.5218], [22.2204, 46.5137], [22.2461, 46.5023], [22.2568, 46.5071], [22.2724, 46.5008], [22.3252, 46.5145], [22.3234, 46.4954], [22.3286, 46.4898], [22.3225, 46.4829], [22.3392, 46.4761], [22.3445, 46.4477], [22.3601, 46.4389], [22.3739, 46.4391], [22.3823, 46.4311], [22.3704, 46.4263], [22.4114, 46.4092], [22.4241, 46.3933], [22.4524, 46.385], [22.5132, 46.3863], [22.5773, 46.398], [22.6493, 46.3915], [22.7199, 46.4309], [22.6903, 46.4397], [22.6925, 46.4533], [22.6774, 46.4686], [22.6798, 46.4764], [22.6638, 46.4798], [22.6797, 46.4925], [22.677, 46.5233], [22.691, 46.5186], [22.7261, 46.5469], [22.7513, 46.5491], [22.7522, 46.569], [22.7629, 46.5691], [22.7636, 46.5758], [22.7858, 46.5661], [22.818, 46.5702], [22.8172, 46.5843], [22.8063, 46.5905], [22.8075, 46.6105], [22.8015, 46.6184], [22.8196, 46.6386], [22.788, 46.627], [22.7936, 46.6396], [22.7726, 46.6524], [22.771, 46.6664], [22.749, 46.6892], [22.7409, 46.7144], [22.7082, 46.7388], [22.7132, 46.7633], [22.6373, 46.7994], [22.7041, 46.8055], [22.7264, 46.8159], [22.7541, 46.8762], [22.779, 46.897], [22.7757, 46.9106], [22.7367, 46.915], [22.7172, 46.9334], [22.6856, 46.9387], [22.6797, 46.9489], [22.6708, 46.9501], [22.6784, 46.9625], [22.6748, 46.9709], [22.7282, 47.0075], [22.701, 47.0181], [22.6868, 47.0513], [22.5923, 47.0632], [22.5688, 47.0823], [22.545, 47.088], [22.5372, 47.0997], [22.5152, 47.108], [22.5568, 47.1162], [22.5667, 47.1263], [22.5559, 47.1249], [22.5533, 47.1345], [22.5441, 47.1352], [22.5543, 47.1432], [22.5486, 47.1496], [22.5338, 47.1498], [22.5396, 47.1615], [22.5314, 47.1691], [22.5082, 47.1656], [22.4936, 47.1853], [22.5116, 47.1962], [22.508, 47.2147], [22.5158, 47.207], [22.522, 47.2082], [22.511, 47.2196], [22.5168, 47.2327], [22.5399, 47.2339], [22.5612, 47.2518], [22.5583, 47.2612], [22.5514, 47.2606], [22.5606, 47.2647], [22.5525, 47.2724], [22.5469, 47.2692], [22.5471, 47.2809], [22.5535, 47.2815], [22.5477, 47.2982], [22.5609, 47.3071], [22.5806, 47.3012], [22.576, 47.3082], [22.5872, 47.3272], [22.6079, 47.328], [22.6121, 47.3399], [22.5848, 47.358], [22.57, 47.3571], [22.5772, 47.3663], [22.5597, 47.3802], [22.5684, 47.3834], [22.566, 47.3919], [22.551, 47.401], [22.5307, 47.3992], [22.5294, 47.4186], [22.5118, 47.4233], [22.5019, 47.4175], [22.5033, 47.4235], [22.4911, 47.4254], [22.4739, 47.4212], [22.4593, 47.4319], [22.4328, 47.422], [22.4213, 47.4321], [22.4073, 47.4339], [22.3816, 47.4271], [22.3581, 47.4295], [22.341, 47.4556], [22.3394, 47.4924], [22.2883, 47.5065], [22.2922, 47.5093], [22.2861, 47.5158], [22.2957, 47.5197], [22.2897, 47.5404], [22.2854, 47.5349], [22.2557, 47.5398], [22.261, 47.5643], [22.2362, 47.5652], [22.2298, 47.5824], [22.2136, 47.5859], [22.2073, 47.5964], [22.1963, 47.5998], [22.1808, 47.6001], [22.1704, 47.5916], [22.1282, 47.598], [22.1288, 47.5888], [22.0937, 47.5581], [22.0792, 47.5623], [22.0553, 47.5485], [22.0714, 47.538], [22.0615, 47.529], [22.0455, 47.5398], [22.0242, 47.52], [22.0071, 47.4833], [22.0209, 47.4545], [22.0328, 47.451], [22.0259, 47.4424], [22.0353, 47.4274], [22.0297, 47.4227], [22.0355, 47.4132], [22.0223, 47.3897], [22.0119, 47.3757], [21.9615, 47.3812], [21.9385, 47.373], [21.9216, 47.3415], [21.8962, 47.3163], [21.8862, 47.2897], [21.8787, 47.2874], [21.8879, 47.2721], [21.8701, 47.2618], [21.8518, 47.2392], [21.8469, 47.2238], [21.8581, 47.2202], [21.858, 47.187], [21.8175, 47.1728], [21.8003, 47.1307], [21.7914, 47.124], [21.7926, 47.1066], [21.7708, 47.1089], [21.7261, 47.0985], [21.7128, 47.0826], [21.7164, 47.0749], [21.7013, 47.0683], [21.7048, 47.0634], [21.6826, 47.0457], [21.6487, 47.0404], [21.6608, 47.0206], [21.6779, 47.0184], [21.6811, 47.0062], [21.689, 47.0018], [21.6793, 46.998], [21.6679, 46.9702], [21.6818, 46.9669], [21.6803, 46.9629], [21.6732, 46.9537], [21.658, 46.956], [21.6383, 46.933], [21.5987, 46.9275], [21.599, 46.9092], [21.6071, 46.9043], [21.6142, 46.8865], [21.6035, 46.885], [21.6019, 46.8664], [21.5202, 46.8373], [21.5187, 46.7999], [21.5092, 46.7834], [21.4902, 46.7758], [21.4832, 46.7647], [21.4848, 46.7585], [21.5267, 46.7392], [21.5293, 46.7208], [21.5111, 46.7117], [21.5076, 46.6981], [21.4922, 46.686], [21.4727, 46.6957], [21.4512, 46.6885], [21.4344, 46.6956], [21.4276, 46.6893]]]}, "properties": {"code": "BH", "name": "Bihor", "name_1977": "", "geometry_basis": "modern_osm", "boundary_note": "", "in_table_II1": 0, "n_metrics": 0, "n_mentions": 0, "damaged_reported": null, "damaged_class": "", "damaged_metric": ""}}, {"type": "Feature", "id": "BN", "geometry": {"type": "Polygon", "coordinates": [[[23.9186, 47.2548], [23.9367, 47.2115], [23.936, 47.1993], [23.9506, 47.1766], [23.9585, 47.1741], [23.9583, 47.1622], [24.0053, 47.167], [24.0021, 47.1758], [24.0167, 47.1783], [24.0285, 47.1638], [24.0238, 47.1549], [24.0142, 47.1586], [24.0115, 47.1505], [24.0175, 47.1425], [24.0262, 47.1459], [24.0393, 47.1403], [24.0405, 47.1326], [24.0716, 47.1283], [24.0702, 47.1182], [24.0879, 47.1152], [24.0965, 47.127], [24.1078, 47.1241], [24.1103, 47.1109], [24.1204, 47.1059], [24.1195, 47.0979], [24.1473, 47.0896], [24.1312, 47.0879], [24.1342, 47.0741], [24.1239, 47.0664], [24.1264, 47.0604], [24.1146, 47.0506], [24.1166, 47.0414], [24.1036, 47.0272], [24.1153, 47.0221], [24.1159, 47.0112], [24.0979, 46.9891], [24.1181, 46.974], [24.1139, 46.9606], [24.1416, 46.9673], [24.1755, 46.9632], [24.1704, 46.9581], [24.1783, 46.9535], [24.1614, 46.9479], [24.1615, 46.9336], [24.1853, 46.9289], [24.1926, 46.9351], [24.1936, 46.9242], [24.1868, 46.9218], [24.2096, 46.912], [24.2274, 46.8884], [24.2121, 46.8852], [24.2191, 46.8739], [24.1993, 46.8526], [24.2106, 46.8394], [24.1888, 46.8311], [24.1969, 46.8202], [24.1885, 46.8122], [24.1921, 46.8065], [24.1778, 46.8065], [24.217, 46.7879], [24.2114, 46.7835], [24.2403, 46.7746], [24.2349, 46.7729], [24.3012, 46.7531], [24.3088, 46.7582], [24.3384, 46.7578], [24.3621, 46.7463], [24.401, 46.7505], [24.3988, 46.7587], [24.4093, 46.7721], [24.4256, 46.7762], [24.4521, 46.7657], [24.4722, 46.7829], [24.4622, 46.7915], [24.4602, 46.785], [24.4493, 46.7891], [24.4634, 46.8116], [24.4582, 46.8201], [24.4904, 46.8401], [24.5037, 46.8396], [24.5033, 46.8514], [24.5272, 46.854], [24.5328, 46.8705], [24.5383, 46.8678], [24.5389, 46.8764], [24.532, 46.8812], [24.5403, 46.8913], [24.5318, 46.899], [24.5324, 46.907], [24.5604, 46.9054], [24.5701, 46.9145], [24.5845, 46.9152], [24.5787, 46.9259], [24.5943, 46.9452], [24.6229, 46.943], [24.6292, 46.9513], [24.6449, 46.9369], [24.64, 46.9255], [24.6534, 46.9232], [24.6464, 46.9192], [24.6577, 46.9091], [24.6937, 46.9082], [24.7086, 46.9021], [24.725, 46.9037], [24.7284, 46.9113], [24.7456, 46.9058], [24.7536, 46.9143], [24.7217, 46.9324], [24.741, 46.9531], [24.7332, 46.9574], [24.745, 46.9721], [24.74, 46.9731], [24.7404, 46.9816], [24.7742, 47.0085], [24.793, 47.0494], [24.8542, 47.0959], [24.8971, 47.1093], [24.9055, 47.1005], [24.9321, 47.096], [24.9534, 47.1199], [25.0135, 47.1112], [25.0323, 47.1194], [25.0424, 47.1328], [25.0634, 47.1366], [25.0661, 47.1428], [25.0576, 47.1506], [25.0672, 47.1668], [25.0566, 47.188], [25.0583, 47.2014], [25.0443, 47.2161], [25.0749, 47.2462], [25.0796, 47.2586], [25.0281, 47.2868], [25.0475, 47.3037], [25.0775, 47.3117], [25.0727, 47.3295], [25.0771, 47.3408], [25.0603, 47.3533], [25.0694, 47.3699], [25.0626, 47.3792], [25.04, 47.3804], [25.0333, 47.3943], [24.9828, 47.424], [24.9995, 47.4202], [25.0267, 47.4358], [25.0583, 47.4165], [25.0503, 47.4255], [25.0524, 47.431], [25.0776, 47.4382], [25.0909, 47.4489], [25.0812, 47.454], [25.0662, 47.4502], [25.0603, 47.4625], [25.047, 47.4702], [25.0454, 47.481], [25.0615, 47.4813], [25.0938, 47.504], [25.0951, 47.5162], [25.0665, 47.5304], [25.052, 47.5605], [25.0078, 47.5688], [24.9911, 47.5805], [24.9922, 47.5856], [24.9617, 47.597], [24.8991, 47.603], [24.8608, 47.5913], [24.8294, 47.5968], [24.8216, 47.5931], [24.8073, 47.5667], [24.7874, 47.577], [24.7553, 47.5713], [24.7254, 47.5759], [24.6912, 47.5585], [24.6596, 47.554], [24.6519, 47.5583], [24.6521, 47.5675], [24.6319, 47.5758], [24.6045, 47.5686], [24.5815, 47.5705], [24.5656, 47.5627], [24.5528, 47.5735], [24.4564, 47.5953], [24.4382, 47.5906], [24.3865, 47.6084], [24.3609, 47.5747], [24.3427, 47.5654], [24.326, 47.5668], [24.3032, 47.5791], [24.302, 47.5582], [24.2794, 47.5442], [24.278, 47.53], [24.2678, 47.5175], [24.2524, 47.5188], [24.2411, 47.5004], [24.2166, 47.5036], [24.2052, 47.498], [24.1975, 47.5063], [24.1669, 47.5057], [24.1534, 47.5028], [24.1536, 47.4948], [24.1414, 47.4875], [24.1272, 47.4994], [24.1229, 47.4966], [24.1183, 47.4798], [24.1285, 47.4794], [24.1225, 47.4747], [24.13, 47.4656], [24.119, 47.4613], [24.1266, 47.4583], [24.118, 47.4473], [24.1245, 47.4382], [24.1104, 47.4335], [24.103, 47.4216], [24.0857, 47.4176], [24.0843, 47.4109], [24.0724, 47.4097], [24.0763, 47.4028], [24.0608, 47.3776], [24.0378, 47.3741], [24.0328, 47.3622], [24.0227, 47.362], [24.0178, 47.3445], [24.0268, 47.3314], [24.022, 47.3291], [24.0294, 47.3248], [24.0184, 47.3173], [24.0212, 47.3142], [24.0086, 47.313], [24.0071, 47.3046], [23.9821, 47.3213], [23.9716, 47.3117], [23.9595, 47.317], [23.9492, 47.3056], [23.9405, 47.3091], [23.9268, 47.2985], [23.9347, 47.2848], [23.9306, 47.2743], [23.9213, 47.2733], [23.9186, 47.2548]]]}, "properties": {"code": "BN", "name": "Bistrița-Năsăud", "name_1977": "", "geometry_basis": "modern_osm", "boundary_note": "", "in_table_II1": 0, "n_metrics": 0, "n_mentions": 0, "damaged_reported": null, "damaged_class": "", "damaged_metric": ""}}, {"type": "Feature", "id": "BT", "geometry": {"type": "Polygon", "coordinates": [[[26.0984, 47.978], [26.1216, 47.9703], [26.1099, 47.9626], [26.1311, 47.9533], [26.1229, 47.9456], [26.1286, 47.9422], [26.1266, 47.9315], [26.1839, 47.9195], [26.1833, 47.9093], [26.192, 47.9078], [26.1824, 47.8996], [26.1841, 47.8921], [26.1954, 47.8913], [26.1994, 47.8844], [26.2288, 47.9001], [26.2727, 47.8758], [26.2641, 47.8685], [26.2825, 47.8563], [26.2938, 47.8628], [26.2948, 47.8557], [26.311, 47.8492], [26.3028, 47.8456], [26.3066, 47.8412], [26.3007, 47.8356], [26.3124, 47.8367], [26.3109, 47.829], [26.325, 47.8308], [26.3165, 47.8265], [26.3176, 47.8198], [26.324, 47.8194], [26.3184, 47.8146], [26.3697, 47.774], [26.4062, 47.7842], [26.4063, 47.754], [26.3908, 47.7451], [26.3957, 47.7423], [26.3921, 47.7383], [26.4001, 47.733], [26.3971, 47.7414], [26.4205, 47.7483], [26.4277, 47.7406], [26.4399, 47.743], [26.4323, 47.7263], [26.4461, 47.7336], [26.4675, 47.716], [26.4593, 47.7139], [26.4638, 47.7067], [26.5075, 47.6635], [26.4967, 47.6587], [26.5051, 47.6596], [26.5032, 47.6549], [26.5199, 47.6518], [26.5176, 47.6476], [26.5438, 47.644], [26.537, 47.6379], [26.5428, 47.6318], [26.5361, 47.6194], [26.5469, 47.6179], [26.5521, 47.6092], [26.5458, 47.6059], [26.5482, 47.6002], [26.5372, 47.5983], [26.548, 47.5912], [26.5419, 47.5824], [26.5581, 47.5791], [26.5631, 47.5562], [26.5825, 47.539], [26.578, 47.5354], [26.6039, 47.5327], [26.6048, 47.5206], [26.5504, 47.5117], [26.5606, 47.4956], [26.58, 47.4978], [26.5891, 47.4906], [26.5874, 47.4625], [26.7268, 47.4729], [26.7156, 47.486], [26.6975, 47.4929], [26.7041, 47.4994], [26.6985, 47.5096], [26.7175, 47.5154], [26.7509, 47.503], [26.7879, 47.4999], [26.8178, 47.508], [26.8377, 47.4973], [26.8791, 47.4916], [26.9774, 47.4962], [26.9905, 47.4926], [27.0084, 47.4755], [27.0068, 47.4855], [27.0166, 47.4691], [27.01, 47.4725], [27.0053, 47.4665], [27.0224, 47.4613], [27.0419, 47.4383], [27.0498, 47.4517], [27.0492, 47.4662], [27.0823, 47.4644], [27.0725, 47.5128], [27.1, 47.5479], [27.1445, 47.5417], [27.1497, 47.5292], [27.1591, 47.5352], [27.1796, 47.5174], [27.2172, 47.5208], [27.2232, 47.5131], [27.2295, 47.515], [27.2247, 47.5223], [27.2591, 47.5291], [27.2463, 47.5427], [27.2541, 47.5526], [27.2466, 47.5565], [27.2636, 47.5712], [27.2817, 47.5682], [27.288, 47.574], [27.295, 47.567], [27.3056, 47.5719], [27.3011, 47.576], [27.3284, 47.5723], [27.3913, 47.5894], [27.3718, 47.5981], [27.3589, 47.6209], [27.3333, 47.6277], [27.3146, 47.6432], [27.3083, 47.6611], [27.2949, 47.6623], [27.2961, 47.6806], [27.2736, 47.689], [27.2823, 47.7009], [27.2703, 47.7001], [27.2676, 47.712], [27.251, 47.7196], [27.2649, 47.7331], [27.2674, 47.7265], [27.2931, 47.7233], [27.2949, 47.7282], [27.2807, 47.7367], [27.298, 47.7508], [27.2787, 47.7506], [27.2864, 47.7557], [27.28, 47.7641], [27.2657, 47.7595], [27.2663, 47.7798], [27.2525, 47.7783], [27.2496, 47.794], [27.2315, 47.7982], [27.2307, 47.8062], [27.2418, 47.8157], [27.2158, 47.8173], [27.2233, 47.8317], [27.2343, 47.825], [27.2473, 47.8303], [27.2466, 47.8362], [27.2064, 47.8391], [27.195, 47.8482], [27.2139, 47.8501], [27.1971, 47.8727], [27.2067, 47.8912], [27.1997, 47.901], [27.1685, 47.9152], [27.1427, 47.9155], [27.1772, 47.9439], [27.1725, 47.9525], [27.1435, 47.9657], [27.1532, 47.9717], [27.1632, 47.9958], [27.1233, 47.993], [27.1173, 47.9993], [27.1262, 48.0135], [27.0985, 48.0053], [27.0892, 48.0089], [27.0921, 48.0222], [27.1084, 48.0304], [27.0839, 48.0345], [27.0824, 48.0499], [27.0477, 48.0672], [27.0425, 48.0811], [27.0263, 48.088], [27.0407, 48.1053], [27.0337, 48.117], [27.0399, 48.129], [27.0227, 48.1253], [27.0286, 48.1373], [27.0179, 48.1376], [27.0008, 48.1218], [26.9593, 48.1332], [26.9516, 48.1429], [26.9548, 48.1521], [26.9787, 48.1438], [26.9917, 48.1504], [26.9775, 48.1603], [26.9349, 48.1644], [26.9323, 48.1701], [26.9497, 48.1842], [26.9452, 48.1943], [26.9146, 48.1989], [26.9209, 48.1827], [26.9034, 48.1807], [26.8927, 48.1928], [26.9088, 48.2013], [26.8855, 48.2016], [26.8602, 48.2187], [26.8517, 48.2342], [26.8317, 48.2265], [26.8261, 48.2449], [26.8166, 48.2454], [26.8094, 48.2544], [26.7864, 48.2499], [26.7833, 48.2431], [26.7656, 48.2484], [26.7358, 48.2444], [26.743, 48.2542], [26.7275, 48.258], [26.7312, 48.2486], [26.7212, 48.2464], [26.7004, 48.2655], [26.6856, 48.2504], [26.6662, 48.2464], [26.6627, 48.2639], [26.646, 48.2525], [26.6345, 48.2621], [26.6291, 48.2472], [26.6147, 48.2513], [26.6221, 48.2409], [26.6003, 48.2379], [26.5876, 48.2468], [26.5737, 48.2408], [26.5687, 48.2316], [26.572, 48.2194], [26.5496, 48.2253], [26.5503, 48.2166], [26.53, 48.2098], [26.474, 48.2178], [26.4603, 48.2156], [26.4627, 48.2098], [26.4541, 48.2049], [26.423, 48.2022], [26.4046, 48.1894], [26.3815, 48.1869], [26.3786, 48.191], [26.3864, 48.1943], [26.3771, 48.1989], [26.3614, 48.1852], [26.3492, 48.1915], [26.3488, 48.1833], [26.3288, 48.1805], [26.3342, 48.1595], [26.2982, 48.1337], [26.2727, 48.0821], [26.2123, 48.0509], [26.1941, 48.0021], [26.171, 47.9908], [26.1371, 47.9842], [26.1266, 47.9877], [26.0984, 47.978]]]}, "properties": {"code": "BT", "name": "Botoșani", "name_1977": "", "geometry_basis": "modern_osm", "boundary_note": "", "in_table_II1": 0, "n_metrics": 0, "n_mentions": 0, "damaged_reported": null, "damaged_class": "", "damaged_metric": ""}}, {"type": "Feature", "id": "BV", "geometry": {"type": "Polygon", "coordinates": [[[24.6392, 45.7951], [24.6443, 45.7911], [24.6429, 45.7655], [24.6816, 45.7095], [24.6746, 45.6839], [24.683, 45.6707], [24.6773, 45.6632], [24.6784, 45.6466], [24.6693, 45.6401], [24.6749, 45.6161], [24.6852, 45.6039], [24.7286, 45.6084], [24.7364, 45.6031], [24.7723, 45.6112], [24.7925, 45.6024], [24.8106, 45.6107], [24.8298, 45.6065], [24.8364, 45.592], [24.9172, 45.5946], [24.9415, 45.5821], [24.9581, 45.5927], [24.9833, 45.5862], [25.0361, 45.5927], [25.0806, 45.5818], [25.1032, 45.5852], [25.189, 45.5228], [25.2034, 45.5197], [25.2116, 45.5269], [25.2368, 45.5178], [25.2332, 45.5118], [25.2421, 45.4939], [25.2384, 45.4755], [25.2574, 45.452], [25.2759, 45.4421], [25.262, 45.4378], [25.2535, 45.4288], [25.2554, 45.4225], [25.2726, 45.4074], [25.3011, 45.423], [25.3123, 45.3992], [25.308, 45.3895], [25.3216, 45.3811], [25.3627, 45.3916], [25.4033, 45.3866], [25.4094, 45.3943], [25.4127, 45.4296], [25.4517, 45.441], [25.4607, 45.4535], [25.4764, 45.453], [25.4981, 45.4674], [25.5116, 45.4704], [25.5329, 45.4589], [25.5724, 45.4677], [25.5993, 45.4625], [25.63, 45.4961], [25.6428, 45.4921], [25.681, 45.5006], [25.7265, 45.4654], [25.7659, 45.4656], [25.7865, 45.4818], [25.8199, 45.4556], [25.8284, 45.4388], [25.8224, 45.4316], [25.8654, 45.4225], [25.8692, 45.4359], [25.8898, 45.447], [25.8875, 45.4668], [25.8973, 45.4782], [25.891, 45.4879], [25.921, 45.522], [25.9378, 45.5125], [25.9674, 45.5078], [25.9952, 45.5144], [26.0088, 45.5042], [26.0134, 45.4902], [26.0467, 45.4784], [26.0655, 45.4853], [26.0664, 45.5021], [26.0784, 45.5127], [26.0934, 45.5163], [26.0894, 45.5216], [26.1047, 45.5499], [26.0949, 45.557], [26.0929, 45.5726], [26.0718, 45.5778], [26.0548, 45.5938], [26.066, 45.6064], [26.0554, 45.6119], [26.0566, 45.6169], [26.0188, 45.6155], [26.0129, 45.6238], [26.0202, 45.6374], [26.0024, 45.6488], [25.9963, 45.6449], [25.9513, 45.6524], [25.9719, 45.6661], [25.9725, 45.6872], [25.9411, 45.6918], [25.9083, 45.7103], [25.8604, 45.7077], [25.8543, 45.7225], [25.8411, 45.7306], [25.8371, 45.7224], [25.8216, 45.7258], [25.8211, 45.7333], [25.8265, 45.7323], [25.8268, 45.743], [25.8332, 45.7475], [25.7879, 45.7536], [25.7904, 45.7645], [25.7654, 45.7564], [25.7436, 45.77], [25.7027, 45.7738], [25.6973, 45.7613], [25.6777, 45.7478], [25.6628, 45.7483], [25.6774, 45.7584], [25.6713, 45.7638], [25.6759, 45.7738], [25.6647, 45.7818], [25.6649, 45.7887], [25.6502, 45.8], [25.6487, 45.7947], [25.6419, 45.7981], [25.6388, 45.8024], [25.6469, 45.805], [25.6429, 45.8092], [25.6224, 45.8091], [25.6162, 45.8213], [25.6238, 45.8241], [25.5852, 45.8278], [25.5678, 45.8361], [25.5569, 45.8714], [25.5578, 45.8765], [25.5835, 45.883], [25.5899, 45.8802], [25.5807, 45.8755], [25.5896, 45.8728], [25.6009, 45.8871], [25.641, 45.8952], [25.6396, 45.901], [25.6096, 45.8915], [25.5708, 45.8972], [25.5551, 45.8962], [25.5543, 45.8901], [25.5412, 45.892], [25.55, 45.8935], [25.5437, 45.8959], [25.5537, 45.9005], [25.5487, 45.9067], [25.5634, 45.9146], [25.546, 45.9265], [25.5404, 45.9391], [25.5466, 45.9483], [25.5392, 45.956], [25.5413, 45.9842], [25.5433, 45.9898], [25.5536, 45.9882], [25.5457, 45.9967], [25.5686, 46.0027], [25.5821, 46.0214], [25.56, 46.0363], [25.5622, 46.053], [25.5551, 46.048], [25.5556, 46.0554], [25.5478, 46.0519], [25.5461, 46.0561], [25.544, 46.0487], [25.5338, 46.0527], [25.501, 46.0464], [25.4508, 46.0734], [25.4544, 46.12], [25.4493, 46.1249], [25.4071, 46.1239], [25.4104, 46.129], [25.4049, 46.1327], [25.3756, 46.1347], [25.3325, 46.1777], [25.2727, 46.1708], [25.2663, 46.1755], [25.2734, 46.1872], [25.2616, 46.1905], [25.2514, 46.1773], [25.2661, 46.1686], [25.2506, 46.1416], [25.2184, 46.1513], [25.1888, 46.171], [25.1495, 46.1586], [25.1357, 46.1473], [25.129, 46.1501], [25.1258, 46.1424], [25.079, 46.1514], [25.0458, 46.1333], [25.0156, 46.1464], [24.9932, 46.1289], [24.975, 46.1239], [24.958, 46.1122], [24.9463, 46.0935], [24.9559, 46.0908], [24.9466, 46.0791], [24.9484, 46.0726], [24.9651, 46.0618], [24.9077, 46.0381], [24.8894, 46.0397], [24.8755, 46.0299], [24.8655, 46.0096], [24.8212, 46.0101], [24.8252, 45.996], [24.8388, 45.9866], [24.8355, 45.9778], [24.7687, 45.9756], [24.7718, 45.9626], [24.749, 45.9351], [24.7209, 45.9459], [24.703, 45.9402], [24.6998, 45.9319], [24.7073, 45.9278], [24.7152, 45.8957], [24.7552, 45.871], [24.7721, 45.8675], [24.7735, 45.8397], [24.7535, 45.8424], [24.7343, 45.8361], [24.7183, 45.8409], [24.7251, 45.8266], [24.7131, 45.8162], [24.6881, 45.8364], [24.6843, 45.8245], [24.661, 45.8176], [24.6576, 45.8082], [24.6432, 45.803], [24.6392, 45.7951]]]}, "properties": {"code": "BV", "name": "Brașov", "name_1977": "Județul Brașov", "geometry_basis": "modern_osm", "boundary_note": "", "in_table_II1": 1, "n_metrics": 3, "n_mentions": 0, "damaged_reported": 1090, "damaged_class": "buildings", "damaged_metric": "cm014"}}, {"type": "Feature", "id": "BR", "geometry": {"type": "Polygon", "coordinates": [[[27.0663, 45.1585], [27.0977, 45.1305], [27.1145, 45.1374], [27.112, 45.1564], [27.1496, 45.1712], [27.167, 45.1098], [27.1874, 45.109], [27.1755, 45.1057], [27.1778, 45.0912], [27.1878, 45.0876], [27.1887, 45.0921], [27.2054, 45.0926], [27.1976, 45.028], [27.2477, 45.0271], [27.2464, 45.0205], [27.2533, 45.021], [27.2493, 44.9949], [27.2801, 44.9976], [27.2349, 44.8691], [27.2106, 44.8727], [27.216, 44.8713], [27.2129, 44.8638], [27.2315, 44.8593], [27.2116, 44.8069], [27.1912, 44.8118], [27.1891, 44.8069], [27.2078, 44.7969], [27.2035, 44.7871], [27.2236, 44.7826], [27.2216, 44.7753], [27.2576, 44.7497], [27.2886, 44.7858], [27.3096, 44.7747], [27.3411, 44.8026], [27.382, 44.7747], [27.3916, 44.7834], [27.4078, 44.773], [27.4368, 44.799], [27.478, 44.7752], [27.484, 44.7804], [27.5033, 44.7801], [27.5031, 44.7744], [27.5268, 44.774], [27.5216, 44.7889], [27.5288, 44.7886], [27.7219, 44.7651], [27.7231, 44.7778], [27.7442, 44.7792], [27.7437, 44.7884], [27.7255, 44.7941], [27.7283, 44.8017], [27.7505, 44.8078], [27.7756, 44.805], [27.7886, 44.8188], [27.8002, 44.8148], [27.8184, 44.8204], [27.8265, 44.82], [27.8205, 44.7974], [27.828, 44.7812], [27.8738, 44.7742], [27.881, 44.7631], [27.8972, 44.7724], [27.9481, 44.7806], [27.9997, 44.7587], [28.0248, 44.7639], [28.0349, 44.7601], [28.0668, 44.7863], [28.074, 44.8161], [28.0972, 44.8466], [28.1042, 44.8662], [28.1346, 44.8803], [28.1421, 44.8896], [28.1271, 44.902], [28.1251, 44.9156], [28.1303, 44.9431], [28.1511, 44.9736], [28.1428, 44.979], [28.1294, 45.0132], [28.1348, 45.028], [28.153, 45.0381], [28.1379, 45.0671], [28.1355, 45.1014], [28.1762, 45.1024], [28.1792, 45.1082], [28.1703, 45.124], [28.1974, 45.1374], [28.0917, 45.1899], [28.1302, 45.2331], [28.1148, 45.2589], [28.0958, 45.2497], [28.0681, 45.2522], [28.0285, 45.2644], [27.9948, 45.2867], [27.9992, 45.3082], [28.0229, 45.3522], [28.0306, 45.4043], [28.0058, 45.3961], [27.9933, 45.4005], [27.9841, 45.3905], [27.9467, 45.4053], [27.9168, 45.407], [27.8891, 45.4201], [27.874, 45.4179], [27.8655, 45.4058], [27.8702, 45.3991], [27.8612, 45.3965], [27.8219, 45.3965], [27.7883, 45.4062], [27.783, 45.4223], [27.7412, 45.4142], [27.7383, 45.4195], [27.7508, 45.4481], [27.7328, 45.4394], [27.7381, 45.4367], [27.7181, 45.4409], [27.7168, 45.4335], [27.6733, 45.4462], [27.6834, 45.4615], [27.6886, 45.4605], [27.6815, 45.4666], [27.6923, 45.471], [27.695, 45.4796], [27.6602, 45.4724], [27.6642, 45.4898], [27.6575, 45.4912], [27.653, 45.4895], [27.655, 45.4798], [27.6436, 45.4777], [27.6462, 45.4621], [27.6288, 45.4547], [27.6241, 45.4662], [27.6116, 45.4643], [27.6141, 45.4735], [27.6027, 45.4776], [27.6056, 45.4822], [27.5622, 45.4908], [27.4328, 45.4097], [27.4294, 45.4056], [27.4417, 45.3757], [27.3984, 45.3616], [27.4079, 45.353], [27.4089, 45.3404], [27.3798, 45.3298], [27.3891, 45.3126], [27.3902, 45.2867], [27.3717, 45.2817], [27.3739, 45.2761], [27.3657, 45.2726], [27.3257, 45.2918], [27.3125, 45.2922], [27.328, 45.276], [27.3194, 45.2615], [27.3398, 45.2527], [27.3279, 45.2387], [27.3517, 45.2314], [27.3395, 45.2157], [27.3501, 45.2122], [27.2924, 45.2135], [27.2837, 45.2001], [27.2427, 45.2203], [27.2391, 45.2099], [27.1751, 45.2493], [27.1183, 45.2149], [27.1148, 45.202], [27.0663, 45.1585]]]}, "properties": {"code": "BR", "name": "Brăila", "name_1977": "Județul Brăila", "geometry_basis": "modern_osm", "boundary_note": "", "in_table_II1": 1, "n_metrics": 2, "n_mentions": 2, "damaged_reported": 2544, "damaged_class": "buildings_local_council", "damaged_metric": "cm018"}}, {"type": "Feature", "id": "BZ", "geometry": {"type": "Polygon", "coordinates": [[[26.0727, 45.5063], [26.0922, 45.484], [26.1228, 45.4757], [26.149, 45.4572], [26.1434, 45.4108], [26.1681, 45.3955], [26.1581, 45.3904], [26.1535, 45.377], [26.1603, 45.3629], [26.1888, 45.3559], [26.2101, 45.3276], [26.224, 45.3256], [26.2329, 45.3158], [26.2302, 45.3061], [26.2211, 45.3052], [26.1853, 45.2788], [26.2234, 45.2737], [26.2315, 45.2564], [26.2261, 45.2444], [26.2421, 45.2374], [26.2336, 45.234], [26.2462, 45.2232], [26.2496, 45.1993], [26.2565, 45.2013], [26.2564, 45.2087], [26.3029, 45.2021], [26.3261, 45.2169], [26.3564, 45.2144], [26.3457, 45.1962], [26.3459, 45.1869], [26.3535, 45.1807], [26.3523, 45.1654], [26.3757, 45.1583], [26.3968, 45.1784], [26.4213, 45.1751], [26.4604, 45.1981], [26.4606, 45.1662], [26.4695, 45.1383], [26.4563, 45.1361], [26.4565, 45.1289], [26.4495, 45.1261], [26.4562, 45.0816], [26.4433, 45.0756], [26.4688, 45.0634], [26.492, 45.0054], [26.5019, 44.9995], [26.5136, 45.004], [26.51, 45.0129], [26.5296, 45.0149], [26.5346, 45.003], [26.5608, 44.9941], [26.5793, 44.9611], [26.5928, 44.964], [26.5999, 44.9558], [26.5316, 44.9392], [26.5363, 44.9101], [26.5539, 44.9152], [26.5849, 44.8824], [26.5931, 44.8862], [26.6084, 44.8722], [26.6009, 44.8678], [26.631, 44.8136], [26.6448, 44.823], [26.6787, 44.8088], [26.714, 44.8195], [26.7187, 44.8092], [26.7766, 44.8151], [26.8102, 44.7953], [26.8168, 44.8041], [26.8304, 44.7977], [26.8465, 44.8149], [26.8658, 44.8061], [26.8784, 44.8203], [26.9084, 44.8052], [26.9733, 44.7883], [27.008, 44.8245], [27.0566, 44.7968], [27.1109, 44.782], [27.0979, 44.7449], [27.1341, 44.7355], [27.1374, 44.7417], [27.1792, 44.7353], [27.1875, 44.7513], [27.1482, 44.7679], [27.1556, 44.7888], [27.203, 44.786], [27.2078, 44.7969], [27.1891, 44.8069], [27.1912, 44.8118], [27.2116, 44.8069], [27.2315, 44.8593], [27.2129, 44.8638], [27.216, 44.8713], [27.2106, 44.8727], [27.2349, 44.8691], [27.2809, 44.9951], [27.2493, 44.9949], [27.2533, 45.021], [27.2464, 45.0205], [27.2477, 45.0271], [27.1976, 45.028], [27.2054, 45.0926], [27.1887, 45.0921], [27.1878, 45.0876], [27.1778, 45.0912], [27.1755, 45.1057], [27.1874, 45.109], [27.167, 45.1098], [27.1496, 45.1712], [27.112, 45.1564], [27.1145, 45.1374], [27.0977, 45.1305], [27.0663, 45.1585], [27.1148, 45.202], [27.1183, 45.2149], [27.1751, 45.2493], [27.2391, 45.2099], [27.2427, 45.2203], [27.2837, 45.2001], [27.2924, 45.2135], [27.3501, 45.2122], [27.3395, 45.2157], [27.3517, 45.2314], [27.3279, 45.2387], [27.3398, 45.2527], [27.3194, 45.2615], [27.328, 45.276], [27.3125, 45.2922], [27.3257, 45.2918], [27.3657, 45.2726], [27.3739, 45.2761], [27.3717, 45.2817], [27.3902, 45.2867], [27.3891, 45.3126], [27.3798, 45.3298], [27.4097, 45.3427], [27.3984, 45.3616], [27.4417, 45.3757], [27.4348, 45.3947], [27.4015, 45.377], [27.3944, 45.3833], [27.3554, 45.3712], [27.3366, 45.3713], [27.3396, 45.3835], [27.27, 45.3902], [27.2646, 45.4205], [27.2803, 45.4268], [27.2795, 45.4544], [27.2567, 45.4494], [27.241, 45.4299], [27.2234, 45.4276], [27.2043, 45.4528], [27.1944, 45.4534], [27.1748, 45.4277], [27.1435, 45.4105], [27.1148, 45.4093], [27.1201, 45.4208], [27.1041, 45.426], [27.1127, 45.4348], [27.1067, 45.4385], [27.1204, 45.4477], [27.1429, 45.4513], [27.1583, 45.4652], [27.1402, 45.4728], [27.1362, 45.4656], [27.1273, 45.4663], [27.1093, 45.4749], [27.0899, 45.4459], [27.0454, 45.4526], [27.0182, 45.4781], [27.0022, 45.4849], [26.9751, 45.532], [26.9859, 45.5377], [26.9641, 45.5337], [26.9483, 45.5219], [26.9385, 45.532], [26.9061, 45.5328], [26.9034, 45.5387], [26.9002, 45.5234], [26.8902, 45.5168], [26.8531, 45.5254], [26.8339, 45.5178], [26.8176, 45.5288], [26.8054, 45.5478], [26.7922, 45.5523], [26.7485, 45.5484], [26.7391, 45.5569], [26.7469, 45.5625], [26.7434, 45.5665], [26.7189, 45.5719], [26.6816, 45.6087], [26.6478, 45.609], [26.6153, 45.628], [26.5936, 45.6203], [26.5797, 45.6333], [26.561, 45.6279], [26.5508, 45.6297], [26.5412, 45.6419], [26.5301, 45.6408], [26.4928, 45.6769], [26.483, 45.7011], [26.4672, 45.7046], [26.4668, 45.7193], [26.4357, 45.7397], [26.4434, 45.7516], [26.441, 45.7764], [26.3921, 45.8024], [26.3833, 45.7827], [26.3894, 45.7668], [26.3807, 45.7497], [26.3845, 45.7362], [26.371, 45.7338], [26.3648, 45.7227], [26.3534, 45.7225], [26.3572, 45.7121], [26.3323, 45.6856], [26.3332, 45.6688], [26.3242, 45.6491], [26.3292, 45.6318], [26.3107, 45.6031], [26.301, 45.6053], [26.2817, 45.5858], [26.253, 45.6007], [26.2496, 45.6118], [26.2553, 45.6182], [26.2461, 45.6262], [26.2128, 45.6218], [26.1854, 45.6083], [26.1749, 45.5794], [26.1801, 45.5741], [26.1723, 45.5633], [26.1552, 45.5768], [26.1555, 45.585], [26.1477, 45.5849], [26.1381, 45.5674], [26.0988, 45.5292], [26.0959, 45.5176], [26.0727, 45.5063]]]}, "properties": {"code": "BZ", "name": "Buzău", "name_1977": "Județul Buzău", "geometry_basis": "modern_osm", "boundary_note": "", "in_table_II1": 0, "n_metrics": 0, "n_mentions": 3, "damaged_reported": null, "damaged_class": "", "damaged_metric": ""}}, {"type": "Feature", "id": "CS", "geometry": {"type": "Polygon", "coordinates": [[[21.3531, 44.8403], [21.3642, 44.8292], [21.3563, 44.8272], [21.3585, 44.8216], [21.3823, 44.8092], [21.391, 44.7846], [21.4006, 44.7774], [21.537, 44.7726], [21.5892, 44.7575], [21.6145, 44.7179], [21.6133, 44.6815], [21.6212, 44.6678], [21.6361, 44.66], [21.6891, 44.6653], [21.7288, 44.6535], [21.7934, 44.6639], [21.8146, 44.6506], [21.842, 44.6543], [21.893, 44.645], [21.9174, 44.6475], [21.9507, 44.6352], [21.9929, 44.6327], [22.0041, 44.6083], [22.0161, 44.5992], [22.0235, 44.6078], [22.062, 44.61], [22.0823, 44.6219], [22.0923, 44.6191], [22.1174, 44.5918], [22.1286, 44.5928], [22.133, 44.6006], [22.1475, 44.5853], [22.1763, 44.6245], [22.1728, 44.6339], [22.1774, 44.6399], [22.1709, 44.6488], [22.1535, 44.6501], [22.1387, 44.6599], [22.1492, 44.6825], [22.1469, 44.7008], [22.1556, 44.7355], [22.1635, 44.7434], [22.1855, 44.7413], [22.2042, 44.7614], [22.1951, 44.7792], [22.2072, 44.7994], [22.2068, 44.8175], [22.2435, 44.8075], [22.2681, 44.7825], [22.3416, 44.7741], [22.3581, 44.7387], [22.3654, 44.7427], [22.3682, 44.7562], [22.3916, 44.7619], [22.4014, 44.7533], [22.4182, 44.7559], [22.4174, 44.7707], [22.4244, 44.7815], [22.4304, 44.7812], [22.4237, 44.8005], [22.4465, 44.8223], [22.4444, 44.8324], [22.4598, 44.8433], [22.4578, 44.851], [22.4708, 44.8607], [22.4763, 44.8765], [22.4865, 44.8812], [22.4888, 44.8941], [22.4822, 44.9069], [22.491, 44.9093], [22.4962, 44.9289], [22.4866, 44.9493], [22.5164, 44.9557], [22.5117, 44.9659], [22.4922, 44.9733], [22.5366, 45.002], [22.5708, 45.0409], [22.5864, 45.0441], [22.6378, 45.0949], [22.6556, 45.1039], [22.6508, 45.1277], [22.6281, 45.1353], [22.5789, 45.1379], [22.5592, 45.1569], [22.6004, 45.2053], [22.6269, 45.2089], [22.6492, 45.2232], [22.6446, 45.2337], [22.665, 45.2358], [22.6866, 45.2536], [22.6888, 45.2745], [22.6773, 45.2826], [22.6966, 45.3031], [22.6923, 45.32], [22.6992, 45.3287], [22.6833, 45.3316], [22.6669, 45.3522], [22.6688, 45.3614], [22.6566, 45.3713], [22.691, 45.3918], [22.7128, 45.4157], [22.7042, 45.4328], [22.7066, 45.461], [22.6975, 45.4624], [22.6897, 45.4927], [22.6762, 45.4966], [22.6687, 45.5066], [22.677, 45.5158], [22.6527, 45.5268], [22.648, 45.5417], [22.6272, 45.5361], [22.641, 45.5531], [22.6366, 45.5711], [22.593, 45.5607], [22.5955, 45.5747], [22.5829, 45.5845], [22.5721, 45.5793], [22.571, 45.5851], [22.5603, 45.5869], [22.5482, 45.581], [22.5444, 45.5953], [22.5124, 45.5953], [22.4944, 45.6182], [22.4743, 45.6239], [22.4535, 45.6472], [22.4539, 45.6604], [22.4265, 45.6689], [22.4194, 45.6637], [22.4008, 45.6688], [22.3893, 45.6625], [22.3581, 45.6674], [22.3175, 45.6607], [22.2975, 45.6361], [22.291, 45.6053], [22.2692, 45.5846], [22.2528, 45.5875], [22.2367, 45.6043], [22.2077, 45.6057], [22.1893, 45.6178], [22.1733, 45.6044], [22.1623, 45.6077], [22.1501, 45.5984], [22.1481, 45.616], [22.1346, 45.5941], [22.1149, 45.5909], [22.1056, 45.5953], [22.074, 45.5719], [22.0453, 45.5915], [22.0366, 45.5871], [22.0492, 45.574], [22.0442, 45.5718], [22.0495, 45.5614], [22.0456, 45.552], [22.0574, 45.5521], [22.0665, 45.5355], [22.0761, 45.5317], [22.0649, 45.5287], [22.0662, 45.5211], [22.0601, 45.5201], [22.0643, 45.5086], [22.0433, 45.5054], [22.0428, 45.4983], [22.0305, 45.4974], [22.0087, 45.5103], [22.0071, 45.5041], [21.9927, 45.5091], [21.9909, 45.5031], [21.9749, 45.5124], [21.9453, 45.5057], [21.9402, 45.5314], [21.9205, 45.5531], [21.9351, 45.5565], [21.9235, 45.5669], [21.8717, 45.5614], [21.8757, 45.5357], [21.8391, 45.5362], [21.8314, 45.5286], [21.817, 45.5271], [21.7473, 45.5446], [21.744, 45.5524], [21.723, 45.5625], [21.7012, 45.5626], [21.702, 45.5737], [21.6744, 45.5858], [21.6479, 45.5802], [21.6284, 45.5682], [21.5999, 45.5711], [21.5978, 45.5566], [21.5725, 45.5347], [21.5852, 45.5304], [21.5711, 45.5214], [21.5844, 45.509], [21.5726, 45.5001], [21.5591, 45.5001], [21.5519, 45.4934], [21.5566, 45.4901], [21.5116, 45.4936], [21.4587, 45.4768], [21.4642, 45.4429], [21.4756, 45.4312], [21.485, 45.4347], [21.4887, 45.4186], [21.4405, 45.4071], [21.4451, 45.3904], [21.4976, 45.3504], [21.4939, 45.3429], [21.5258, 45.3316], [21.5428, 45.2997], [21.5313, 45.2914], [21.5561, 45.2724], [21.5343, 45.2639], [21.5306, 45.2485], [21.5213, 45.2449], [21.5271, 45.2318], [21.5043, 45.2174], [21.5099, 45.2122], [21.5075, 45.2037], [21.5146, 45.202], [21.4774, 45.1945], [21.4931, 45.1732], [21.5148, 45.1712], [21.5288, 45.1473], [21.5274, 45.1379], [21.4785, 45.1212], [21.4697, 45.1053], [21.4834, 45.0913], [21.447, 45.0558], [21.4561, 45.0404], [21.4229, 45.0324], [21.4057, 45.0369], [21.393, 45.0271], [21.3747, 45.0283], [21.3602, 45.0204], [21.3884, 44.9981], [21.4146, 44.9868], [21.4067, 44.9785], [21.4384, 44.9605], [21.4693, 44.9584], [21.5467, 44.9305], [21.5601, 44.889], [21.5107, 44.88], [21.4853, 44.8682], [21.4632, 44.8674], [21.4469, 44.874], [21.4423, 44.8664], [21.4181, 44.8733], [21.4059, 44.8663], [21.3714, 44.8666], [21.3576, 44.85], [21.3614, 44.8404], [21.3531, 44.8403]]]}, "properties": {"code": "CS", "name": "Caraș-Severin", "name_1977": "", "geometry_basis": "modern_osm", "boundary_note": "", "in_table_II1": 0, "n_metrics": 0, "n_mentions": 0, "damaged_reported": null, "damaged_class": "", "damaged_metric": ""}}, {"type": "Feature", "id": "CL", "geometry": {"type": "Polygon", "coordinates": [[[26.2525, 44.3302], [26.2758, 44.3172], [26.2542, 44.2982], [26.2835, 44.2813], [26.3036, 44.2559], [26.315, 44.2579], [26.3459, 44.2418], [26.3602, 44.2419], [26.3613, 44.2231], [26.4005, 44.2242], [26.4011, 44.2081], [26.4158, 44.2038], [26.4159, 44.1986], [26.3998, 44.1975], [26.3999, 44.1854], [26.4096, 44.189], [26.4208, 44.1833], [26.4135, 44.1758], [26.4285, 44.1462], [26.419, 44.1247], [26.3877, 44.1219], [26.3581, 44.1081], [26.3774, 44.0414], [26.4216, 44.0355], [26.5653, 44.058], [26.6097, 44.0538], [26.7052, 44.0809], [26.7551, 44.0759], [26.8304, 44.1065], [26.9394, 44.1384], [26.9881, 44.1316], [27.0465, 44.1486], [27.0588, 44.1368], [27.0849, 44.1336], [27.1478, 44.1406], [27.1866, 44.1199], [27.2101, 44.1161], [27.242, 44.1171], [27.3053, 44.1405], [27.3595, 44.1288], [27.4004, 44.1319], [27.4517, 44.1255], [27.5254, 44.1685], [27.5951, 44.1969], [27.6367, 44.2061], [27.7239, 44.1972], [27.8009, 44.2402], [27.8849, 44.2511], [27.9349, 44.25], [27.965, 44.2713], [27.9974, 44.3054], [28.0175, 44.3403], [27.8551, 44.3801], [27.8426, 44.3679], [27.8348, 44.3473], [27.8134, 44.3341], [27.7997, 44.3384], [27.7891, 44.3551], [27.7719, 44.3443], [27.7625, 44.3478], [27.7486, 44.3619], [27.7564, 44.3659], [27.7456, 44.3817], [27.7699, 44.3948], [27.748, 44.3974], [27.7466, 44.4054], [27.7336, 44.4062], [27.7342, 44.4177], [27.6543, 44.4209], [27.6594, 44.4461], [27.6485, 44.4508], [27.6494, 44.465], [27.6386, 44.4654], [27.6391, 44.4707], [27.5702, 44.4678], [27.572, 44.5591], [27.5464, 44.562], [27.5457, 44.5421], [27.5253, 44.5438], [27.5185, 44.4971], [27.5024, 44.4936], [27.3885, 44.4962], [27.3901, 44.5059], [27.3698, 44.5062], [27.3702, 44.5163], [27.3522, 44.5173], [27.3456, 44.4859], [27.2875, 44.4897], [27.2903, 44.5038], [27.2678, 44.5063], [27.263, 44.4891], [27.2279, 44.4934], [27.2313, 44.5073], [27.2058, 44.5158], [27.2019, 44.5021], [27.2105, 44.501], [27.2062, 44.4838], [27.1399, 44.5009], [27.1355, 44.483], [27.0918, 44.4853], [27.0917, 44.5085], [27.0037, 44.5088], [27.0036, 44.529], [26.8927, 44.5159], [26.8975, 44.5231], [26.8814, 44.528], [26.8755, 44.5176], [26.8441, 44.5153], [26.8502, 44.5246], [26.8299, 44.5276], [26.8234, 44.5115], [26.8106, 44.5224], [26.7963, 44.511], [26.7701, 44.5178], [26.7793, 44.5214], [26.787, 44.5418], [26.7603, 44.55], [26.7541, 44.5281], [26.7227, 44.5377], [26.726, 44.559], [26.6802, 44.5628], [26.6733, 44.5725], [26.6838, 44.591], [26.665, 44.5955], [26.6356, 44.5409], [26.6447, 44.5361], [26.6413, 44.5317], [26.6211, 44.5431], [26.6145, 44.5354], [26.6185, 44.5276], [26.6037, 44.5324], [26.6018, 44.5266], [26.6108, 44.5223], [26.5953, 44.5111], [26.5882, 44.5124], [26.5994, 44.5231], [26.5629, 44.5266], [26.5221, 44.5581], [26.5127, 44.5616], [26.5078, 44.5554], [26.4916, 44.5623], [26.4964, 44.5715], [26.4799, 44.5765], [26.4666, 44.5636], [26.4485, 44.5654], [26.439, 44.5487], [26.4672, 44.5469], [26.4285, 44.5216], [26.4192, 44.5247], [26.4066, 44.5073], [26.398, 44.5112], [26.3606, 44.4861], [26.3768, 44.4772], [26.3816, 44.4647], [26.3947, 44.4657], [26.3954, 44.4572], [26.4377, 44.4619], [26.4501, 44.4562], [26.4517, 44.4628], [26.4585, 44.4591], [26.452, 44.456], [26.4517, 44.4443], [26.4419, 44.4444], [26.4415, 44.4377], [26.4015, 44.4384], [26.4008, 44.4198], [26.3899, 44.416], [26.3756, 44.4219], [26.3525, 44.412], [26.3469, 44.399], [26.3232, 44.3961], [26.3328, 44.3891], [26.3266, 44.3845], [26.3019, 44.4133], [26.2889, 44.4173], [26.2601, 44.4092], [26.2868, 44.4051], [26.2878, 44.3987], [26.2983, 44.399], [26.2989, 44.3901], [26.3129, 44.3902], [26.3145, 44.372], [26.3312, 44.3718], [26.3059, 44.3508], [26.2804, 44.3489], [26.2525, 44.3302]]]}, "properties": {"code": "CL", "name": "Călărași", "name_1977": "", "geometry_basis": "modern_osm", "boundary_note": "", "in_table_II1": 0, "n_metrics": 0, "n_mentions": 0, "damaged_reported": null, "damaged_class": "", "damaged_metric": "", "part_of_1977": "IF"}}, {"type": "Feature", "id": "CJ", "geometry": {"type": "Polygon", "coordinates": [[[22.6373, 46.7994], [22.7132, 46.7633], [22.7082, 46.7388], [22.7409, 46.7144], [22.749, 46.6892], [22.771, 46.6664], [22.7726, 46.6524], [22.7936, 46.6396], [22.788, 46.627], [22.8196, 46.6386], [22.8015, 46.6184], [22.8075, 46.6105], [22.8063, 46.5905], [22.8172, 46.5843], [22.818, 46.5702], [22.8106, 46.5636], [22.8131, 46.556], [22.8355, 46.5466], [22.8557, 46.5506], [22.8595, 46.5399], [22.883, 46.5359], [22.9275, 46.5546], [22.9762, 46.5484], [22.995, 46.5545], [22.9998, 46.5484], [22.989, 46.5377], [23.0013, 46.5335], [23.0113, 46.5036], [23.0556, 46.4925], [23.0461, 46.4765], [23.0521, 46.4662], [23.0602, 46.4709], [23.0936, 46.4684], [23.1041, 46.4905], [23.1302, 46.491], [23.1508, 46.506], [23.1848, 46.5097], [23.1956, 46.4925], [23.2369, 46.4909], [23.2491, 46.4979], [23.2696, 46.4978], [23.2771, 46.5072], [23.2896, 46.5089], [23.2799, 46.5126], [23.2822, 46.5299], [23.3118, 46.5245], [23.389, 46.5404], [23.4006, 46.5305], [23.4308, 46.5296], [23.4394, 46.5232], [23.454, 46.5284], [23.4601, 46.5253], [23.4545, 46.5173], [23.4625, 46.5043], [23.4851, 46.5036], [23.5232, 46.486], [23.5308, 46.4907], [23.5297, 46.4992], [23.5481, 46.5039], [23.5595, 46.4882], [23.5743, 46.4972], [23.612, 46.4846], [23.6145, 46.4785], [23.6003, 46.4777], [23.6031, 46.4694], [23.5898, 46.4564], [23.5919, 46.4362], [23.6032, 46.4286], [23.6031, 46.4155], [23.6609, 46.3967], [23.6692, 46.4018], [23.6647, 46.4047], [23.6812, 46.4089], [23.6655, 46.4207], [23.6685, 46.4156], [23.6556, 46.418], [23.6511, 46.4279], [23.6725, 46.4293], [23.6686, 46.4394], [23.677, 46.4493], [23.7012, 46.4575], [23.7303, 46.4515], [23.7665, 46.4622], [23.7839, 46.4581], [23.802, 46.4657], [23.8254, 46.4629], [23.8332, 46.4689], [23.8551, 46.451], [23.8658, 46.4564], [23.8684, 46.4474], [23.8802, 46.45], [23.876, 46.4535], [23.8867, 46.4634], [23.9097, 46.4635], [23.9199, 46.4509], [23.9505, 46.4501], [23.9776, 46.4296], [24.0034, 46.4407], [23.9852, 46.4495], [23.9881, 46.454], [23.9795, 46.4533], [23.9849, 46.4588], [23.9708, 46.4594], [23.9629, 46.4757], [23.9737, 46.482], [23.9642, 46.4984], [23.975, 46.5046], [23.9591, 46.5155], [23.9869, 46.5423], [24.0032, 46.5412], [24.0194, 46.5313], [24.0454, 46.5451], [24.0375, 46.5573], [24.0526, 46.5618], [24.0525, 46.575], [24.0691, 46.606], [24.0252, 46.6155], [24.0202, 46.6279], [24.029, 46.6298], [24.0336, 46.6451], [24.0638, 46.6565], [24.1024, 46.6616], [24.1139, 46.6941], [24.1244, 46.7001], [24.1107, 46.7095], [24.0888, 46.7112], [24.0665, 46.7335], [24.0879, 46.7536], [24.1228, 46.7444], [24.1176, 46.7738], [24.1675, 46.7812], [24.1879, 46.793], [24.1776, 46.8072], [24.1921, 46.8065], [24.1885, 46.8122], [24.1969, 46.8202], [24.1888, 46.8311], [24.2106, 46.8394], [24.1993, 46.8526], [24.2191, 46.8739], [24.2121, 46.8852], [24.2275, 46.8881], [24.2096, 46.912], [24.1868, 46.9218], [24.1936, 46.9242], [24.1926, 46.9351], [24.1853, 46.9289], [24.1615, 46.9336], [24.1614, 46.9479], [24.1783, 46.9535], [24.1704, 46.9581], [24.1755, 46.9632], [24.1416, 46.9673], [24.1139, 46.9606], [24.1181, 46.974], [24.0979, 46.9891], [24.1159, 47.0112], [24.1153, 47.0221], [24.1036, 47.0272], [24.1166, 47.0414], [24.1146, 47.0506], [24.1264, 47.0604], [24.1239, 47.0664], [24.1342, 47.0741], [24.1312, 47.0879], [24.1473, 47.0896], [24.1195, 47.0979], [24.1204, 47.1059], [24.1103, 47.1109], [24.1078, 47.1241], [24.0965, 47.127], [24.0879, 47.1152], [24.0702, 47.1182], [24.0716, 47.1283], [24.0405, 47.1326], [24.0393, 47.1403], [24.0262, 47.1459], [24.0175, 47.1425], [24.0115, 47.1505], [24.0142, 47.1586], [24.0238, 47.1549], [24.0285, 47.1638], [24.0167, 47.1783], [24.0021, 47.1758], [24.0053, 47.167], [23.9583, 47.1622], [23.9585, 47.1741], [23.9506, 47.1766], [23.936, 47.1993], [23.9367, 47.2115], [23.9186, 47.2548], [23.9213, 47.2733], [23.9306, 47.2743], [23.9347, 47.2848], [23.9268, 47.2985], [23.9405, 47.3091], [23.9503, 47.3061], [23.9535, 47.3158], [23.9716, 47.3117], [23.9798, 47.3211], [24.0083, 47.3053], [24.0065, 47.3112], [24.0212, 47.3142], [24.0184, 47.3173], [24.0292, 47.3238], [24.0178, 47.3445], [24.0227, 47.362], [23.9943, 47.365], [23.9994, 47.3581], [23.9698, 47.3657], [23.9252, 47.3524], [23.8982, 47.3544], [23.8723, 47.3709], [23.8699, 47.3802], [23.8668, 47.3703], [23.8469, 47.3725], [23.8313, 47.3466], [23.8409, 47.3422], [23.8416, 47.3274], [23.8281, 47.32], [23.8255, 47.3086], [23.8138, 47.3071], [23.816, 47.2988], [23.807, 47.2962], [23.8135, 47.2912], [23.7989, 47.2815], [23.8129, 47.2679], [23.8142, 47.2574], [23.8097, 47.2574], [23.8145, 47.2513], [23.7695, 47.2727], [23.7621, 47.2835], [23.7528, 47.242], [23.7262, 47.246], [23.7206, 47.2549], [23.7116, 47.2435], [23.6974, 47.2442], [23.6788, 47.234], [23.6672, 47.2393], [23.6648, 47.2334], [23.6529, 47.2346], [23.6437, 47.222], [23.6454, 47.2138], [23.6267, 47.1942], [23.6339, 47.1826], [23.6158, 47.1699], [23.5971, 47.1646], [23.5825, 47.1775], [23.5615, 47.1789], [23.5439, 47.166], [23.5445, 47.1586], [23.4979, 47.1549], [23.5002, 47.141], [23.4914, 47.1295], [23.5001, 47.1281], [23.5041, 47.1173], [23.4958, 47.1133], [23.4875, 47.1195], [23.484, 47.1106], [23.4896, 47.1098], [23.4801, 47.1083], [23.4888, 47.0967], [23.4852, 47.091], [23.4527, 47.096], [23.4486, 47.0886], [23.4275, 47.0896], [23.4477, 47.0756], [23.4504, 47.061], [23.4737, 47.055], [23.4768, 47.0461], [23.4718, 47.0437], [23.4878, 47.0354], [23.4863, 47.03], [23.4709, 47.0264], [23.4675, 47.0215], [23.4741, 47.0135], [23.4579, 47.0056], [23.4635, 47.0042], [23.4587, 46.9982], [23.4316, 46.9941], [23.4277, 46.9883], [23.3984, 46.9935], [23.4117, 46.9818], [23.385, 46.9773], [23.388, 46.9669], [23.3724, 46.9624], [23.3887, 46.9505], [23.3719, 46.9373], [23.3638, 46.9399], [23.3599, 46.9271], [23.3446, 46.9249], [23.355, 46.92], [23.339, 46.9086], [23.3241, 46.9142], [23.2821, 46.8979], [23.2764, 46.9016], [23.278, 46.9107], [23.2589, 46.9142], [23.2545, 46.9264], [23.2587, 46.935], [23.2375, 46.9473], [23.2426, 46.9562], [23.2283, 46.9637], [23.2341, 46.9569], [23.2172, 46.953], [23.2212, 46.9495], [23.2162, 46.9395], [23.2295, 46.9347], [23.2026, 46.9226], [23.211, 46.9023], [23.2226, 46.8926], [23.2003, 46.8821], [23.1987, 46.8695], [23.1777, 46.8789], [23.1624, 46.8792], [23.1756, 46.8753], [23.1604, 46.8762], [23.1512, 46.866], [23.1048, 46.8534], [23.1043, 46.8604], [23.0903, 46.8598], [23.0834, 46.8672], [23.0923, 46.8902], [23.0652, 46.9046], [23.0361, 46.8818], [23.0376, 46.8879], [23.0322, 46.8897], [23.0414, 46.8972], [23.0335, 46.9015], [23.0269, 46.8927], [23.0229, 46.8958], [23.0111, 46.888], [23.0139, 46.9008], [23.0052, 46.903], [23.0069, 46.9076], [22.9847, 46.9031], [22.9713, 46.9126], [22.9316, 46.9184], [22.9161, 46.9346], [22.904, 46.9333], [22.8966, 46.9443], [22.899, 46.9695], [22.8711, 46.9799], [22.879, 46.9889], [22.8662, 46.9807], [22.8348, 46.9952], [22.8212, 46.9829], [22.795, 46.9771], [22.7852, 46.9815], [22.7858, 46.9879], [22.7283, 47.0075], [22.6748, 46.9709], [22.6784, 46.9625], [22.6708, 46.9501], [22.6797, 46.9489], [22.6856, 46.9387], [22.7172, 46.9334], [22.7367, 46.915], [22.7757, 46.9106], [22.779, 46.897], [22.7541, 46.8762], [22.7264, 46.8159], [22.7041, 46.8055], [22.6373, 46.7994]]]}, "properties": {"code": "CJ", "name": "Cluj", "name_1977": "", "geometry_basis": "modern_osm", "boundary_note": "", "in_table_II1": 0, "n_metrics": 0, "n_mentions": 0, "damaged_reported": null, "damaged_class": "", "damaged_metric": ""}}, {"type": "Feature", "id": "CT", "geometry": {"type": "Polygon", "coordinates": [[[27.2734, 44.1276], [27.2843, 44.1097], [27.2766, 44.1056], [27.2773, 44.0988], [27.2909, 44.0752], [27.3562, 44.0587], [27.3993, 44.0122], [27.4691, 44.0225], [27.6119, 44.0122], [27.6447, 44.0474], [27.6736, 44.0298], [27.7101, 43.9594], [27.7378, 43.9536], [27.8435, 43.9663], [27.9168, 44.0083], [27.9442, 43.9847], [27.9542, 43.9401], [27.9765, 43.9008], [27.9944, 43.8429], [28.2362, 43.7585], [28.3487, 43.7522], [28.4465, 43.7337], [28.579, 43.7387], [28.5745, 43.7576], [28.5832, 43.779], [28.5804, 43.787], [28.5941, 43.7991], [28.5858, 43.7927], [28.5756, 43.7949], [28.5871, 43.8092], [28.589, 43.8034], [28.601, 43.7988], [28.587, 43.8109], [28.5914, 43.8396], [28.613, 43.8504], [28.6083, 43.8516], [28.6125, 43.8606], [28.6077, 43.8612], [28.6068, 43.8788], [28.6115, 43.8806], [28.6074, 43.8821], [28.6149, 43.884], [28.6144, 43.8991], [28.6363, 43.9237], [28.6335, 43.933], [28.6427, 43.9405], [28.6425, 43.9564], [28.65, 43.9585], [28.6571, 43.9787], [28.6678, 43.9867], [28.6631, 44.0213], [28.6422, 44.055], [28.6463, 44.0583], [28.6416, 44.0585], [28.6392, 44.078], [28.6441, 44.0842], [28.6893, 44.0878], [28.6947, 44.0911], [28.6952, 44.1029], [28.6896, 44.0885], [28.6696, 44.0891], [28.6673, 44.0942], [28.6754, 44.0942], [28.6756, 44.1004], [28.6748, 44.0946], [28.6703, 44.0946], [28.6712, 44.1025], [28.6648, 44.0981], [28.6654, 44.1079], [28.6598, 44.1081], [28.6586, 44.0999], [28.6525, 44.1083], [28.652, 44.0984], [28.6472, 44.0979], [28.6517, 44.0929], [28.6389, 44.0986], [28.6432, 44.1117], [28.6392, 44.1175], [28.6435, 44.1151], [28.6443, 44.1282], [28.6512, 44.1298], [28.6566, 44.1212], [28.6495, 44.1195], [28.6501, 44.1118], [28.6499, 44.1193], [28.6569, 44.1211], [28.6571, 44.1305], [28.6654, 44.1124], [28.6538, 44.112], [28.6774, 44.107], [28.6662, 44.1124], [28.6613, 44.1245], [28.6566, 44.1377], [28.6648, 44.1405], [28.6472, 44.141], [28.6689, 44.1471], [28.6456, 44.1455], [28.6559, 44.1499], [28.6441, 44.1489], [28.6544, 44.1533], [28.6431, 44.1547], [28.6541, 44.1575], [28.6438, 44.1584], [28.6526, 44.1627], [28.6432, 44.1672], [28.6534, 44.1656], [28.651, 44.1698], [28.6568, 44.1712], [28.6567, 44.1576], [28.6714, 44.1536], [28.6725, 44.1433], [28.7002, 44.1213], [28.7136, 44.0998], [28.7006, 44.1219], [28.6736, 44.1432], [28.6716, 44.1543], [28.6585, 44.1617], [28.6657, 44.1721], [28.6563, 44.1818], [28.659, 44.2045], [28.6444, 44.2163], [28.6504, 44.2195], [28.6399, 44.2182], [28.6317, 44.2283], [28.6233, 44.2719], [28.6304, 44.3079], [28.6399, 44.3242], [28.6885, 44.3229], [28.69, 44.3235], [28.6545, 44.324], [28.6516, 44.3278], [28.6724, 44.332], [28.6616, 44.3366], [28.6759, 44.3446], [28.6764, 44.3371], [28.6859, 44.3424], [28.6952, 44.3211], [28.6892, 44.3417], [28.7112, 44.3766], [28.8592, 44.5134], [28.9287, 44.61], [28.9944, 44.6797], [28.9581, 44.6943], [28.9146, 44.6967], [28.9148, 44.6863], [28.8654, 44.6641], [28.8244, 44.6323], [28.808, 44.6331], [28.8038, 44.639], [28.7906, 44.6351], [28.7786, 44.655], [28.7495, 44.6543], [28.741, 44.6468], [28.7104, 44.655], [28.6961, 44.6501], [28.6919, 44.6529], [28.7015, 44.6577], [28.6777, 44.6626], [28.683, 44.6688], [28.5906, 44.6542], [28.5361, 44.6625], [28.5285, 44.6359], [28.5208, 44.6342], [28.4672, 44.6482], [28.4692, 44.657], [28.4348, 44.6738], [28.4278, 44.658], [28.449, 44.643], [28.4347, 44.6167], [28.4221, 44.6159], [28.4093, 44.6246], [28.412, 44.6298], [28.3951, 44.6347], [28.4083, 44.6489], [28.3964, 44.6388], [28.3869, 44.6395], [28.3868, 44.652], [28.3791, 44.6526], [28.3773, 44.6637], [28.3851, 44.68], [28.3649, 44.6848], [28.3655, 44.6916], [28.3146, 44.6961], [28.327, 44.7073], [28.3127, 44.7115], [28.2679, 44.6992], [28.2792, 44.712], [28.2688, 44.7122], [28.2747, 44.7184], [28.2618, 44.7268], [28.2627, 44.7558], [28.2404, 44.7561], [28.2399, 44.7647], [28.217, 44.7623], [28.2164, 44.7539], [28.1945, 44.7542], [28.1815, 44.7611], [28.1816, 44.7854], [28.1526, 44.8006], [28.1215, 44.7989], [28.1144, 44.7934], [28.073, 44.8019], [28.0638, 44.7824], [28.0463, 44.7741], [28.0361, 44.7606], [28.0248, 44.7639], [28.0109, 44.7572], [27.9481, 44.7806], [27.8972, 44.7724], [27.8775, 44.7571], [27.8713, 44.7311], [27.8751, 44.7152], [27.9153, 44.6946], [27.9313, 44.6796], [27.9582, 44.6802], [28.0318, 44.6253], [28.0333, 44.613], [28.0143, 44.5863], [28.0131, 44.5716], [28.0367, 44.5449], [28.0528, 44.5093], [28.0876, 44.4917], [28.1087, 44.442], [28.1028, 44.4295], [28.0703, 44.4124], [28.0648, 44.399], [28.0255, 44.3649], [28.0112, 44.3218], [27.965, 44.2713], [27.923, 44.2468], [27.8849, 44.2511], [27.8009, 44.2402], [27.7239, 44.1972], [27.6367, 44.2061], [27.5951, 44.1969], [27.5254, 44.1685], [27.4517, 44.1255], [27.4004, 44.1319], [27.3595, 44.1288], [27.3151, 44.1406], [27.2734, 44.1276]]]}, "properties": {"code": "CT", "name": "Constanța", "name_1977": "Județul Constanța", "geometry_basis": "modern_osm", "boundary_note": "", "in_table_II1": 0, "n_metrics": 0, "n_mentions": 1, "damaged_reported": null, "damaged_class": "", "damaged_metric": ""}}, {"type": "Feature", "id": "CV", "geometry": {"type": "Polygon", "coordinates": [[[25.4513, 46.1041], [25.4508, 46.0734], [25.4727, 46.0597], [25.5052, 46.0452], [25.5338, 46.0527], [25.544, 46.0487], [25.5454, 46.0558], [25.5556, 46.0554], [25.5551, 46.048], [25.5625, 46.0526], [25.56, 46.0363], [25.5813, 46.0262], [25.5686, 46.0027], [25.5457, 45.9967], [25.5536, 45.9882], [25.5433, 45.9898], [25.5413, 45.9842], [25.5392, 45.956], [25.5466, 45.9483], [25.5404, 45.9391], [25.546, 45.9265], [25.5634, 45.9146], [25.5487, 45.9067], [25.5537, 45.9005], [25.5437, 45.8959], [25.55, 45.8935], [25.5412, 45.892], [25.5543, 45.8901], [25.5551, 45.8962], [25.5708, 45.8972], [25.6096, 45.8915], [25.6396, 45.901], [25.641, 45.8952], [25.6009, 45.8871], [25.5896, 45.8728], [25.5807, 45.8755], [25.5899, 45.8802], [25.5835, 45.883], [25.5578, 45.8765], [25.5569, 45.8714], [25.5678, 45.8361], [25.5852, 45.8278], [25.6238, 45.8241], [25.6162, 45.8213], [25.6224, 45.8091], [25.6429, 45.8092], [25.6469, 45.805], [25.6388, 45.8024], [25.6419, 45.7981], [25.6487, 45.7947], [25.6502, 45.8], [25.6649, 45.7887], [25.6647, 45.7818], [25.6759, 45.7738], [25.6713, 45.7638], [25.6774, 45.7584], [25.6628, 45.7483], [25.6777, 45.7478], [25.6973, 45.7613], [25.7027, 45.7738], [25.7436, 45.77], [25.7654, 45.7564], [25.7904, 45.7645], [25.7879, 45.7536], [25.8332, 45.7475], [25.8268, 45.743], [25.8265, 45.7323], [25.8211, 45.7333], [25.8216, 45.7258], [25.8371, 45.7224], [25.8411, 45.7306], [25.8543, 45.7225], [25.8604, 45.7077], [25.9083, 45.7103], [25.9411, 45.6918], [25.9725, 45.6872], [25.9719, 45.6661], [25.9513, 45.6524], [25.9963, 45.6449], [26.0024, 45.6488], [26.0202, 45.6374], [26.0129, 45.6238], [26.0188, 45.6155], [26.0566, 45.6169], [26.0554, 45.6119], [26.066, 45.6064], [26.0548, 45.5938], [26.0718, 45.5778], [26.0929, 45.5726], [26.0949, 45.557], [26.1044, 45.551], [26.0894, 45.5216], [26.0924, 45.5165], [26.1477, 45.5849], [26.1555, 45.585], [26.1552, 45.5768], [26.1723, 45.5633], [26.1801, 45.5741], [26.1749, 45.5794], [26.1854, 45.6083], [26.2128, 45.6218], [26.2461, 45.6262], [26.2553, 45.6182], [26.2496, 45.6118], [26.253, 45.6007], [26.2817, 45.5858], [26.301, 45.6053], [26.3107, 45.6031], [26.3292, 45.6318], [26.3242, 45.6491], [26.3332, 45.6688], [26.3323, 45.6856], [26.3572, 45.7121], [26.3534, 45.7225], [26.3648, 45.7227], [26.371, 45.7338], [26.3845, 45.7362], [26.3807, 45.7497], [26.3894, 45.7668], [26.3833, 45.7827], [26.3921, 45.8024], [26.3749, 45.8209], [26.3771, 45.8371], [26.371, 45.8433], [26.3871, 45.8748], [26.376, 45.9077], [26.3941, 45.9212], [26.3872, 45.9409], [26.3907, 45.9573], [26.4376, 45.9899], [26.4337, 46.0026], [26.446, 46.0189], [26.4376, 46.0355], [26.442, 46.0508], [26.4251, 46.067], [26.4307, 46.078], [26.4051, 46.0923], [26.4079, 46.1036], [26.3889, 46.1014], [26.3708, 46.1098], [26.3677, 46.1186], [26.3801, 46.1283], [26.3926, 46.1231], [26.3858, 46.1287], [26.3875, 46.145], [26.3434, 46.137], [26.3474, 46.1621], [26.3306, 46.1831], [26.3333, 46.1958], [26.3415, 46.201], [26.3401, 46.2096], [26.3267, 46.23], [26.3101, 46.2389], [26.2635, 46.2463], [26.2623, 46.2393], [26.2503, 46.2355], [26.2585, 46.2316], [26.2541, 46.2232], [26.2615, 46.2156], [26.2196, 46.206], [26.207, 46.1791], [26.1836, 46.1849], [26.1877, 46.179], [26.1768, 46.1797], [26.1724, 46.1603], [26.1314, 46.1717], [26.1163, 46.161], [26.0972, 46.1653], [26.085, 46.1598], [26.0881, 46.1565], [26.0569, 46.1598], [26.0382, 46.1512], [26.0195, 46.128], [25.9917, 46.1252], [25.9787, 46.1351], [25.8572, 46.1197], [25.8471, 46.1243], [25.8343, 46.1452], [25.8054, 46.1647], [25.804, 46.1728], [25.7917, 46.1759], [25.7899, 46.194], [25.7232, 46.2558], [25.7341, 46.2632], [25.726, 46.2746], [25.7001, 46.2767], [25.6308, 46.2443], [25.6027, 46.2416], [25.5748, 46.2129], [25.5629, 46.2181], [25.5566, 46.2078], [25.5472, 46.2096], [25.5082, 46.1882], [25.5047, 46.166], [25.509, 46.1616], [25.4977, 46.1484], [25.4789, 46.1456], [25.4783, 46.1241], [25.4664, 46.1059], [25.4513, 46.1041]]]}, "properties": {"code": "CV", "name": "Covasna", "name_1977": "", "geometry_basis": "modern_osm", "boundary_note": "", "in_table_II1": 0, "n_metrics": 0, "n_mentions": 0, "damaged_reported": null, "damaged_class": "", "damaged_metric": ""}}, {"type": "Feature", "id": "DB", "geometry": {"type": "Polygon", "coordinates": [[[25.1247, 45.0705], [25.1282, 45.0613], [25.1487, 45.0514], [25.1449, 45.0384], [25.172, 45.0405], [25.1701, 45.0286], [25.1872, 45.0333], [25.1969, 45.0187], [25.1963, 44.9913], [25.1723, 44.9838], [25.1693, 44.941], [25.1613, 44.921], [25.174, 44.9196], [25.1976, 44.9033], [25.1907, 44.8813], [25.2046, 44.856], [25.1952, 44.849], [25.1869, 44.8267], [25.194, 44.8259], [25.2005, 44.796], [25.2129, 44.7821], [25.2111, 44.7643], [25.1971, 44.7364], [25.1929, 44.7341], [25.1842, 44.7449], [25.1779, 44.7397], [25.1826, 44.7378], [25.1746, 44.7307], [25.1858, 44.7228], [25.175, 44.7147], [25.2273, 44.7033], [25.2373, 44.695], [25.1967, 44.6662], [25.1881, 44.6705], [25.1684, 44.6618], [25.1943, 44.6396], [25.1804, 44.6324], [25.205, 44.6329], [25.1933, 44.6198], [25.1983, 44.6087], [25.2125, 44.6157], [25.2255, 44.6052], [25.2203, 44.6019], [25.2518, 44.5628], [25.2591, 44.5685], [25.2926, 44.5514], [25.2799, 44.528], [25.2573, 44.5114], [25.2657, 44.5071], [25.2797, 44.4787], [25.2669, 44.4675], [25.2773, 44.4534], [25.271, 44.4482], [25.2797, 44.4445], [25.2636, 44.4353], [25.2582, 44.4413], [25.2348, 44.4243], [25.2507, 44.4034], [25.3032, 44.4239], [25.2971, 44.4299], [25.3245, 44.442], [25.3222, 44.4466], [25.3412, 44.4646], [25.3557, 44.4593], [25.3667, 44.4742], [25.3578, 44.4795], [25.3694, 44.4975], [25.3951, 44.5181], [25.4427, 44.501], [25.4503, 44.4922], [25.4417, 44.4848], [25.4538, 44.4779], [25.471, 44.4883], [25.4912, 44.472], [25.5121, 44.4883], [25.4995, 44.4877], [25.4799, 44.4991], [25.4804, 44.5043], [25.4846, 44.5025], [25.4957, 44.5197], [25.5156, 44.5189], [25.542, 44.54], [25.5643, 44.5291], [25.5749, 44.538], [25.5893, 44.5254], [25.5934, 44.5321], [25.6011, 44.5289], [25.6168, 44.5504], [25.6468, 44.5535], [25.6461, 44.5441], [25.6742, 44.5324], [25.6763, 44.5253], [25.6838, 44.529], [25.6818, 44.523], [25.7081, 44.5444], [25.7129, 44.5405], [25.7221, 44.5451], [25.7287, 44.5364], [25.7463, 44.5381], [25.7573, 44.5298], [25.7641, 44.5357], [25.7787, 44.5293], [25.7892, 44.5303], [25.8102, 44.5488], [25.8321, 44.5417], [25.8446, 44.5239], [25.8536, 44.5389], [25.875, 44.5339], [25.8908, 44.541], [25.8798, 44.5535], [25.9296, 44.5717], [25.9919, 44.6122], [25.9801, 44.63], [25.9393, 44.6457], [25.9424, 44.6573], [25.9595, 44.6545], [25.9822, 44.6646], [25.9741, 44.6707], [25.9854, 44.6734], [25.9581, 44.6839], [25.9839, 44.6867], [25.9916, 44.7012], [25.9747, 44.6999], [25.9708, 44.7104], [25.954, 44.7074], [25.9546, 44.7143], [25.9678, 44.7203], [25.9631, 44.725], [25.9543, 44.7221], [25.9332, 44.6948], [25.9281, 44.6983], [25.9084, 44.7334], [25.9227, 44.7352], [25.9239, 44.7444], [25.9367, 44.7484], [25.9407, 44.7568], [25.9248, 44.7627], [25.9267, 44.7716], [25.9157, 44.7722], [25.9191, 44.7798], [25.9061, 44.7907], [25.9091, 44.796], [25.8861, 44.8068], [25.8863, 44.818], [25.8769, 44.8203], [25.8747, 44.8312], [25.8629, 44.8308], [25.8418, 44.81], [25.7776, 44.8246], [25.7764, 44.8422], [25.8021, 44.8523], [25.797, 44.8546], [25.8028, 44.8674], [25.8142, 44.8745], [25.8089, 44.8889], [25.8253, 44.8971], [25.8208, 44.9135], [25.8134, 44.9147], [25.8112, 44.9226], [25.8022, 44.9211], [25.7914, 44.9447], [25.7101, 44.9414], [25.6879, 44.9475], [25.6779, 44.9656], [25.6836, 44.9788], [25.6755, 45.0095], [25.6876, 45.0204], [25.6869, 45.0291], [25.7041, 45.0341], [25.7017, 45.045], [25.6752, 45.0808], [25.6398, 45.092], [25.6341, 45.1047], [25.6234, 45.1066], [25.6189, 45.119], [25.605, 45.1244], [25.5935, 45.1435], [25.5978, 45.1491], [25.5637, 45.1728], [25.5579, 45.1923], [25.5318, 45.1903], [25.54, 45.2033], [25.5342, 45.216], [25.511, 45.2219], [25.5282, 45.2371], [25.5253, 45.2438], [25.5336, 45.2539], [25.5549, 45.2706], [25.5329, 45.2929], [25.5336, 45.3018], [25.5037, 45.318], [25.4875, 45.3146], [25.4741, 45.3277], [25.4781, 45.3368], [25.4677, 45.3471], [25.4738, 45.3572], [25.4711, 45.3747], [25.4844, 45.395], [25.4698, 45.4119], [25.4719, 45.4266], [25.4558, 45.4333], [25.453, 45.4413], [25.4127, 45.4296], [25.4094, 45.3943], [25.4033, 45.3866], [25.3627, 45.3916], [25.3222, 45.382], [25.3157, 45.3711], [25.326, 45.3508], [25.3091, 45.3338], [25.3153, 45.3224], [25.3051, 45.3045], [25.3054, 45.2926], [25.2786, 45.2695], [25.2853, 45.2406], [25.2937, 45.2321], [25.2784, 45.2175], [25.2478, 45.2109], [25.2538, 45.2049], [25.2496, 45.2042], [25.2563, 45.1859], [25.2528, 45.1811], [25.2161, 45.1643], [25.2119, 45.1566], [25.1972, 45.165], [25.1794, 45.1921], [25.1825, 45.2026], [25.1708, 45.201], [25.1637, 45.2153], [25.1392, 45.2121], [25.1564, 45.2017], [25.1463, 45.1991], [25.1554, 45.1904], [25.1468, 45.1848], [25.1521, 45.1812], [25.1543, 45.1601], [25.1461, 45.1426], [25.154, 45.1366], [25.1467, 45.129], [25.1627, 45.1245], [25.1442, 45.1124], [25.162, 45.117], [25.1765, 45.1072], [25.1801, 45.0935], [25.17, 45.0807], [25.1576, 45.0762], [25.1537, 45.0854], [25.1422, 45.0842], [25.1247, 45.0705]]]}, "properties": {"code": "DB", "name": "Dâmbovița", "name_1977": "Județul Dîmbovița", "geometry_basis": "modern_osm", "boundary_note": "", "in_table_II1": 0, "n_metrics": 0, "n_mentions": 2, "damaged_reported": null, "damaged_class": "", "damaged_metric": ""}}, {"type": "Feature", "id": "DJ", "geometry": {"type": "Polygon", "coordinates": [[[22.8414, 43.8774], [22.8517, 43.851], [22.8793, 43.8335], [23.058, 43.7971], [23.1352, 43.8032], [23.1774, 43.822], [23.2642, 43.8459], [23.4273, 43.854], [23.4842, 43.8381], [23.5113, 43.8378], [23.5469, 43.815], [23.5922, 43.8027], [23.6072, 43.7927], [23.6282, 43.7914], [23.6923, 43.8062], [23.7551, 43.8025], [23.7653, 43.7859], [23.8559, 43.7559], [23.8886, 43.7481], [23.99, 43.7455], [24.0841, 43.703], [24.1129, 43.6999], [24.1293, 43.7746], [24.1382, 43.7754], [24.1555, 43.8137], [24.1921, 43.8104], [24.1994, 43.8256], [24.1922, 43.8269], [24.2015, 43.8468], [24.1941, 43.8486], [24.1991, 43.8584], [24.2268, 43.8517], [24.2317, 43.8618], [24.2249, 43.8635], [24.2343, 43.8833], [24.2267, 43.8852], [24.2483, 43.9303], [24.2233, 43.9413], [24.2324, 43.9614], [24.2516, 43.9572], [24.2603, 43.9742], [24.2639, 43.9987], [24.1736, 44.0063], [24.1845, 44.049], [24.1746, 44.0502], [24.1796, 44.0685], [24.2226, 44.0693], [24.2273, 44.1097], [24.2208, 44.11], [24.2237, 44.1204], [24.2154, 44.1219], [24.2294, 44.17], [24.2188, 44.171], [24.2164, 44.1802], [24.2296, 44.2147], [24.2215, 44.2168], [24.2269, 44.2299], [24.1416, 44.2487], [24.1491, 44.2526], [24.1475, 44.2635], [24.1119, 44.2668], [24.1089, 44.3008], [24.0913, 44.2992], [24.0696, 44.3328], [24.0417, 44.3491], [24.049, 44.3545], [24.0492, 44.3646], [24.024, 44.3759], [24.0316, 44.3797], [24.0288, 44.3848], [23.9842, 44.3731], [23.9777, 44.3802], [23.958, 44.3818], [23.9683, 44.4104], [23.9014, 44.4251], [23.8905, 44.4128], [23.8822, 44.4333], [23.8977, 44.4575], [23.8859, 44.4613], [23.9089, 44.4688], [23.8831, 44.4806], [23.9041, 44.499], [23.8907, 44.5107], [23.9095, 44.5136], [23.9306, 44.5268], [23.9218, 44.5631], [23.9111, 44.5789], [23.8978, 44.5747], [23.8809, 44.6109], [23.8997, 44.6255], [23.8762, 44.6304], [23.8591, 44.6244], [23.842, 44.6386], [23.8271, 44.6364], [23.8166, 44.6476], [23.7875, 44.6374], [23.7918, 44.6747], [23.7807, 44.6887], [23.7856, 44.6935], [23.7805, 44.714], [23.7476, 44.7161], [23.7217, 44.7297], [23.7125, 44.7146], [23.726, 44.6844], [23.7084, 44.6603], [23.7145, 44.6508], [23.7085, 44.642], [23.7183, 44.6367], [23.7199, 44.6276], [23.7104, 44.6095], [23.7164, 44.598], [23.7077, 44.5851], [23.6971, 44.6021], [23.6148, 44.59], [23.5986, 44.5998], [23.5986, 44.6088], [23.5834, 44.6147], [23.5145, 44.6015], [23.5077, 44.5833], [23.4942, 44.5793], [23.4969, 44.5712], [23.4894, 44.5787], [23.4657, 44.5786], [23.4585, 44.5744], [23.4662, 44.5688], [23.455, 44.5696], [23.4522, 44.5526], [23.4283, 44.5426], [23.4353, 44.5399], [23.4156, 44.5269], [23.3704, 44.5444], [23.3564, 44.5408], [23.3368, 44.5237], [23.3166, 44.54], [23.2539, 44.5299], [23.257, 44.5202], [23.2838, 44.516], [23.2795, 44.5015], [23.2445, 44.4968], [23.2488, 44.4803], [23.2141, 44.467], [23.1998, 44.468], [23.1963, 44.452], [23.2222, 44.4361], [23.2052, 44.4361], [23.1972, 44.4138], [23.1783, 44.4242], [23.1664, 44.4121], [23.2174, 44.3865], [23.2182, 44.3757], [23.2071, 44.3676], [23.1977, 44.3726], [23.1889, 44.3674], [23.1933, 44.3527], [23.1762, 44.3244], [23.1311, 44.3163], [23.1188, 44.3031], [23.124, 44.3013], [23.1083, 44.2625], [23.0936, 44.2619], [23.0891, 44.243], [23.0977, 44.2404], [23.0942, 44.2227], [23.1121, 44.2174], [23.0951, 44.1992], [23.1178, 44.1895], [23.1099, 44.1502], [23.0972, 44.1462], [23.0846, 44.1515], [23.0855, 44.1568], [23.0053, 44.158], [23.0046, 44.1397], [22.9787, 44.1191], [22.9672, 44.0968], [22.9893, 44.0974], [23.0252, 44.0872], [23.0454, 44.0735], [23.0458, 44.0572], [23.0143, 44.0153], [22.9371, 44.003], [22.8839, 43.9852], [22.8622, 43.9372], [22.8655, 43.9307], [22.8477, 43.907], [22.8414, 43.8774]]]}, "properties": {"code": "DJ", "name": "Dolj", "name_1977": "Județul Dolj", "geometry_basis": "modern_osm", "boundary_note": "", "in_table_II1": 1, "n_metrics": 4, "n_mentions": 4, "damaged_reported": null, "damaged_class": "", "damaged_metric": ""}}, {"type": "Feature", "id": "GL", "geometry": {"type": "Polygon", "coordinates": [[[27.227, 46.0091], [27.2419, 45.9469], [27.2828, 45.8863], [27.2524, 45.8824], [27.2487, 45.8727], [27.2792, 45.8706], [27.2792, 45.8569], [27.2901, 45.8601], [27.3033, 45.8451], [27.3197, 45.8055], [27.3423, 45.7883], [27.3386, 45.7838], [27.3556, 45.7591], [27.354, 45.7469], [27.3624, 45.7294], [27.4036, 45.6823], [27.4262, 45.6782], [27.4245, 45.6684], [27.44, 45.6791], [27.4566, 45.6579], [27.4523, 45.6506], [27.4638, 45.6456], [27.4648, 45.6389], [27.4887, 45.6407], [27.4884, 45.6294], [27.5131, 45.621], [27.5134, 45.6155], [27.4976, 45.6069], [27.5152, 45.6046], [27.5188, 45.5902], [27.5363, 45.5811], [27.5101, 45.5767], [27.5043, 45.5632], [27.5283, 45.5485], [27.5223, 45.5277], [27.5245, 45.5196], [27.5418, 45.5092], [27.5269, 45.5004], [27.537, 45.4939], [27.5429, 45.4994], [27.5585, 45.4884], [27.5753, 45.4917], [27.6056, 45.4822], [27.6027, 45.4776], [27.6141, 45.4735], [27.6116, 45.4643], [27.6241, 45.4662], [27.6288, 45.4547], [27.6462, 45.4621], [27.6436, 45.4777], [27.655, 45.4798], [27.6544, 45.4907], [27.6642, 45.4898], [27.6616, 45.472], [27.6927, 45.4816], [27.6941, 45.4732], [27.6815, 45.4666], [27.6886, 45.4605], [27.6834, 45.4615], [27.6733, 45.4462], [27.7168, 45.4335], [27.7181, 45.4409], [27.7381, 45.4367], [27.7328, 45.4394], [27.7502, 45.4485], [27.7396, 45.4154], [27.783, 45.4223], [27.7864, 45.4069], [27.8219, 45.3965], [27.8687, 45.398], [27.8655, 45.4058], [27.874, 45.4179], [27.8891, 45.4201], [27.9168, 45.407], [27.9467, 45.4053], [27.9841, 45.3905], [27.9933, 45.4005], [28.0058, 45.3961], [28.0306, 45.4043], [28.0606, 45.4282], [28.0983, 45.4411], [28.127, 45.4389], [28.1802, 45.4133], [28.1929, 45.4149], [28.1926, 45.4545], [28.2087, 45.4674], [28.186, 45.4743], [28.1722, 45.5009], [28.1625, 45.5], [28.1642, 45.5079], [28.154, 45.5099], [28.1663, 45.5198], [28.1567, 45.5241], [28.1664, 45.5278], [28.1621, 45.5333], [28.1655, 45.5454], [28.1553, 45.5546], [28.1589, 45.561], [28.1481, 45.5622], [28.1567, 45.5754], [28.1456, 45.5659], [28.1388, 45.5774], [28.1342, 45.571], [28.1313, 45.5756], [28.1216, 45.5719], [28.1173, 45.5755], [28.1211, 45.5791], [28.0884, 45.6059], [28.1122, 45.6263], [28.1208, 45.6271], [28.1303, 45.6187], [28.1373, 45.6257], [28.1447, 45.6215], [28.1567, 45.6365], [28.1743, 45.6456], [28.1579, 45.6507], [28.1659, 45.6535], [28.1622, 45.6607], [28.1714, 45.6796], [28.1599, 45.7038], [28.1707, 45.7089], [28.1641, 45.7169], [28.1671, 45.724], [28.1608, 45.7251], [28.1669, 45.7362], [28.1511, 45.7443], [28.152, 45.754], [28.1435, 45.7602], [28.1557, 45.7781], [28.1518, 45.7836], [28.135, 45.7784], [28.1142, 45.7903], [28.113, 45.7961], [28.1227, 45.7982], [28.1211, 45.8069], [28.1186, 45.8149], [28.1074, 45.8165], [28.1131, 45.8208], [28.1088, 45.8306], [28.1128, 45.8345], [28.1052, 45.843], [28.114, 45.8492], [28.1055, 45.8594], [28.1274, 45.863], [28.1328, 45.8767], [28.1271, 45.8852], [28.1125, 45.8843], [28.1183, 45.8875], [28.1121, 45.8993], [28.12, 45.9013], [28.116, 45.9092], [28.1255, 45.9229], [28.1142, 45.9357], [28.1185, 45.9445], [28.1015, 45.9727], [28.1071, 45.9783], [28.0982, 45.9784], [28.1051, 45.9894], [28.0853, 46.0082], [28.0957, 46.0149], [28.0877, 46.0202], [28.0903, 46.0348], [28.1037, 46.043], [28.1051, 46.0528], [28.0914, 46.0539], [28.0891, 46.0598], [28.1007, 46.0639], [28.089, 46.0702], [28.0929, 46.0793], [28.1089, 46.0782], [28.1116, 46.0871], [28.1022, 46.0985], [28.1221, 46.1039], [28.1174, 46.112], [28.0759, 46.1175], [28.0413, 46.1064], [28.0089, 46.1049], [28.0093, 46.1153], [27.9843, 46.1105], [27.9646, 46.1415], [27.9396, 46.1351], [27.9262, 46.1525], [27.9171, 46.1486], [27.9107, 46.1538], [27.8719, 46.1456], [27.8726, 46.158], [27.8572, 46.1631], [27.8562, 46.1577], [27.8469, 46.1578], [27.8453, 46.1263], [27.8302, 46.1272], [27.8387, 46.1157], [27.8293, 46.1114], [27.822, 46.1202], [27.8081, 46.1116], [27.8155, 46.1048], [27.7921, 46.1011], [27.7881, 46.0949], [27.7861, 46.1125], [27.7636, 46.1153], [27.7624, 46.1281], [27.711, 46.1292], [27.7102, 46.1386], [27.6932, 46.1322], [27.6759, 46.1414], [27.6716, 46.1328], [27.6505, 46.1404], [27.6472, 46.1299], [27.6339, 46.1384], [27.6103, 46.1363], [27.6074, 46.1305], [27.5978, 46.1393], [27.6036, 46.1445], [27.5911, 46.1502], [27.5811, 46.1446], [27.5841, 46.1355], [27.6013, 46.1224], [27.5911, 46.1239], [27.5965, 46.1129], [27.5881, 46.1114], [27.6064, 46.0913], [27.611, 46.0768], [27.5872, 46.0718], [27.6144, 46.0734], [27.6199, 46.071], [27.617, 46.0648], [27.6277, 46.0614], [27.5999, 46.0559], [27.599, 46.0413], [27.6049, 46.0359], [27.5959, 46.0277], [27.6045, 46.0194], [27.5869, 46.0076], [27.5626, 46.0029], [27.5159, 46.0536], [27.5319, 46.0671], [27.5172, 46.0854], [27.5355, 46.0946], [27.5031, 46.1396], [27.4841, 46.1398], [27.481, 46.1259], [27.4489, 46.1265], [27.4268, 46.1395], [27.4182, 46.1308], [27.4282, 46.1162], [27.4227, 46.111], [27.422, 46.0992], [27.4298, 46.0946], [27.4244, 46.0894], [27.3717, 46.0878], [27.3683, 46.0787], [27.3227, 46.0791], [27.3196, 46.0861], [27.2919, 46.0832], [27.2818, 46.0751], [27.2903, 46.0599], [27.2778, 46.0592], [27.2685, 46.0415], [27.2369, 46.0462], [27.227, 46.0091]]]}, "properties": {"code": "GL", "name": "Galați", "name_1977": "Județul Galați", "geometry_basis": "modern_osm", "boundary_note": "", "in_table_II1": 1, "n_metrics": 11, "n_mentions": 2, "damaged_reported": 10999, "damaged_class": "dwellings", "damaged_metric": "cm024"}}, {"type": "Feature", "id": "GR", "geometry": {"type": "Polygon", "coordinates": [[[25.4255, 44.3969], [25.4491, 44.3866], [25.4484, 44.3794], [25.4581, 44.3748], [25.4848, 44.3773], [25.4703, 44.3604], [25.478, 44.3541], [25.4694, 44.3492], [25.4735, 44.3454], [25.4681, 44.3253], [25.5154, 44.3139], [25.5575, 44.3177], [25.5711, 44.3082], [25.5947, 44.3108], [25.6037, 44.3208], [25.6167, 44.3174], [25.6316, 44.3069], [25.6186, 44.2882], [25.6506, 44.2744], [25.6557, 44.2965], [25.6699, 44.2924], [25.6677, 44.2687], [25.6899, 44.2635], [25.7032, 44.252], [25.696, 44.2494], [25.7055, 44.2388], [25.684, 44.2389], [25.6795, 44.2232], [25.6642, 44.2076], [25.6553, 44.1688], [25.703, 44.1605], [25.7017, 44.154], [25.6768, 44.1574], [25.679, 44.1266], [25.7094, 44.1348], [25.7138, 44.1284], [25.7062, 44.1249], [25.7042, 44.1105], [25.7097, 44.1016], [25.6972, 44.1054], [25.6868, 44.1225], [25.6863, 44.1097], [25.6765, 44.1131], [25.6722, 44.1064], [25.6784, 44.0895], [25.6609, 44.1011], [25.6576, 44.1164], [25.6375, 44.0986], [25.6459, 44.0957], [25.6247, 44.0858], [25.6289, 44.0811], [25.618, 44.0761], [25.6253, 44.068], [25.6145, 44.0631], [25.6299, 44.0525], [25.6067, 44.0462], [25.6072, 44.038], [25.5987, 44.0377], [25.5988, 44.0166], [25.594, 44.0136], [25.5999, 44.003], [25.5934, 44.002], [25.6039, 43.9907], [25.5914, 43.9845], [25.6178, 43.9559], [25.6118, 43.9528], [25.6223, 43.9414], [25.5848, 43.9376], [25.5844, 43.9067], [25.6147, 43.9037], [25.6149, 43.8811], [25.6069, 43.8778], [25.6069, 43.8445], [25.6297, 43.8447], [25.6298, 43.8205], [25.66, 43.8205], [25.6601, 43.7787], [25.6677, 43.7732], [25.6511, 43.7498], [25.6601, 43.746], [25.6565, 43.7412], [25.6629, 43.7384], [25.6631, 43.7182], [25.6786, 43.7216], [25.6849, 43.7129], [25.6723, 43.7114], [25.6817, 43.6978], [25.6716, 43.6977], [25.6721, 43.6882], [25.7291, 43.6877], [25.7832, 43.7108], [25.8186, 43.7516], [25.8501, 43.7601], [25.8781, 43.7762], [25.8879, 43.7944], [25.9485, 43.8562], [26.003, 43.8866], [26.0608, 43.9084], [26.0825, 43.9466], [26.1037, 43.9698], [26.1393, 43.9838], [26.2253, 43.994], [26.3253, 44.033], [26.3774, 44.0414], [26.3581, 44.1081], [26.3877, 44.1219], [26.419, 44.1247], [26.4283, 44.145], [26.4271, 44.1575], [26.4135, 44.1758], [26.4208, 44.1833], [26.4096, 44.189], [26.3999, 44.1854], [26.3998, 44.1975], [26.4159, 44.1986], [26.4158, 44.2038], [26.4011, 44.2081], [26.4005, 44.2242], [26.3613, 44.2231], [26.3602, 44.2419], [26.3459, 44.2418], [26.315, 44.2579], [26.3036, 44.2559], [26.2835, 44.2813], [26.2597, 44.2949], [26.2496, 44.295], [26.2136, 44.2629], [26.2039, 44.2733], [26.1887, 44.2512], [26.1955, 44.2485], [26.1902, 44.2415], [26.173, 44.2504], [26.1618, 44.236], [26.1548, 44.24], [26.1454, 44.2345], [26.0942, 44.2529], [26.0843, 44.2674], [26.0538, 44.27], [26.0312, 44.291], [26.01, 44.3011], [25.9975, 44.2956], [25.9745, 44.2695], [26.0015, 44.3056], [25.9931, 44.3168], [25.9721, 44.3276], [25.966, 44.3164], [25.9503, 44.3167], [25.9526, 44.3274], [25.9327, 44.336], [25.9108, 44.3314], [25.8969, 44.3442], [25.886, 44.345], [25.8901, 44.3579], [25.87, 44.3574], [25.8688, 44.3668], [25.8572, 44.3725], [25.8573, 44.3876], [25.8254, 44.392], [25.8312, 44.4028], [25.8696, 44.4184], [25.8481, 44.4304], [25.865, 44.4434], [25.8525, 44.447], [25.8538, 44.467], [25.8455, 44.472], [25.8567, 44.4822], [25.8646, 44.4794], [25.8708, 44.4736], [25.8658, 44.4701], [25.8708, 44.4587], [25.8796, 44.4616], [25.9, 44.4526], [25.9153, 44.4769], [25.8956, 44.4853], [25.9206, 44.5163], [25.8908, 44.541], [25.875, 44.5339], [25.8536, 44.5389], [25.8446, 44.5239], [25.8321, 44.5417], [25.8102, 44.5488], [25.7892, 44.5303], [25.7787, 44.5293], [25.7641, 44.5357], [25.7573, 44.5298], [25.7463, 44.5381], [25.7287, 44.5364], [25.7221, 44.5451], [25.7129, 44.5405], [25.7081, 44.5444], [25.6818, 44.523], [25.6838, 44.529], [25.6763, 44.5253], [25.6742, 44.5324], [25.6461, 44.5441], [25.6468, 44.5535], [25.6168, 44.5504], [25.6011, 44.5289], [25.5934, 44.5321], [25.5893, 44.5254], [25.5749, 44.538], [25.5643, 44.5291], [25.542, 44.54], [25.5156, 44.5189], [25.4957, 44.5197], [25.4846, 44.5025], [25.4804, 44.5043], [25.4799, 44.4991], [25.4995, 44.4877], [25.5122, 44.4877], [25.4908, 44.4717], [25.4976, 44.4655], [25.4805, 44.452], [25.4845, 44.4508], [25.4592, 44.4209], [25.4504, 44.4196], [25.4255, 44.3969]]]}, "properties": {"code": "GR", "name": "Giurgiu", "name_1977": "", "geometry_basis": "modern_osm", "boundary_note": "", "in_table_II1": 0, "n_metrics": 0, "n_mentions": 0, "damaged_reported": null, "damaged_class": "", "damaged_metric": "", "part_of_1977": "IF"}}, {"type": "Feature", "id": "GJ", "geometry": {"type": "Polygon", "coordinates": [[[22.5592, 45.1569], [22.5789, 45.1379], [22.6281, 45.1353], [22.6508, 45.1277], [22.6564, 45.1085], [22.6897, 45.1003], [22.705, 45.0673], [22.7267, 45.0781], [22.7333, 45.0752], [22.725, 45.068], [22.7375, 45.068], [22.733, 45.0638], [22.7382, 45.059], [22.7682, 45.0612], [22.7831, 45.0459], [22.8139, 45.0365], [22.8313, 45.0237], [22.8284, 45.0194], [22.8508, 44.9991], [22.8485, 44.993], [22.8608, 44.9895], [22.8858, 44.9971], [22.9, 44.9918], [22.8896, 44.9768], [22.8977, 44.9651], [22.8699, 44.9615], [22.8777, 44.9259], [22.8959, 44.885], [22.8917, 44.8674], [22.8972, 44.8588], [22.8895, 44.8531], [22.9087, 44.822], [22.9399, 44.8148], [22.947, 44.8071], [22.934, 44.8021], [22.9416, 44.7831], [22.9476, 44.7793], [22.9612, 44.7947], [22.9892, 44.7832], [22.996, 44.7759], [22.9906, 44.7742], [22.9964, 44.7716], [22.9946, 44.762], [23.0086, 44.7462], [23.0047, 44.745], [23.0219, 44.7356], [23.0475, 44.734], [23.0527, 44.7254], [23.0627, 44.7291], [23.0658, 44.7238], [23.0588, 44.7219], [23.0673, 44.7156], [23.0625, 44.7116], [23.0896, 44.695], [23.105, 44.694], [23.1107, 44.6853], [23.1172, 44.6879], [23.1175, 44.6818], [23.1236, 44.6875], [23.1449, 44.6812], [23.1306, 44.6881], [23.1351, 44.6953], [23.1457, 44.6889], [23.1883, 44.6952], [23.1937, 44.6921], [23.1855, 44.6788], [23.2745, 44.6688], [23.2882, 44.6765], [23.3158, 44.6618], [23.3197, 44.6478], [23.3567, 44.63], [23.3934, 44.6295], [23.3849, 44.6203], [23.4127, 44.6105], [23.4031, 44.5911], [23.425, 44.5883], [23.4241, 44.5819], [23.4445, 44.5768], [23.4431, 44.5713], [23.4636, 44.5683], [23.4653, 44.574], [23.4585, 44.5744], [23.4673, 44.5788], [23.4894, 44.5787], [23.4969, 44.5712], [23.4942, 44.5793], [23.5077, 44.5833], [23.5145, 44.6015], [23.5888, 44.6151], [23.601, 44.6053], [23.5986, 44.5998], [23.6148, 44.59], [23.6971, 44.6021], [23.7077, 44.5851], [23.7164, 44.598], [23.7104, 44.6095], [23.7199, 44.6276], [23.7183, 44.6367], [23.7085, 44.642], [23.7145, 44.6508], [23.7084, 44.6603], [23.726, 44.6844], [23.7191, 44.6935], [23.7223, 44.7013], [23.713, 44.7114], [23.7168, 44.7265], [23.7217, 44.7297], [23.7476, 44.7161], [23.7805, 44.714], [23.7767, 44.7318], [23.7817, 44.7476], [23.7767, 44.7534], [23.7808, 44.7594], [23.7705, 44.7816], [23.7761, 44.7969], [23.7871, 44.7985], [23.7959, 44.8167], [23.7817, 44.8383], [23.7851, 44.8499], [23.7796, 44.8628], [23.7685, 44.865], [23.7693, 44.8715], [23.7565, 44.8664], [23.7535, 44.8708], [23.7634, 44.8852], [23.7602, 44.8993], [23.7696, 44.9078], [23.7647, 44.9252], [23.7723, 44.9494], [23.7549, 44.9954], [23.7581, 45.0057], [23.7953, 45.0234], [23.7826, 45.0634], [23.8285, 45.0747], [23.8283, 45.0901], [23.8172, 45.102], [23.8247, 45.1051], [23.8233, 45.1161], [23.812, 45.1255], [23.8555, 45.1508], [23.8399, 45.1922], [23.8175, 45.2076], [23.8082, 45.2295], [23.8106, 45.2376], [23.7963, 45.261], [23.8251, 45.3], [23.8442, 45.3151], [23.8452, 45.325], [23.8411, 45.3325], [23.7969, 45.3538], [23.7267, 45.3274], [23.7085, 45.3344], [23.6856, 45.3281], [23.6463, 45.3502], [23.6237, 45.3338], [23.5906, 45.3531], [23.5813, 45.3525], [23.5512, 45.3391], [23.5392, 45.3401], [23.5331, 45.3299], [23.4836, 45.3142], [23.4723, 45.3028], [23.4437, 45.2975], [23.4004, 45.3159], [23.4059, 45.3229], [23.4025, 45.3347], [23.3776, 45.3385], [23.3749, 45.3318], [23.3394, 45.3314], [23.3282, 45.3208], [23.3268, 45.31], [23.31, 45.2999], [23.2889, 45.3099], [23.2345, 45.3035], [23.2073, 45.2773], [23.1848, 45.2859], [23.1647, 45.2793], [23.1489, 45.287], [23.1411, 45.2815], [23.1453, 45.2792], [23.0933, 45.2912], [23.0679, 45.2748], [23.0663, 45.2649], [23.0076, 45.2534], [22.9962, 45.2602], [22.9751, 45.2541], [22.9637, 45.2713], [22.956, 45.2714], [22.9426, 45.2384], [22.9222, 45.2413], [22.9556, 45.2734], [22.9165, 45.2794], [22.8644, 45.2611], [22.8578, 45.2758], [22.8239, 45.2852], [22.8145, 45.2724], [22.7848, 45.2624], [22.7772, 45.2625], [22.7743, 45.2701], [22.7441, 45.2649], [22.7352, 45.2534], [22.6999, 45.2602], [22.6924, 45.2513], [22.6865, 45.2582], [22.6732, 45.2403], [22.6446, 45.2337], [22.6499, 45.2267], [22.6464, 45.2202], [22.6256, 45.2084], [22.6004, 45.2053], [22.5592, 45.1569]]]}, "properties": {"code": "GJ", "name": "Gorj", "name_1977": "Județul Gorj", "geometry_basis": "modern_osm", "boundary_note": "", "in_table_II1": 0, "n_metrics": 0, "n_mentions": 0, "damaged_reported": null, "damaged_class": "", "damaged_metric": ""}}, {"type": "Feature", "id": "HR", "geometry": {"type": "Polygon", "coordinates": [[[24.8537, 46.3479], [24.8699, 46.3395], [24.8674, 46.3258], [24.8782, 46.3252], [24.8614, 46.3113], [24.8713, 46.3045], [24.8682, 46.299], [24.8882, 46.2995], [24.9092, 46.28], [24.9345, 46.273], [24.9287, 46.2622], [24.9386, 46.2589], [24.9337, 46.2477], [24.9622, 46.2493], [24.9596, 46.244], [24.9859, 46.2371], [24.9896, 46.2445], [25.0049, 46.2483], [25.0378, 46.2401], [25.0697, 46.2449], [25.078, 46.2407], [25.0758, 46.2325], [25.1063, 46.2305], [25.1127, 46.2094], [25.1376, 46.1815], [25.1782, 46.1639], [25.19, 46.1706], [25.2431, 46.1414], [25.257, 46.1466], [25.2661, 46.1686], [25.2514, 46.1773], [25.2586, 46.1905], [25.2734, 46.1872], [25.2663, 46.1755], [25.2727, 46.1708], [25.3325, 46.1777], [25.3736, 46.1356], [25.4049, 46.1327], [25.4104, 46.129], [25.4071, 46.1239], [25.4493, 46.1249], [25.4544, 46.12], [25.4513, 46.1041], [25.467, 46.1066], [25.4783, 46.1241], [25.4789, 46.1456], [25.4977, 46.1484], [25.509, 46.1616], [25.5047, 46.166], [25.5082, 46.1882], [25.5472, 46.2096], [25.5566, 46.2078], [25.5629, 46.2181], [25.5748, 46.2129], [25.6027, 46.2416], [25.6308, 46.2443], [25.7001, 46.2767], [25.726, 46.2746], [25.7341, 46.2632], [25.7232, 46.2558], [25.7899, 46.194], [25.7917, 46.1759], [25.804, 46.1728], [25.8054, 46.1647], [25.8343, 46.1452], [25.8471, 46.1243], [25.8572, 46.1197], [25.9787, 46.1351], [25.9917, 46.1252], [26.0195, 46.128], [26.0382, 46.1512], [26.0569, 46.1598], [26.0881, 46.1565], [26.085, 46.1598], [26.0972, 46.1653], [26.1163, 46.161], [26.1314, 46.1717], [26.1724, 46.1603], [26.1768, 46.1797], [26.1877, 46.179], [26.1836, 46.1849], [26.207, 46.1791], [26.2196, 46.206], [26.2615, 46.2156], [26.2541, 46.2232], [26.2585, 46.2316], [26.2503, 46.2355], [26.264, 46.2454], [26.2586, 46.2501], [26.2648, 46.2563], [26.2534, 46.2666], [26.2534, 46.2773], [26.2744, 46.2874], [26.2722, 46.2966], [26.2788, 46.2995], [26.2931, 46.3343], [26.2709, 46.3448], [26.2356, 46.3353], [26.2209, 46.3143], [26.1932, 46.3103], [26.1565, 46.3149], [26.1493, 46.329], [26.1644, 46.3471], [26.166, 46.3848], [26.1098, 46.4005], [26.0619, 46.4007], [26.0564, 46.4036], [26.0602, 46.4134], [26.0469, 46.4166], [26.0341, 46.4172], [26.03, 46.4101], [26.0224, 46.4163], [26.02, 46.4091], [26.0062, 46.4127], [26.0035, 46.4064], [25.9953, 46.4068], [26.0032, 46.4252], [25.987, 46.4389], [26.0058, 46.4448], [26.0051, 46.4548], [26.0171, 46.4612], [26.0116, 46.4692], [26.0168, 46.477], [26.0071, 46.4826], [26.019, 46.4924], [26.0562, 46.4943], [26.0746, 46.4845], [26.0832, 46.5125], [26.0745, 46.5255], [26.0574, 46.527], [26.0355, 46.5438], [26.0392, 46.5557], [26.0316, 46.5603], [26.0336, 46.5704], [26.0225, 46.5888], [25.9985, 46.6015], [25.9917, 46.6214], [26.0019, 46.6278], [26.0033, 46.6379], [26.0194, 46.6343], [25.9934, 46.6738], [25.9727, 46.6776], [25.9754, 46.6972], [25.8958, 46.7015], [25.8839, 46.6888], [25.9086, 46.6549], [25.8986, 46.6489], [25.8674, 46.6494], [25.7959, 46.7181], [25.8072, 46.7374], [25.7999, 46.7696], [25.8086, 46.7858], [25.801, 46.8009], [25.8074, 46.8049], [25.7852, 46.8128], [25.777, 46.8256], [25.7828, 46.8338], [25.7939, 46.8327], [25.8048, 46.8406], [25.7828, 46.8512], [25.7795, 46.8342], [25.7625, 46.8412], [25.7815, 46.8631], [25.7654, 46.8845], [25.8015, 46.9153], [25.8037, 46.929], [25.8421, 46.9204], [25.862, 46.9234], [25.8543, 46.9243], [25.8424, 46.943], [25.8388, 46.9627], [25.8188, 46.9768], [25.8015, 46.9665], [25.7898, 46.9964], [25.7697, 47.0163], [25.7693, 47.0356], [25.744, 47.0518], [25.7344, 47.0738], [25.6303, 47.095], [25.6016, 47.0773], [25.5743, 47.0847], [25.5356, 47.0835], [25.5274, 47.1001], [25.5303, 47.1105], [25.458, 47.1444], [25.4267, 47.1695], [25.4252, 47.1839], [25.3742, 47.1753], [25.3585, 47.1797], [25.3247, 47.166], [25.3049, 47.1651], [25.2944, 47.1559], [25.2872, 47.1332], [25.2957, 47.115], [25.2797, 47.1039], [25.2462, 47.0977], [25.2301, 47.0739], [25.2335, 47.0584], [25.2701, 47.0306], [25.2655, 47.0107], [25.2891, 46.993], [25.2895, 46.9804], [25.2833, 46.9779], [25.2889, 46.9701], [25.2834, 46.9534], [25.2707, 46.9458], [25.2622, 46.9123], [25.2671, 46.9001], [25.2773, 46.8967], [25.2513, 46.8411], [25.2642, 46.8417], [25.2884, 46.8304], [25.2818, 46.8273], [25.2793, 46.8149], [25.2855, 46.7975], [25.3166, 46.7796], [25.3177, 46.769], [25.2897, 46.7524], [25.2611, 46.7498], [25.2642, 46.7332], [25.2591, 46.7276], [25.2815, 46.7086], [25.2946, 46.6875], [25.2806, 46.6716], [25.2521, 46.675], [25.2372, 46.6696], [25.239, 46.6501], [25.2227, 46.6392], [25.2324, 46.634], [25.2181, 46.6275], [25.2184, 46.6193], [25.2147, 46.626], [25.1946, 46.6275], [25.1792, 46.5992], [25.1514, 46.5844], [25.1512, 46.5772], [25.1043, 46.5823], [25.0756, 46.5702], [25.0688, 46.5554], [25.0224, 46.5411], [25.0045, 46.5102], [24.9832, 46.4956], [25.0092, 46.495], [25.0248, 46.4796], [25.0219, 46.469], [25.0019, 46.4573], [24.9983, 46.4654], [24.9888, 46.4655], [24.9919, 46.4589], [24.9809, 46.444], [24.9469, 46.4433], [24.95, 46.4338], [24.9357, 46.4209], [24.9366, 46.4084], [24.9599, 46.4038], [24.9797, 46.385], [24.9484, 46.3745], [24.9312, 46.3771], [24.9234, 46.3874], [24.9086, 46.3906], [24.8919, 46.3817], [24.8787, 46.3837], [24.8891, 46.3763], [24.8817, 46.3719], [24.8853, 46.364], [24.8571, 46.3573], [24.8537, 46.3479]]]}, "properties": {"code": "HR", "name": "Harghita", "name_1977": "", "geometry_basis": "modern_osm", "boundary_note": "", "in_table_II1": 0, "n_metrics": 0, "n_mentions": 0, "damaged_reported": null, "damaged_class": "", "damaged_metric": ""}}, {"type": "Feature", "id": "HD", "geometry": {"type": "Polygon", "coordinates": [[[22.336, 45.9944], [22.3395, 45.9788], [22.3777, 45.9643], [22.4188, 45.9378], [22.4104, 45.9071], [22.3686, 45.8836], [22.3861, 45.8839], [22.4106, 45.8546], [22.4358, 45.8558], [22.4622, 45.8474], [22.4602, 45.8375], [22.4763, 45.838], [22.4784, 45.8078], [22.4701, 45.8028], [22.4808, 45.7946], [22.4804, 45.7868], [22.5002, 45.7851], [22.5342, 45.8014], [22.5508, 45.7819], [22.549, 45.773], [22.5197, 45.7513], [22.4694, 45.7301], [22.4686, 45.6937], [22.4504, 45.6822], [22.4317, 45.6799], [22.4265, 45.6689], [22.4539, 45.6604], [22.4535, 45.6472], [22.4743, 45.6239], [22.4944, 45.6182], [22.5124, 45.5953], [22.5444, 45.5953], [22.5482, 45.581], [22.5603, 45.5869], [22.571, 45.5851], [22.5721, 45.5793], [22.5829, 45.5845], [22.5955, 45.5747], [22.593, 45.5607], [22.6366, 45.5711], [22.641, 45.5531], [22.6272, 45.5361], [22.648, 45.5417], [22.6527, 45.5268], [22.677, 45.5158], [22.6687, 45.5066], [22.6762, 45.4966], [22.6897, 45.4927], [22.6975, 45.4624], [22.7066, 45.461], [22.7042, 45.4328], [22.7128, 45.4157], [22.691, 45.3918], [22.6566, 45.3713], [22.6688, 45.3614], [22.6669, 45.3522], [22.6833, 45.3316], [22.6992, 45.3287], [22.6923, 45.32], [22.6966, 45.3031], [22.6773, 45.2826], [22.6888, 45.2745], [22.6855, 45.2626], [22.6924, 45.2513], [22.6999, 45.2602], [22.7352, 45.2534], [22.7441, 45.2649], [22.7634, 45.2693], [22.7743, 45.2701], [22.7772, 45.2625], [22.7848, 45.2624], [22.8145, 45.2724], [22.8242, 45.2852], [22.8578, 45.2758], [22.8644, 45.2611], [22.9165, 45.2794], [22.9556, 45.2734], [22.9222, 45.2413], [22.9426, 45.2384], [22.956, 45.2714], [22.9637, 45.2713], [22.9751, 45.2541], [22.9962, 45.2602], [23.0076, 45.2534], [23.0663, 45.2649], [23.0679, 45.2748], [23.0933, 45.2912], [23.1453, 45.2792], [23.1411, 45.2815], [23.1489, 45.287], [23.1647, 45.2793], [23.1848, 45.2859], [23.2073, 45.2773], [23.2345, 45.3035], [23.2889, 45.3099], [23.31, 45.2999], [23.3268, 45.31], [23.3282, 45.3208], [23.3394, 45.3314], [23.3749, 45.3318], [23.3801, 45.3387], [23.4034, 45.3339], [23.4059, 45.3229], [23.4004, 45.3159], [23.4369, 45.304], [23.44, 45.2981], [23.4525, 45.2985], [23.4723, 45.3028], [23.4822, 45.3136], [23.5129, 45.327], [23.5313, 45.329], [23.5392, 45.3401], [23.5906, 45.3531], [23.5853, 45.3697], [23.6016, 45.3827], [23.5889, 45.4099], [23.5923, 45.421], [23.5761, 45.4278], [23.5958, 45.453], [23.5954, 45.4923], [23.5773, 45.5075], [23.5688, 45.5246], [23.5542, 45.5306], [23.5367, 45.5497], [23.5136, 45.5538], [23.5031, 45.5637], [23.4995, 45.5798], [23.483, 45.5736], [23.4766, 45.5805], [23.454, 45.5798], [23.4456, 45.5878], [23.4273, 45.5844], [23.4186, 45.5956], [23.4255, 45.6254], [23.4091, 45.6338], [23.3769, 45.6219], [23.3699, 45.6262], [23.3688, 45.6426], [23.3851, 45.6503], [23.3867, 45.657], [23.4018, 45.6589], [23.4086, 45.6684], [23.4221, 45.6701], [23.4227, 45.6787], [23.395, 45.6942], [23.3821, 45.6948], [23.3602, 45.7179], [23.381, 45.7593], [23.3736, 45.7728], [23.3532, 45.7778], [23.3477, 45.7882], [23.3529, 45.7928], [23.3434, 45.7996], [23.3438, 45.8075], [23.3239, 45.8363], [23.3317, 45.8798], [23.3033, 45.8938], [23.3191, 45.9077], [23.3372, 45.9109], [23.3377, 45.9181], [23.2934, 45.9191], [23.2651, 45.9336], [23.2523, 45.9693], [23.2353, 45.9878], [23.239, 46.041], [23.2239, 46.0329], [23.2048, 46.036], [23.1844, 46.0271], [23.101, 46.046], [23.1027, 46.0617], [23.0873, 46.0665], [23.0894, 46.0767], [23.0797, 46.0824], [23.0895, 46.1002], [23.0753, 46.1072], [23.0618, 46.1058], [23.0679, 46.1223], [23.0552, 46.1408], [23.0777, 46.1498], [23.099, 46.1389], [23.1038, 46.1537], [23.0901, 46.1665], [23.0955, 46.1823], [23.0694, 46.1987], [23.0702, 46.2073], [23.0505, 46.2138], [23.0394, 46.2081], [22.9819, 46.2177], [22.9816, 46.2262], [22.9563, 46.2462], [22.9549, 46.2606], [22.9475, 46.266], [22.9651, 46.2824], [22.9582, 46.2928], [22.9432, 46.2986], [22.9356, 46.3247], [22.9257, 46.3306], [22.869, 46.338], [22.8518, 46.3296], [22.812, 46.3261], [22.777, 46.3493], [22.7487, 46.3512], [22.7244, 46.3338], [22.6779, 46.3214], [22.6804, 46.2981], [22.6593, 46.269], [22.6544, 46.2555], [22.6617, 46.249], [22.6569, 46.2354], [22.6472, 46.2336], [22.649, 46.2288], [22.6345, 46.2262], [22.6247, 46.2314], [22.6077, 46.2187], [22.5872, 46.2249], [22.5909, 46.2283], [22.5838, 46.2335], [22.5523, 46.2299], [22.5457, 46.2241], [22.5329, 46.2289], [22.513, 46.2246], [22.4949, 46.2434], [22.4688, 46.2326], [22.46, 46.2239], [22.4626, 46.2165], [22.4535, 46.2198], [22.4368, 46.208], [22.4486, 46.1928], [22.4531, 46.1631], [22.4672, 46.1457], [22.4454, 46.1159], [22.4314, 46.1128], [22.4315, 46.1064], [22.4115, 46.1085], [22.4052, 46.0951], [22.4295, 46.0771], [22.4353, 46.0492], [22.4277, 46.0437], [22.4281, 46.0345], [22.4403, 46.0293], [22.4367, 46.011], [22.4228, 46.0123], [22.4048, 46.0024], [22.389, 46.0088], [22.3838, 45.9955], [22.336, 45.9944]]]}, "properties": {"code": "HD", "name": "Hunedoara", "name_1977": "", "geometry_basis": "modern_osm", "boundary_note": "", "in_table_II1": 0, "n_metrics": 0, "n_mentions": 0, "damaged_reported": null, "damaged_class": "", "damaged_metric": ""}}, {"type": "Feature", "id": "IL", "geometry": {"type": "Polygon", "coordinates": [[[26.3018, 44.7689], [26.3473, 44.731], [26.3742, 44.7204], [26.3609, 44.7051], [26.3702, 44.6984], [26.3599, 44.6878], [26.3415, 44.6876], [26.3297, 44.6788], [26.3542, 44.6616], [26.3592, 44.6378], [26.368, 44.6404], [26.3757, 44.6208], [26.3971, 44.6246], [26.4011, 44.6122], [26.3726, 44.5906], [26.3816, 44.585], [26.3606, 44.5676], [26.3678, 44.5653], [26.3563, 44.5643], [26.3372, 44.5475], [26.3431, 44.5493], [26.3671, 44.5269], [26.3911, 44.5391], [26.4151, 44.5262], [26.4128, 44.5227], [26.4285, 44.5216], [26.4674, 44.5472], [26.439, 44.5487], [26.4453, 44.5629], [26.4666, 44.5636], [26.4799, 44.5765], [26.4964, 44.5715], [26.4916, 44.5623], [26.5078, 44.5554], [26.5127, 44.5616], [26.5221, 44.5581], [26.5629, 44.5266], [26.5994, 44.5231], [26.5882, 44.5124], [26.5953, 44.5111], [26.6108, 44.5223], [26.6018, 44.5266], [26.6037, 44.5324], [26.6185, 44.5276], [26.6145, 44.5354], [26.6211, 44.5431], [26.6413, 44.5317], [26.6447, 44.5361], [26.6356, 44.5409], [26.665, 44.5955], [26.6838, 44.591], [26.6733, 44.5725], [26.6802, 44.5628], [26.726, 44.559], [26.7227, 44.5377], [26.7541, 44.5281], [26.7603, 44.55], [26.787, 44.5418], [26.7793, 44.5214], [26.7701, 44.5178], [26.7963, 44.511], [26.8106, 44.5224], [26.8234, 44.5115], [26.8299, 44.5276], [26.8502, 44.5246], [26.8441, 44.5153], [26.8755, 44.5176], [26.8814, 44.528], [26.8975, 44.5231], [26.8927, 44.5159], [27.0036, 44.529], [27.0037, 44.5088], [27.0917, 44.5085], [27.0918, 44.4853], [27.1355, 44.483], [27.1399, 44.5009], [27.2062, 44.4838], [27.2105, 44.501], [27.2019, 44.5021], [27.2058, 44.5158], [27.2313, 44.5073], [27.2279, 44.4934], [27.263, 44.4891], [27.2678, 44.5063], [27.2903, 44.5038], [27.2875, 44.4897], [27.3456, 44.4859], [27.3522, 44.5173], [27.3702, 44.5163], [27.3698, 44.5062], [27.3901, 44.5059], [27.3885, 44.4962], [27.5185, 44.4971], [27.5253, 44.5438], [27.5457, 44.5421], [27.5464, 44.562], [27.5586, 44.5611], [27.572, 44.5591], [27.5702, 44.4678], [27.6391, 44.4707], [27.6386, 44.4654], [27.6494, 44.465], [27.6485, 44.4508], [27.6594, 44.4461], [27.6543, 44.4209], [27.7317, 44.419], [27.7336, 44.4062], [27.7466, 44.4054], [27.748, 44.3974], [27.7699, 44.3948], [27.7457, 44.382], [27.7564, 44.3659], [27.7486, 44.3619], [27.7564, 44.3537], [27.7719, 44.3443], [27.7891, 44.3551], [27.7997, 44.3384], [27.8134, 44.3341], [27.8348, 44.3473], [27.8426, 44.3679], [27.8551, 44.3801], [28.0175, 44.3403], [28.0255, 44.3649], [28.0432, 44.3848], [28.1088, 44.4395], [28.0876, 44.4917], [28.0528, 44.5093], [28.0367, 44.5449], [28.0131, 44.5716], [28.0143, 44.5863], [28.0333, 44.613], [28.0318, 44.6253], [27.9582, 44.6802], [27.9313, 44.6796], [27.9153, 44.6946], [27.8803, 44.709], [27.8713, 44.7311], [27.8811, 44.7656], [27.8712, 44.775], [27.8257, 44.7834], [27.8205, 44.7974], [27.8265, 44.82], [27.8002, 44.8148], [27.7886, 44.8188], [27.7756, 44.805], [27.7505, 44.8078], [27.7283, 44.8017], [27.7255, 44.7941], [27.7437, 44.7884], [27.7442, 44.7792], [27.7231, 44.7778], [27.7219, 44.7651], [27.5288, 44.7886], [27.5216, 44.7889], [27.5268, 44.774], [27.5031, 44.7744], [27.5033, 44.7801], [27.484, 44.7804], [27.478, 44.7752], [27.4368, 44.799], [27.4078, 44.773], [27.3916, 44.7834], [27.382, 44.7747], [27.3411, 44.8026], [27.3096, 44.7747], [27.2886, 44.7858], [27.2576, 44.7497], [27.2216, 44.7753], [27.2236, 44.7826], [27.1556, 44.7888], [27.1482, 44.7679], [27.1875, 44.7513], [27.1792, 44.7353], [27.1374, 44.7417], [27.1341, 44.7355], [27.0979, 44.7449], [27.1109, 44.782], [27.0566, 44.7968], [27.008, 44.8245], [26.9733, 44.7883], [26.9084, 44.8052], [26.8784, 44.8203], [26.8658, 44.8061], [26.8465, 44.8149], [26.8304, 44.7977], [26.8168, 44.8041], [26.8102, 44.7953], [26.7766, 44.8151], [26.7187, 44.8092], [26.714, 44.8195], [26.6787, 44.8088], [26.6448, 44.823], [26.631, 44.8136], [26.6056, 44.857], [26.5253, 44.8269], [26.5332, 44.8205], [26.4935, 44.7908], [26.4532, 44.8109], [26.3852, 44.7617], [26.3706, 44.7626], [26.37, 44.7712], [26.3568, 44.7683], [26.3625, 44.7806], [26.3442, 44.7776], [26.3485, 44.784], [26.3426, 44.7826], [26.3376, 44.7933], [26.335, 44.7847], [26.3228, 44.7843], [26.3286, 44.7903], [26.322, 44.7909], [26.3018, 44.7689]]]}, "properties": {"code": "IL", "name": "Ialomița", "name_1977": "", "geometry_basis": "modern_osm", "boundary_note": "", "in_table_II1": 0, "n_metrics": 0, "n_mentions": 0, "damaged_reported": null, "damaged_class": "", "damaged_metric": ""}}, {"type": "Feature", "id": "IS", "geometry": {"type": "Polygon", "coordinates": [[[26.493, 47.3923], [26.5089, 47.3631], [26.4988, 47.3619], [26.497, 47.3499], [26.502, 47.3505], [26.5109, 47.3353], [26.5213, 47.3402], [26.5413, 47.3154], [26.5502, 47.3179], [26.5505, 47.3099], [26.5635, 47.3151], [26.5742, 47.3064], [26.5629, 47.2924], [26.5463, 47.3008], [26.5078, 47.2717], [26.5658, 47.2347], [26.5742, 47.2185], [26.5988, 47.203], [26.5905, 47.199], [26.6093, 47.197], [26.6159, 47.1838], [26.6022, 47.173], [26.6107, 47.1681], [26.6, 47.1547], [26.6137, 47.1465], [26.6116, 47.1352], [26.6226, 47.1322], [26.6158, 47.1276], [26.6146, 47.1096], [26.6345, 47.0926], [26.6828, 47.1124], [26.7254, 47.0851], [26.7596, 47.0978], [26.8123, 47.0674], [26.8196, 47.0421], [26.8324, 47.0374], [26.8339, 47.043], [26.8781, 47.0577], [26.8853, 47.0518], [26.8715, 47.046], [26.8764, 47.0413], [26.8886, 47.0457], [26.9026, 47.028], [26.9599, 47.045], [26.9594, 47.0602], [26.9718, 47.0619], [26.9709, 47.0773], [26.9834, 47.0793], [27.0027, 47.0396], [27.0225, 47.0335], [27.0366, 47.0419], [27.0323, 47.0423], [27.0354, 47.05], [27.0254, 47.0526], [27.0522, 47.0635], [27.0604, 47.0849], [27.0976, 47.092], [27.156, 47.0827], [27.1831, 47.0614], [27.1856, 47.0497], [27.1769, 47.0402], [27.1864, 47.03], [27.2359, 47.0142], [27.2436, 46.9929], [27.232, 46.9872], [27.2299, 46.9776], [27.217, 46.9739], [27.1803, 46.9889], [27.1657, 46.9729], [27.171, 46.971], [27.1479, 46.9582], [27.1339, 46.9635], [27.122, 46.9506], [27.1727, 46.9246], [27.203, 46.8952], [27.1934, 46.8879], [27.2143, 46.8765], [27.2233, 46.878], [27.2263, 46.8681], [27.2485, 46.8762], [27.2513, 46.8676], [27.2848, 46.8759], [27.295, 46.8674], [27.3219, 46.8642], [27.3364, 46.8677], [27.3512, 46.8814], [27.3644, 46.8826], [27.3725, 46.8922], [27.3981, 46.8936], [27.4021, 46.8759], [27.4171, 46.8746], [27.4245, 46.8625], [27.4548, 46.8694], [27.4599, 46.8624], [27.4717, 46.8712], [27.4755, 46.8664], [27.4896, 46.8696], [27.4865, 46.8751], [27.5158, 46.8752], [27.5331, 46.8821], [27.5218, 46.8914], [27.52, 46.9145], [27.5319, 46.916], [27.535, 46.9111], [27.5473, 46.9143], [27.5683, 46.8775], [27.571, 46.8889], [27.589, 46.8873], [27.5841, 46.8799], [27.5912, 46.8789], [27.6095, 46.8897], [27.6069, 46.8934], [27.6209, 46.8897], [27.6439, 46.8964], [27.6305, 46.9219], [27.6162, 46.925], [27.6182, 46.9395], [27.6076, 46.9465], [27.6168, 46.95], [27.6063, 46.9572], [27.6214, 46.9917], [27.6376, 46.9772], [27.66, 46.9736], [27.6833, 46.9553], [27.6937, 46.9371], [27.7054, 46.9401], [27.7247, 46.92], [27.733, 46.9223], [27.7446, 46.9024], [27.7686, 46.8829], [27.7685, 46.8763], [27.7859, 46.8827], [27.7863, 46.8744], [27.7917, 46.8743], [27.7841, 46.9067], [27.7696, 46.9337], [27.7706, 46.9472], [27.7876, 46.9465], [27.7958, 46.9275], [27.8083, 46.928], [27.8119, 46.9344], [27.8172, 46.9241], [27.8103, 46.9179], [27.8085, 46.8966], [27.8141, 46.8809], [27.797, 46.8602], [27.8297, 46.8535], [27.8329, 46.8635], [27.8459, 46.8655], [27.8722, 46.8584], [27.8695, 46.8399], [27.8859, 46.8239], [27.8802, 46.8434], [27.8892, 46.8382], [27.895, 46.8165], [27.8883, 46.8137], [27.8952, 46.8072], [27.9203, 46.8106], [27.9194, 46.822], [27.9438, 46.8225], [27.9353, 46.8324], [27.9412, 46.8377], [27.9281, 46.8398], [27.9404, 46.8447], [27.9215, 46.8632], [27.9283, 46.8664], [27.9366, 46.8648], [27.942, 46.8552], [27.9798, 46.8573], [27.9902, 46.8384], [28.0084, 46.8395], [28.0147, 46.8338], [28.0526, 46.8509], [28.064, 46.8475], [28.0703, 46.8522], [28.0839, 46.8452], [28.1076, 46.8472], [28.1071, 46.8403], [28.1147, 46.8376], [28.1084, 46.8439], [28.1124, 46.8406], [28.1275, 46.8523], [28.1176, 46.8534], [28.1235, 46.8566], [28.1075, 46.8659], [28.1118, 46.8697], [28.0983, 46.8705], [28.1188, 46.8777], [28.1124, 46.882], [28.112, 46.8946], [28.1079, 46.8891], [28.1038, 46.8959], [28.0859, 46.8949], [28.0893, 46.8995], [28.0831, 46.902], [28.0866, 46.9077], [28.0959, 46.9047], [28.0942, 46.91], [28.1029, 46.9094], [28.1126, 46.9212], [28.096, 46.9284], [28.1061, 46.9283], [28.1028, 46.9327], [28.0841, 46.934], [28.081, 46.9373], [28.0885, 46.935], [28.0876, 46.9419], [28.0965, 46.9411], [28.0971, 46.95], [28.0897, 46.9478], [28.0938, 46.9564], [28.0783, 46.9628], [28.0962, 46.9785], [28.0546, 46.9996], [28.0538, 47.0058], [28.0506, 47.0014], [28.0399, 47.0118], [28.032, 47.0115], [28.0425, 47.0193], [28.0538, 47.014], [28.0486, 47.0247], [28.0422, 47.0201], [28.0376, 47.0288], [28.0287, 47.0304], [28.017, 47.0231], [27.9948, 47.0291], [27.9913, 47.0381], [27.9814, 47.0352], [27.9731, 47.0445], [27.9598, 47.041], [27.9642, 47.0492], [27.9441, 47.0505], [27.9588, 47.0574], [27.9406, 47.0664], [27.9337, 47.0619], [27.9165, 47.0668], [27.9057, 47.0768], [27.8976, 47.0734], [27.8932, 47.0871], [27.8798, 47.0918], [27.8837, 47.0989], [27.8669, 47.1027], [27.8748, 47.1079], [27.8605, 47.1034], [27.8544, 47.1076], [27.8566, 47.1126], [27.8295, 47.1178], [27.8259, 47.1228], [27.8383, 47.13], [27.8447, 47.1227], [27.851, 47.1251], [27.8426, 47.1356], [27.7813, 47.1424], [27.7999, 47.1419], [27.7951, 47.1495], [27.7842, 47.1497], [27.8009, 47.1517], [27.8113, 47.1657], [27.7963, 47.1707], [27.8038, 47.1883], [27.7867, 47.1902], [27.7901, 47.2077], [27.7769, 47.2046], [27.7865, 47.2178], [27.77, 47.2212], [27.7747, 47.231], [27.7553, 47.2302], [27.7593, 47.2399], [27.7459, 47.2416], [27.7487, 47.2493], [27.7543, 47.246], [27.7568, 47.2505], [27.7516, 47.255], [27.7448, 47.2512], [27.7424, 47.2569], [27.7587, 47.2576], [27.7452, 47.264], [27.7483, 47.2762], [27.7378, 47.2757], [27.7323, 47.2927], [27.705, 47.3001], [27.7063, 47.2896], [27.6909, 47.292], [27.6861, 47.2843], [27.6792, 47.3095], [27.6745, 47.3095], [27.6737, 47.2993], [27.663, 47.3083], [27.6465, 47.307], [27.6465, 47.2995], [27.633, 47.303], [27.6384, 47.3114], [27.6282, 47.3098], [27.622, 47.326], [27.606, 47.317], [27.6108, 47.3256], [27.6041, 47.3286], [27.5999, 47.3171], [27.5923, 47.3214], [27.5957, 47.3269], [27.5809, 47.3278], [27.6001, 47.3288], [27.6152, 47.3401], [27.6051, 47.3392], [27.6057, 47.3497], [27.595, 47.3473], [27.6013, 47.3662], [27.5967, 47.3725], [27.5886, 47.3648], [27.5732, 47.3688], [27.5829, 47.379], [27.5687, 47.3738], [27.569, 47.3938], [27.5815, 47.3983], [27.5845, 47.4083], [27.5759, 47.4084], [27.5707, 47.4248], [27.5566, 47.4254], [27.5525, 47.4333], [27.5607, 47.4378], [27.5577, 47.4473], [27.5702, 47.45], [27.5732, 47.463], [27.5594, 47.4634], [27.5382, 47.489], [27.5314, 47.4849], [27.5371, 47.4787], [27.5217, 47.4824], [27.5163, 47.4737], [27.5121, 47.4765], [27.5164, 47.4908], [27.5068, 47.4782], [27.4921, 47.4811], [27.4935, 47.4887], [27.4749, 47.4852], [27.4674, 47.4998], [27.4543, 47.5074], [27.4561, 47.5187], [27.4677, 47.5264], [27.451, 47.5222], [27.4441, 47.531], [27.4566, 47.5365], [27.4462, 47.5348], [27.4308, 47.5441], [27.4402, 47.5488], [27.424, 47.5539], [27.4329, 47.5623], [27.4185, 47.565], [27.4165, 47.5714], [27.4268, 47.5837], [27.4049, 47.5828], [27.3913, 47.5894], [27.3284, 47.5723], [27.3011, 47.576], [27.3056, 47.5719], [27.295, 47.567], [27.288, 47.574], [27.2817, 47.5682], [27.2636, 47.5712], [27.2466, 47.5565], [27.2541, 47.5526], [27.2463, 47.5427], [27.2591, 47.5291], [27.2247, 47.5223], [27.2295, 47.515], [27.2232, 47.5131], [27.2172, 47.5208], [27.1796, 47.5174], [27.1591, 47.5352], [27.1497, 47.5292], [27.1445, 47.5417], [27.1, 47.5479], [27.0725, 47.5128], [27.0823, 47.4644], [27.0492, 47.4662], [27.0498, 47.4517], [27.0419, 47.4383], [27.0224, 47.4613], [27.0053, 47.4665], [27.01, 47.4725], [27.0166, 47.4691], [27.0068, 47.4855], [27.0084, 47.4755], [26.9905, 47.4926], [26.9774, 47.4962], [26.8791, 47.4916], [26.8377, 47.4973], [26.8178, 47.508], [26.7879, 47.4999], [26.7496, 47.5033], [26.7162, 47.5153], [26.6985, 47.5096], [26.7041, 47.4994], [26.6975, 47.4929], [26.7156, 47.486], [26.7268, 47.4729], [26.7006, 47.4717], [26.6951, 47.4595], [26.6872, 47.4628], [26.6803, 47.4571], [26.6804, 47.4398], [26.7012, 47.4199], [26.7034, 47.4088], [26.696, 47.4008], [26.6889, 47.4141], [26.6795, 47.4134], [26.644, 47.3988], [26.6766, 47.379], [26.6774, 47.3725], [26.6632, 47.3678], [26.6799, 47.3681], [26.6812, 47.3614], [26.6096, 47.3553], [26.5993, 47.3674], [26.5706, 47.3763], [26.5709, 47.3894], [26.5329, 47.3898], [26.5275, 47.4046], [26.493, 47.3923]]]}, "properties": {"code": "IS", "name": "Iași", "name_1977": "Județul Iași", "geometry_basis": "modern_osm", "boundary_note": "", "in_table_II1": 1, "n_metrics": 6, "n_mentions": 2, "damaged_reported": null, "damaged_class": "", "damaged_metric": ""}}, {"type": "Feature", "id": "IF", "geometry": {"type": "Polygon", "coordinates": [[[26.3253, 44.033], [26.2253, 43.994], [26.1393, 43.9838], [26.1037, 43.9698], [26.0825, 43.9466], [26.0608, 43.9084], [26.003, 43.8866], [25.9485, 43.8562], [25.8879, 43.7944], [25.8781, 43.7762], [25.8501, 43.7601], [25.8186, 43.7516], [25.7832, 43.7108], [25.7291, 43.6877], [25.6721, 43.6882], [25.6716, 43.6977], [25.6817, 43.6978], [25.6723, 43.7114], [25.6849, 43.7129], [25.6786, 43.7216], [25.6631, 43.7182], [25.6629, 43.7384], [25.6565, 43.7412], [25.6601, 43.746], [25.6511, 43.7498], [25.6677, 43.7732], [25.6601, 43.7787], [25.66, 43.8205], [25.6298, 43.8205], [25.6297, 43.8447], [25.6069, 43.8445], [25.6069, 43.8778], [25.6149, 43.8811], [25.6147, 43.9037], [25.5844, 43.9067], [25.5848, 43.9376], [25.6223, 43.9414], [25.6118, 43.9528], [25.6178, 43.9559], [25.5914, 43.9845], [25.6039, 43.9907], [25.5934, 44.002], [25.5999, 44.003], [25.594, 44.0136], [25.5988, 44.0166], [25.5987, 44.0377], [25.6072, 44.038], [25.6067, 44.0462], [25.6299, 44.0525], [25.6145, 44.0631], [25.6253, 44.068], [25.618, 44.0761], [25.6289, 44.0811], [25.6247, 44.0858], [25.6459, 44.0957], [25.6375, 44.0986], [25.6576, 44.1164], [25.6609, 44.1011], [25.6784, 44.0895], [25.6722, 44.1064], [25.6765, 44.1131], [25.6863, 44.1097], [25.6868, 44.1225], [25.6972, 44.1054], [25.7097, 44.1016], [25.7042, 44.1105], [25.7062, 44.1249], [25.7138, 44.1284], [25.7094, 44.1348], [25.679, 44.1266], [25.6768, 44.1574], [25.7017, 44.154], [25.703, 44.1605], [25.6553, 44.1688], [25.6642, 44.2076], [25.6795, 44.2232], [25.684, 44.2389], [25.7055, 44.2388], [25.696, 44.2494], [25.7032, 44.252], [25.6899, 44.2635], [25.6677, 44.2687], [25.6699, 44.2924], [25.6557, 44.2965], [25.6506, 44.2744], [25.6186, 44.2882], [25.6316, 44.3069], [25.6167, 44.3174], [25.6037, 44.3208], [25.5947, 44.3108], [25.5711, 44.3082], [25.5575, 44.3177], [25.5154, 44.3139], [25.4681, 44.3253], [25.4735, 44.3454], [25.4694, 44.3492], [25.478, 44.3541], [25.4703, 44.3604], [25.4848, 44.3773], [25.4581, 44.3748], [25.4484, 44.3794], [25.4491, 44.3866], [25.4255, 44.3969], [25.4504, 44.4196], [25.4592, 44.4209], [25.4845, 44.4508], [25.4805, 44.452], [25.4976, 44.4655], [25.4908, 44.4717], [25.5122, 44.4877], [25.4995, 44.4877], [25.4799, 44.4991], [25.4804, 44.5043], [25.4846, 44.5025], [25.4957, 44.5197], [25.5156, 44.5189], [25.542, 44.54], [25.5643, 44.5291], [25.5749, 44.538], [25.5893, 44.5254], [25.5934, 44.5321], [25.6011, 44.5289], [25.6168, 44.5504], [25.6468, 44.5535], [25.6461, 44.5441], [25.6742, 44.5324], [25.6763, 44.5253], [25.6838, 44.529], [25.6818, 44.523], [25.7081, 44.5444], [25.7129, 44.5405], [25.7221, 44.5451], [25.7287, 44.5364], [25.7463, 44.5381], [25.7573, 44.5298], [25.7641, 44.5357], [25.7787, 44.5293], [25.7892, 44.5303], [25.8102, 44.5488], [25.8321, 44.5417], [25.8446, 44.5239], [25.8536, 44.5389], [25.875, 44.5339], [25.8908, 44.541], [25.9205, 44.5165], [25.8798, 44.5535], [25.9296, 44.5717], [25.992, 44.6123], [25.9801, 44.63], [25.9393, 44.6457], [25.9424, 44.6573], [25.9595, 44.6545], [25.9822, 44.6646], [25.9741, 44.6707], [25.9854, 44.6734], [25.9581, 44.6839], [25.9839, 44.6867], [25.9917, 44.6994], [25.9747, 44.6999], [25.9687, 44.7185], [25.973, 44.7278], [25.9599, 44.7388], [25.9614, 44.7489], [25.9694, 44.7484], [25.9661, 44.738], [25.9747, 44.7365], [25.9877, 44.7465], [26.0005, 44.7351], [26.0112, 44.7436], [26.0436, 44.7442], [26.0501, 44.734], [26.0702, 44.7513], [26.0989, 44.7399], [26.0888, 44.7602], [26.1019, 44.7669], [26.1128, 44.7544], [26.1255, 44.751], [26.1423, 44.7529], [26.1398, 44.7594], [26.1739, 44.749], [26.1839, 44.7578], [26.2483, 44.738], [26.2563, 44.7423], [26.258, 44.7571], [26.272, 44.756], [26.2738, 44.7689], [26.3018, 44.7689], [26.3473, 44.731], [26.3742, 44.7204], [26.3609, 44.7051], [26.3702, 44.6984], [26.3599, 44.6878], [26.3415, 44.6876], [26.3297, 44.6788], [26.3542, 44.6616], [26.3592, 44.6378], [26.368, 44.6404], [26.3757, 44.6208], [26.3971, 44.6246], [26.4013, 44.6108], [26.3726, 44.5906], [26.3816, 44.585], [26.3606, 44.5676], [26.3678, 44.5653], [26.3613, 44.5612], [26.3563, 44.5643], [26.3372, 44.5475], [26.3431, 44.5493], [26.3671, 44.5269], [26.3907, 44.5391], [26.4151, 44.5262], [26.4066, 44.5073], [26.4192, 44.5247], [26.4285, 44.5216], [26.4672, 44.5469], [26.439, 44.5487], [26.4485, 44.5654], [26.4666, 44.5636], [26.4799, 44.5765], [26.4964, 44.5715], [26.4916, 44.5623], [26.5078, 44.5554], [26.5127, 44.5616], [26.5221, 44.5581], [26.5629, 44.5266], [26.5994, 44.5231], [26.5882, 44.5124], [26.5953, 44.5111], [26.6108, 44.5223], [26.6018, 44.5266], [26.6037, 44.5324], [26.6185, 44.5276], [26.6145, 44.5354], [26.6211, 44.5431], [26.6413, 44.5317], [26.6447, 44.5361], [26.6356, 44.5409], [26.665, 44.5955], [26.6838, 44.591], [26.6733, 44.5725], [26.6802, 44.5628], [26.726, 44.559], [26.7227, 44.5377], [26.7541, 44.5281], [26.7603, 44.55], [26.787, 44.5418], [26.7793, 44.5214], [26.7701, 44.5178], [26.7963, 44.511], [26.8106, 44.5224], [26.8234, 44.5115], [26.8299, 44.5276], [26.8502, 44.5246], [26.8441, 44.5153], [26.8755, 44.5176], [26.8814, 44.528], [26.8975, 44.5231], [26.8927, 44.5159], [27.0036, 44.529], [27.0037, 44.5088], [27.0917, 44.5085], [27.0918, 44.4853], [27.1355, 44.483], [27.1399, 44.5009], [27.2062, 44.4838], [27.2105, 44.501], [27.2019, 44.5021], [27.2058, 44.5158], [27.2313, 44.5073], [27.2279, 44.4934], [27.263, 44.4891], [27.2678, 44.5063], [27.2903, 44.5038], [27.2875, 44.4897], [27.3456, 44.4859], [27.3522, 44.5173], [27.3702, 44.5163], [27.3698, 44.5062], [27.3901, 44.5059], [27.3885, 44.4962], [27.5024, 44.4936], [27.5185, 44.4971], [27.5253, 44.5438], [27.5457, 44.5421], [27.5464, 44.562], [27.572, 44.5591], [27.5702, 44.4678], [27.6391, 44.4707], [27.6386, 44.4654], [27.6494, 44.465], [27.6485, 44.4508], [27.6594, 44.4461], [27.6543, 44.4209], [27.7342, 44.4177], [27.7336, 44.4062], [27.7466, 44.4054], [27.748, 44.3974], [27.7699, 44.3948], [27.7456, 44.3817], [27.7564, 44.3659], [27.7486, 44.3619], [27.7625, 44.3478], [27.7719, 44.3443], [27.7891, 44.3551], [27.7997, 44.3384], [27.8134, 44.3341], [27.8348, 44.3473], [27.8426, 44.3679], [27.8551, 44.3801], [28.0175, 44.3403], [27.9974, 44.3054], [27.965, 44.2713], [27.9349, 44.25], [27.8849, 44.2511], [27.8009, 44.2402], [27.7239, 44.1972], [27.6367, 44.2061], [27.5951, 44.1969], [27.5254, 44.1685], [27.4517, 44.1255], [27.4004, 44.1319], [27.3595, 44.1288], [27.3053, 44.1405], [27.242, 44.1171], [27.2101, 44.1161], [27.1866, 44.1199], [27.1478, 44.1406], [27.0849, 44.1336], [27.0588, 44.1368], [27.0465, 44.1486], [26.9881, 44.1316], [26.9394, 44.1384], [26.8304, 44.1065], [26.7551, 44.0759], [26.7052, 44.0809], [26.6097, 44.0538], [26.5653, 44.058], [26.4216, 44.0355], [26.3774, 44.0414], [26.3253, 44.033]], [[26.4283, 44.1457], [26.4285, 44.1462], [26.4281, 44.147], [26.4283, 44.1457]], [[26.2835, 44.2813], [26.2542, 44.2982], [26.2597, 44.2949], [26.2835, 44.2813]], [[26.0942, 44.2529], [26.0969, 44.252], [26.0937, 44.2537], [26.0942, 44.2529]], [[25.9745, 44.2695], [25.9867, 44.2833], [26.0015, 44.3056], [25.9745, 44.2695]], [[25.8254, 44.392], [25.8268, 44.3918], [25.8262, 44.3934], [25.8254, 44.392]], [[25.8312, 44.4028], [25.83, 44.4005], [25.8696, 44.4184], [25.8312, 44.4028]], [[25.8455, 44.472], [25.8457, 44.4719], [25.8567, 44.4822], [25.8455, 44.472]], [[25.8674, 44.4768], [25.8646, 44.4794], [25.8567, 44.4822], [25.8674, 44.4768]], [[25.8708, 44.4736], [25.8695, 44.4748], [25.8658, 44.4701], [25.8708, 44.4736]], [[26.4517, 44.4628], [26.4584, 44.459], [26.4585, 44.4591], [26.4517, 44.4628]], [[26.4519, 44.4507], [26.4468, 44.4444], [26.4517, 44.4443], [26.4519, 44.4507]], [[26.3507, 44.4107], [26.3469, 44.399], [26.3523, 44.4114], [26.3507, 44.4107]], [[25.9955, 44.4093], [26.0033, 44.4017], [26.0109, 44.4058], [26.0394, 44.3871], [26.033, 44.3832], [26.0458, 44.375], [26.077, 44.3781], [26.0753, 44.372], [26.0881, 44.3692], [26.0955, 44.36], [26.0991, 44.3676], [26.1136, 44.3656], [26.1123, 44.3609], [26.1304, 44.3512], [26.1274, 44.3483], [26.152, 44.3342], [26.1668, 44.3436], [26.1428, 44.3695], [26.157, 44.3918], [26.1619, 44.3983], [26.2121, 44.3951], [26.2085, 44.4051], [26.2181, 44.4075], [26.2256, 44.4324], [26.209, 44.4336], [26.194, 44.4467], [26.1752, 44.4446], [26.1768, 44.4539], [26.1563, 44.455], [26.1849, 44.4791], [26.1106, 44.4907], [26.1044, 44.5016], [26.1087, 44.5059], [26.1029, 44.5088], [26.1007, 44.5414], [26.0777, 44.5371], [26.073, 44.5414], [26.0686, 44.5349], [26.0335, 44.5236], [26.024, 44.5259], [26.0253, 44.5201], [26.0086, 44.5148], [26.0064, 44.4997], [25.9833, 44.498], [25.9878, 44.4921], [25.9761, 44.4656], [26.0134, 44.458], [26.0193, 44.446], [25.9667, 44.4407], [25.9763, 44.4064], [25.9955, 44.4093]]]}, "properties": {"code": "IF", "name": "Ilfov", "name_1977": "Județul Ilfov", "geometry_basis": "approx_1977_union", "boundary_note": "1968–1981 Ilfov surrounded Bucharest and reached the Danube; split in 1981 into Giurgiu, Călărași (with part of Ialomița) and the Ilfov agricultural sector", "in_table_II1": 1, "n_metrics": 4, "n_mentions": 6, "damaged_reported": 10940, "damaged_class": "buildings", "damaged_metric": "cm040"}}, {"type": "Feature", "id": "MM", "geometry": {"type": "Polygon", "coordinates": [[[22.9615, 47.4785], [22.971, 47.4765], [22.9717, 47.4671], [22.984, 47.4693], [22.9834, 47.4606], [22.9653, 47.4557], [22.9642, 47.4394], [22.9979, 47.4307], [23.0169, 47.433], [23.0323, 47.4145], [23.0439, 47.4121], [23.0357, 47.4173], [23.0439, 47.433], [23.061, 47.4413], [23.0834, 47.4445], [23.096, 47.4379], [23.1348, 47.4445], [23.159, 47.4381], [23.1836, 47.4591], [23.2206, 47.4331], [23.2251, 47.4399], [23.2367, 47.4349], [23.2453, 47.4392], [23.2592, 47.4279], [23.3115, 47.4239], [23.3362, 47.4119], [23.3599, 47.4179], [23.3621, 47.4001], [23.3772, 47.388], [23.3971, 47.3919], [23.4677, 47.3753], [23.4816, 47.3777], [23.5032, 47.3629], [23.5387, 47.3696], [23.579, 47.3622], [23.5844, 47.3721], [23.6083, 47.3749], [23.6142, 47.3813], [23.6118, 47.3884], [23.6315, 47.396], [23.6658, 47.3817], [23.6667, 47.3665], [23.6805, 47.3551], [23.7124, 47.3522], [23.6997, 47.3473], [23.7068, 47.3454], [23.7011, 47.3412], [23.7106, 47.3309], [23.7176, 47.3323], [23.7275, 47.321], [23.745, 47.3206], [23.7612, 47.3266], [23.7645, 47.3372], [23.8244, 47.3448], [23.8299, 47.3384], [23.8414, 47.34], [23.8313, 47.3466], [23.8469, 47.3725], [23.8668, 47.3703], [23.8699, 47.3802], [23.8723, 47.3709], [23.8982, 47.3544], [23.9252, 47.3524], [23.9698, 47.3657], [23.9994, 47.3581], [23.9943, 47.365], [24.0328, 47.3622], [24.0378, 47.3741], [24.0608, 47.3776], [24.0763, 47.4028], [24.073, 47.4102], [24.0843, 47.4109], [24.0857, 47.4176], [24.103, 47.4216], [24.1104, 47.4335], [24.1242, 47.4378], [24.118, 47.4473], [24.1266, 47.4583], [24.119, 47.4605], [24.13, 47.4656], [24.1225, 47.4747], [24.1285, 47.4794], [24.1189, 47.4782], [24.1176, 47.4829], [24.1267, 47.4994], [24.1414, 47.4875], [24.1536, 47.4948], [24.1534, 47.5028], [24.1669, 47.5057], [24.1975, 47.5063], [24.2052, 47.498], [24.2166, 47.5036], [24.2411, 47.5004], [24.2524, 47.5188], [24.2678, 47.5175], [24.278, 47.53], [24.2794, 47.5442], [24.302, 47.5582], [24.3032, 47.5791], [24.326, 47.5668], [24.3427, 47.5654], [24.3609, 47.5747], [24.3865, 47.6084], [24.4382, 47.5906], [24.4564, 47.5953], [24.5528, 47.5735], [24.5656, 47.5627], [24.5815, 47.5705], [24.6045, 47.5686], [24.6319, 47.5758], [24.6521, 47.5675], [24.6519, 47.5583], [24.6596, 47.554], [24.6912, 47.5585], [24.7254, 47.5759], [24.7553, 47.5713], [24.7874, 47.577], [24.8073, 47.5667], [24.8216, 47.5931], [24.8294, 47.5968], [24.8608, 47.5913], [24.8991, 47.603], [24.9594, 47.5964], [24.9586, 47.6152], [24.975, 47.6138], [25.0117, 47.6337], [25.0518, 47.6406], [25.0564, 47.6476], [25.0516, 47.6588], [25.0222, 47.6664], [24.9783, 47.6975], [24.9523, 47.7055], [24.9471, 47.7292], [24.8831, 47.7244], [24.8861, 47.7339], [24.8784, 47.7527], [24.8553, 47.7658], [24.8513, 47.7749], [24.8362, 47.7797], [24.8353, 47.7957], [24.8217, 47.8061], [24.8277, 47.8207], [24.784, 47.8234], [24.7782, 47.8369], [24.7653, 47.8395], [24.7528, 47.8298], [24.7345, 47.8439], [24.7061, 47.8399], [24.7023, 47.8527], [24.6707, 47.8655], [24.6658, 47.8764], [24.6739, 47.8964], [24.6526, 47.9107], [24.6517, 47.9192], [24.6351, 47.9245], [24.6285, 47.948], [24.6108, 47.9518], [24.597, 47.9462], [24.5956, 47.9543], [24.579, 47.9672], [24.563, 47.9688], [24.5526, 47.9585], [24.5264, 47.9612], [24.5076, 47.9518], [24.4361, 47.9704], [24.394, 47.9542], [24.3831, 47.9399], [24.3817, 47.9265], [24.3491, 47.9152], [24.3249, 47.926], [24.298, 47.9114], [24.2213, 47.8969], [24.1953, 47.9169], [24.1652, 47.9201], [24.1423, 47.9122], [24.1126, 47.9148], [24.0979, 47.937], [24.062, 47.9536], [24.0323, 47.9491], [24.0079, 47.9675], [23.98, 47.96], [23.9766, 47.9681], [23.9498, 47.9627], [23.9395, 47.9475], [23.8831, 47.9438], [23.8647, 47.9317], [23.8451, 47.9423], [23.8409, 47.9591], [23.8191, 47.9832], [23.7703, 47.9951], [23.7572, 47.9919], [23.7512, 47.9984], [23.6657, 47.9835], [23.6456, 47.9918], [23.6389, 48.0021], [23.6179, 48.0032], [23.6144, 48.0087], [23.567, 48.0029], [23.5404, 48.0105], [23.5297, 48.0218], [23.5217, 47.9967], [23.5028, 47.9768], [23.5042, 47.9715], [23.4936, 47.9678], [23.5426, 47.9414], [23.5644, 47.9436], [23.5722, 47.9265], [23.581, 47.923], [23.588, 47.9006], [23.6117, 47.8986], [23.6132, 47.8898], [23.6278, 47.8862], [23.6386, 47.8703], [23.6349, 47.8578], [23.6097, 47.8452], [23.6083, 47.8511], [23.5954, 47.8499], [23.5832, 47.8363], [23.5743, 47.8364], [23.5746, 47.8237], [23.5612, 47.8152], [23.5605, 47.8042], [23.477, 47.7815], [23.4512, 47.7618], [23.4309, 47.7703], [23.4183, 47.7668], [23.3903, 47.7797], [23.3115, 47.7748], [23.3093, 47.7852], [23.3014, 47.7899], [23.2618, 47.7973], [23.2602, 47.7893], [23.2489, 47.7872], [23.2248, 47.7664], [23.2355, 47.7656], [23.2298, 47.7639], [23.236, 47.7549], [23.2301, 47.7392], [23.2411, 47.7318], [23.2424, 47.7236], [23.2556, 47.7272], [23.2751, 47.7219], [23.2918, 47.7276], [23.3051, 47.7123], [23.3273, 47.7085], [23.3406, 47.715], [23.3429, 47.7069], [23.3628, 47.6998], [23.3641, 47.6861], [23.3801, 47.6899], [23.3871, 47.6839], [23.3633, 47.6654], [23.3582, 47.674], [23.3532, 47.6721], [23.3518, 47.6621], [23.3344, 47.6525], [23.34, 47.6438], [23.3141, 47.6378], [23.3039, 47.6272], [23.2876, 47.6302], [23.2794, 47.6114], [23.2887, 47.6006], [23.2864, 47.581], [23.2594, 47.5799], [23.2574, 47.5503], [23.2336, 47.5504], [23.2125, 47.5635], [23.2115, 47.5707], [23.1869, 47.5811], [23.1905, 47.5868], [23.167, 47.5936], [23.1404, 47.6241], [23.0611, 47.5667], [23.0527, 47.554], [23.0519, 47.5287], [23.0421, 47.5079], [23.0464, 47.4878], [22.9941, 47.4935], [22.987, 47.4834], [22.9632, 47.4865], [22.9615, 47.4785]]]}, "properties": {"code": "MM", "name": "Maramureș", "name_1977": "", "geometry_basis": "modern_osm", "boundary_note": "", "in_table_II1": 0, "n_metrics": 0, "n_mentions": 0, "damaged_reported": null, "damaged_class": "", "damaged_metric": ""}}, {"type": "Feature", "id": "MH", "geometry": {"type": "Polygon", "coordinates": [[[22.0161, 44.5992], [22.0279, 44.5843], [22.0256, 44.5642], [22.0372, 44.5419], [22.0707, 44.5234], [22.084, 44.4999], [22.1423, 44.4704], [22.1611, 44.4722], [22.1871, 44.485], [22.1937, 44.5079], [22.2302, 44.5614], [22.2643, 44.5958], [22.2746, 44.6259], [22.3003, 44.639], [22.3084, 44.6587], [22.334, 44.6761], [22.3795, 44.675], [22.4308, 44.7102], [22.4639, 44.7152], [22.4834, 44.7082], [22.5629, 44.6475], [22.5671, 44.6386], [22.6134, 44.6172], [22.6745, 44.6188], [22.6857, 44.6071], [22.706, 44.6032], [22.7544, 44.565], [22.7635, 44.5405], [22.6956, 44.5166], [22.6274, 44.5504], [22.586, 44.5497], [22.5643, 44.5356], [22.5607, 44.5043], [22.5482, 44.4813], [22.5214, 44.4718], [22.477, 44.4805], [22.4612, 44.4767], [22.4574, 44.4675], [22.4673, 44.441], [22.4999, 44.4201], [22.5025, 44.3839], [22.5247, 44.339], [22.5579, 44.309], [22.6151, 44.2935], [22.6501, 44.2918], [22.6793, 44.2781], [22.6855, 44.2584], [22.6724, 44.2193], [22.6876, 44.2063], [22.727, 44.2017], [22.7574, 44.1899], [22.7986, 44.1594], [22.8709, 44.1331], [22.9183, 44.1023], [22.9586, 44.0959], [22.9672, 44.0968], [22.9787, 44.1191], [23.0046, 44.1397], [23.0053, 44.158], [23.0855, 44.1568], [23.0846, 44.1515], [23.0972, 44.1462], [23.1099, 44.1502], [23.1178, 44.1895], [23.0951, 44.1992], [23.1121, 44.2174], [23.0942, 44.2227], [23.0977, 44.2404], [23.0891, 44.243], [23.0936, 44.2619], [23.1083, 44.2625], [23.124, 44.3013], [23.1188, 44.3031], [23.1311, 44.3163], [23.1762, 44.3244], [23.1933, 44.3527], [23.1889, 44.3674], [23.1977, 44.3726], [23.2071, 44.3676], [23.2182, 44.3757], [23.2174, 44.3865], [23.1664, 44.4121], [23.1783, 44.4242], [23.1972, 44.4138], [23.2052, 44.4361], [23.2222, 44.4361], [23.1963, 44.452], [23.1998, 44.468], [23.2141, 44.467], [23.2488, 44.4803], [23.2445, 44.4968], [23.2795, 44.5015], [23.2838, 44.516], [23.257, 44.5202], [23.2539, 44.5299], [23.3166, 44.54], [23.3368, 44.5237], [23.3564, 44.5408], [23.3704, 44.5444], [23.4156, 44.5269], [23.4353, 44.5399], [23.4283, 44.5426], [23.4522, 44.5526], [23.455, 44.5696], [23.4256, 44.5809], [23.425, 44.5883], [23.4031, 44.5911], [23.4127, 44.6105], [23.3849, 44.6203], [23.3934, 44.6295], [23.3567, 44.63], [23.3197, 44.6478], [23.3158, 44.6618], [23.2885, 44.6764], [23.2745, 44.6688], [23.1855, 44.6788], [23.1937, 44.6921], [23.1883, 44.6952], [23.1457, 44.6889], [23.1351, 44.6953], [23.1306, 44.6881], [23.1449, 44.6812], [23.1236, 44.6875], [23.1175, 44.6818], [23.1172, 44.6879], [23.1107, 44.6853], [23.105, 44.694], [23.0896, 44.695], [23.0625, 44.7116], [23.0673, 44.7156], [23.0588, 44.7219], [23.0658, 44.7238], [23.0627, 44.7291], [23.0527, 44.7254], [23.0475, 44.734], [23.0219, 44.7356], [23.0047, 44.745], [23.0086, 44.7462], [22.9946, 44.762], [22.9964, 44.7716], [22.9906, 44.7742], [22.996, 44.7759], [22.9892, 44.7832], [22.9612, 44.7947], [22.9476, 44.7793], [22.9416, 44.7831], [22.934, 44.8021], [22.947, 44.8071], [22.9399, 44.8148], [22.9087, 44.822], [22.8895, 44.8531], [22.8972, 44.8588], [22.8917, 44.8674], [22.8959, 44.885], [22.8777, 44.9259], [22.8699, 44.9615], [22.8977, 44.9651], [22.8896, 44.9768], [22.9, 44.9918], [22.8858, 44.9971], [22.8608, 44.9895], [22.8485, 44.993], [22.8508, 44.9991], [22.8284, 45.0194], [22.8313, 45.0237], [22.8139, 45.0365], [22.7831, 45.0459], [22.7682, 45.0612], [22.7382, 45.059], [22.733, 45.0638], [22.7375, 45.068], [22.725, 45.068], [22.7333, 45.0752], [22.7267, 45.0781], [22.705, 45.0673], [22.686, 45.104], [22.6734, 45.1007], [22.6584, 45.1108], [22.6013, 45.0553], [22.5708, 45.0409], [22.5366, 45.002], [22.4922, 44.9733], [22.5117, 44.9659], [22.5164, 44.9557], [22.4866, 44.9493], [22.4962, 44.9289], [22.491, 44.9093], [22.4822, 44.9069], [22.4888, 44.8941], [22.4865, 44.8812], [22.4763, 44.8765], [22.4708, 44.8607], [22.4578, 44.851], [22.4598, 44.8433], [22.4444, 44.8324], [22.4465, 44.8223], [22.4237, 44.8005], [22.4304, 44.7812], [22.4244, 44.7815], [22.4174, 44.7707], [22.4187, 44.7563], [22.4014, 44.7533], [22.3916, 44.7619], [22.3682, 44.7562], [22.3654, 44.7427], [22.3581, 44.7387], [22.3416, 44.7741], [22.2681, 44.7825], [22.2435, 44.8075], [22.2068, 44.8175], [22.2072, 44.7994], [22.1951, 44.7792], [22.2042, 44.7614], [22.1855, 44.7413], [22.1635, 44.7434], [22.1561, 44.7365], [22.1469, 44.7008], [22.1492, 44.6825], [22.1387, 44.6599], [22.1535, 44.6501], [22.1709, 44.6488], [22.1774, 44.6399], [22.1728, 44.6339], [22.1763, 44.6245], [22.1547, 44.5987], [22.1561, 44.5923], [22.1475, 44.5853], [22.133, 44.6006], [22.1286, 44.5928], [22.1174, 44.5918], [22.0923, 44.6191], [22.0823, 44.6219], [22.062, 44.61], [22.0235, 44.6078], [22.0161, 44.5992]]]}, "properties": {"code": "MH", "name": "Mehedinți", "name_1977": "", "geometry_basis": "modern_osm", "boundary_note": "", "in_table_II1": 0, "n_metrics": 0, "n_mentions": 0, "damaged_reported": null, "damaged_class": "", "damaged_metric": ""}}, {"type": "Feature", "id": "MS", "geometry": {"type": "Polygon", "coordinates": [[[23.9591, 46.5154], [23.975, 46.5046], [23.9642, 46.4984], [23.9737, 46.482], [23.9629, 46.4757], [23.9708, 46.4594], [23.9849, 46.4588], [23.9795, 46.4533], [23.9881, 46.454], [23.9852, 46.4495], [24.0049, 46.4422], [23.9853, 46.4309], [23.9967, 46.4268], [24.0229, 46.4496], [24.0198, 46.4574], [24.0323, 46.4571], [24.0272, 46.4406], [24.0358, 46.4322], [24.0301, 46.4158], [24.0354, 46.4067], [23.9937, 46.3848], [23.9895, 46.381], [23.9953, 46.3724], [24.0304, 46.3694], [24.0199, 46.3604], [24.0749, 46.3357], [24.1358, 46.3362], [24.1485, 46.3262], [24.1424, 46.301], [24.1592, 46.2915], [24.1596, 46.2776], [24.1691, 46.2689], [24.179, 46.2732], [24.1769, 46.2804], [24.1942, 46.283], [24.211, 46.2717], [24.2101, 46.2635], [24.2553, 46.2502], [24.2643, 46.2534], [24.2729, 46.2764], [24.2878, 46.2841], [24.2991, 46.2551], [24.3122, 46.2522], [24.3532, 46.2542], [24.379, 46.2437], [24.3887, 46.2534], [24.4002, 46.2521], [24.42, 46.2653], [24.4596, 46.2558], [24.467, 46.2621], [24.4887, 46.2589], [24.4973, 46.2528], [24.4976, 46.2425], [24.5156, 46.2539], [24.5354, 46.2506], [24.5398, 46.2608], [24.5627, 46.2577], [24.5697, 46.2747], [24.5772, 46.2681], [24.593, 46.2717], [24.6046, 46.2516], [24.6238, 46.2514], [24.6221, 46.2588], [24.6324, 46.2624], [24.6326, 46.2705], [24.6462, 46.2793], [24.6671, 46.2807], [24.6699, 46.2561], [24.6766, 46.2505], [24.6694, 46.2282], [24.6563, 46.2375], [24.6506, 46.232], [24.6736, 46.2189], [24.6841, 46.1962], [24.674, 46.1684], [24.6799, 46.1483], [24.6686, 46.1381], [24.6772, 46.1285], [24.6727, 46.1035], [24.6914, 46.0945], [24.6956, 46.0831], [24.7123, 46.0771], [24.7378, 46.0893], [24.7696, 46.0868], [24.7765, 46.0935], [24.7753, 46.1018], [24.8049, 46.0925], [24.8632, 46.1109], [24.9004, 46.1062], [24.8999, 46.0923], [24.9187, 46.0793], [24.9466, 46.0791], [24.9559, 46.0908], [24.9463, 46.0935], [24.9488, 46.1022], [24.958, 46.1122], [25.015, 46.1463], [25.0473, 46.1332], [25.079, 46.1514], [25.1258, 46.1424], [25.129, 46.1501], [25.1357, 46.1473], [25.1495, 46.1586], [25.1629, 46.1588], [25.173, 46.1673], [25.1307, 46.1873], [25.1029, 46.2324], [25.0758, 46.2325], [25.078, 46.2407], [25.0694, 46.245], [25.0378, 46.2401], [25.0049, 46.2483], [24.9896, 46.2445], [24.9859, 46.2371], [24.9596, 46.244], [24.9622, 46.2493], [24.9337, 46.2477], [24.9386, 46.2589], [24.9287, 46.2622], [24.9345, 46.273], [24.9092, 46.28], [24.8882, 46.2995], [24.8682, 46.299], [24.8713, 46.3045], [24.8614, 46.3113], [24.8782, 46.3252], [24.8674, 46.3258], [24.8699, 46.3395], [24.8537, 46.3479], [24.8571, 46.3573], [24.8853, 46.364], [24.8817, 46.3719], [24.8891, 46.3763], [24.8787, 46.3837], [24.8919, 46.3817], [24.9086, 46.3906], [24.9234, 46.3874], [24.9312, 46.3771], [24.9484, 46.3745], [24.9797, 46.385], [24.9599, 46.4038], [24.9366, 46.4084], [24.9357, 46.4209], [24.95, 46.4338], [24.9469, 46.4433], [24.9809, 46.444], [24.9919, 46.4589], [24.9888, 46.4655], [24.9983, 46.4654], [25.0019, 46.4573], [25.0219, 46.469], [25.0248, 46.4796], [25.0092, 46.495], [24.9832, 46.4956], [25.0045, 46.5102], [25.0224, 46.5411], [25.0688, 46.5554], [25.0756, 46.5702], [25.1043, 46.5823], [25.1512, 46.5772], [25.1514, 46.5844], [25.1792, 46.5992], [25.1946, 46.6275], [25.2147, 46.626], [25.2184, 46.6193], [25.2181, 46.6275], [25.2324, 46.634], [25.2227, 46.6392], [25.239, 46.6501], [25.2372, 46.6696], [25.2521, 46.675], [25.2806, 46.6716], [25.2949, 46.688], [25.2591, 46.7276], [25.2642, 46.7332], [25.2611, 46.7498], [25.2895, 46.7524], [25.3185, 46.7729], [25.3131, 46.7859], [25.2855, 46.7975], [25.2793, 46.8149], [25.2818, 46.8273], [25.2884, 46.8304], [25.2642, 46.8417], [25.2513, 46.8411], [25.2773, 46.8967], [25.2671, 46.9001], [25.2622, 46.9123], [25.2707, 46.9458], [25.2834, 46.9534], [25.2891, 46.9707], [25.2833, 46.9779], [25.2896, 46.9828], [25.2891, 46.993], [25.2655, 47.0107], [25.2701, 47.0306], [25.2311, 47.0618], [25.2306, 47.0757], [25.2467, 47.0979], [25.2334, 47.0983], [25.2264, 47.1081], [25.1999, 47.1136], [25.1731, 47.1306], [25.1441, 47.1132], [25.1249, 47.1232], [25.0944, 47.1205], [25.0634, 47.1366], [25.0424, 47.1328], [25.0323, 47.1194], [25.0135, 47.1112], [24.9527, 47.1197], [24.9317, 47.096], [24.9055, 47.1005], [24.8974, 47.1092], [24.8702, 47.1049], [24.7947, 47.051], [24.7742, 47.0085], [24.7426, 46.9853], [24.7397, 46.9738], [24.745, 46.9721], [24.7332, 46.9574], [24.741, 46.9531], [24.7217, 46.9324], [24.7546, 46.9099], [24.7456, 46.9058], [24.7284, 46.9113], [24.725, 46.9037], [24.7091, 46.9021], [24.6937, 46.9082], [24.6577, 46.9091], [24.6464, 46.9192], [24.6534, 46.9232], [24.64, 46.9255], [24.6449, 46.9369], [24.6292, 46.9513], [24.6229, 46.943], [24.5952, 46.9456], [24.5787, 46.9259], [24.5845, 46.9152], [24.5701, 46.9145], [24.5604, 46.9054], [24.5324, 46.907], [24.5318, 46.899], [24.5403, 46.8913], [24.532, 46.8812], [24.5389, 46.8764], [24.5383, 46.8678], [24.5328, 46.8705], [24.5272, 46.854], [24.5033, 46.8514], [24.5037, 46.8396], [24.4904, 46.8401], [24.4582, 46.8201], [24.4634, 46.8116], [24.4493, 46.7891], [24.4602, 46.785], [24.4622, 46.7915], [24.4722, 46.7829], [24.4521, 46.7657], [24.4256, 46.7762], [24.4093, 46.7721], [24.3988, 46.7587], [24.401, 46.7505], [24.3621, 46.7463], [24.3384, 46.7578], [24.3088, 46.7582], [24.3012, 46.7531], [24.2349, 46.7729], [24.2403, 46.7746], [24.2114, 46.7835], [24.217, 46.7879], [24.1796, 46.8047], [24.188, 46.7935], [24.1806, 46.7872], [24.1176, 46.7738], [24.1158, 46.7654], [24.1261, 46.7465], [24.1157, 46.7425], [24.0879, 46.7536], [24.0665, 46.7335], [24.0888, 46.7112], [24.1107, 46.7095], [24.1244, 46.7001], [24.1139, 46.6941], [24.1024, 46.6616], [24.0638, 46.6565], [24.0336, 46.6451], [24.029, 46.6298], [24.0202, 46.6279], [24.0252, 46.6155], [24.0691, 46.606], [24.0525, 46.575], [24.0526, 46.5618], [24.0375, 46.5573], [24.0454, 46.5451], [24.0194, 46.5313], [24.0032, 46.5412], [23.9869, 46.5423], [23.9591, 46.5154]]]}, "properties": {"code": "MS", "name": "Mureș", "name_1977": "", "geometry_basis": "modern_osm", "boundary_note": "", "in_table_II1": 0, "n_metrics": 0, "n_mentions": 0, "damaged_reported": null, "damaged_class": "", "damaged_metric": ""}}, {"type": "Feature", "id": "NT", "geometry": {"type": "Polygon", "coordinates": [[[25.6596, 47.0959], [25.6647, 47.0887], [25.7385, 47.0708], [25.744, 47.0518], [25.7693, 47.0356], [25.7697, 47.0163], [25.7898, 46.9964], [25.8015, 46.9665], [25.818, 46.9766], [25.8267, 46.974], [25.8388, 46.9627], [25.8539, 46.9248], [25.862, 46.9234], [25.8421, 46.9204], [25.8037, 46.929], [25.8015, 46.9153], [25.7654, 46.8845], [25.7815, 46.8631], [25.7625, 46.8412], [25.7795, 46.8342], [25.7828, 46.8512], [25.8048, 46.8406], [25.7939, 46.8327], [25.7828, 46.8338], [25.777, 46.8256], [25.7852, 46.8128], [25.8074, 46.8049], [25.801, 46.8009], [25.8086, 46.7858], [25.7999, 46.7696], [25.8072, 46.7374], [25.7953, 46.7191], [25.8674, 46.6494], [25.9077, 46.6535], [25.9027, 46.6688], [25.8839, 46.6888], [25.9027, 46.7044], [25.955, 46.6952], [25.9993, 46.6998], [26.0128, 46.6941], [26.0261, 46.7067], [26.0528, 46.7168], [26.0717, 46.7079], [26.0758, 46.6943], [26.0708, 46.6879], [26.0815, 46.6733], [26.0809, 46.6565], [26.1008, 46.6469], [26.1401, 46.6607], [26.1591, 46.6417], [26.2162, 46.656], [26.2152, 46.6673], [26.2225, 46.6775], [26.2184, 46.6801], [26.2434, 46.6971], [26.2658, 46.7032], [26.2619, 46.6941], [26.2842, 46.6808], [26.2928, 46.6562], [26.301, 46.6534], [26.3226, 46.6558], [26.3307, 46.6643], [26.3463, 46.6509], [26.3905, 46.651], [26.409, 46.6647], [26.4105, 46.6786], [26.4359, 46.6878], [26.4412, 46.6791], [26.4723, 46.6762], [26.5147, 46.6947], [26.5223, 46.6886], [26.53, 46.6924], [26.5467, 46.6783], [26.5702, 46.6786], [26.5882, 46.6892], [26.608, 46.7127], [26.6372, 46.7223], [26.6436, 46.718], [26.6366, 46.7248], [26.6406, 46.7277], [26.6455, 46.7198], [26.6649, 46.7364], [26.6761, 46.7361], [26.6709, 46.7551], [26.6795, 46.7604], [26.676, 46.7677], [26.7054, 46.7668], [26.7116, 46.7716], [26.7335, 46.7631], [26.7345, 46.7685], [26.7432, 46.7683], [26.7313, 46.7495], [26.7543, 46.7562], [26.7515, 46.7378], [26.7864, 46.7169], [26.8, 46.722], [26.8346, 46.752], [26.8419, 46.7513], [26.8216, 46.7732], [26.8495, 46.7799], [26.8495, 46.8047], [26.8824, 46.8159], [26.8818, 46.8288], [26.9094, 46.8273], [26.906, 46.822], [26.9144, 46.8202], [26.9149, 46.8111], [26.9009, 46.8162], [26.9082, 46.8004], [26.893, 46.7983], [26.9129, 46.7931], [26.9079, 46.7865], [26.9224, 46.7828], [26.9222, 46.7753], [26.936, 46.7848], [26.9468, 46.7715], [26.9403, 46.7664], [26.947, 46.759], [26.9393, 46.7527], [26.966, 46.7544], [26.9787, 46.7627], [27.0289, 46.7721], [27.0454, 46.7724], [27.0521, 46.76], [27.0616, 46.7562], [27.0745, 46.7664], [27.0988, 46.7696], [27.1153, 46.7487], [27.1466, 46.7532], [27.1423, 46.7413], [27.152, 46.7369], [27.1508, 46.7313], [27.1605, 46.7344], [27.1632, 46.7495], [27.1858, 46.7498], [27.1887, 46.7615], [27.2158, 46.7722], [27.2293, 46.7702], [27.2339, 46.7773], [27.2244, 46.7911], [27.2133, 46.7897], [27.2191, 46.812], [27.2152, 46.8177], [27.2271, 46.821], [27.2074, 46.8399], [27.2194, 46.8486], [27.2003, 46.8563], [27.2021, 46.8613], [27.1883, 46.8715], [27.2025, 46.8825], [27.1934, 46.8879], [27.203, 46.8952], [27.1703, 46.9264], [27.122, 46.9506], [27.1339, 46.9635], [27.1479, 46.9582], [27.171, 46.971], [27.1657, 46.9729], [27.1803, 46.9889], [27.217, 46.9739], [27.2299, 46.9776], [27.232, 46.9872], [27.2436, 46.9929], [27.2379, 46.9972], [27.24, 47.0115], [27.2193, 47.0169], [27.2061, 47.0276], [27.1864, 47.03], [27.177, 47.04], [27.1856, 47.0497], [27.1732, 47.072], [27.1559, 47.0827], [27.0982, 47.092], [27.0604, 47.0849], [27.0522, 47.0635], [27.0254, 47.0526], [27.0354, 47.05], [27.0323, 47.0423], [27.0366, 47.0419], [27.0225, 47.0335], [27.0027, 47.0396], [26.9834, 47.0793], [26.9709, 47.0773], [26.9718, 47.0619], [26.9594, 47.0602], [26.9599, 47.045], [26.9026, 47.028], [26.8886, 47.0457], [26.8764, 47.0413], [26.8715, 47.046], [26.8853, 47.0518], [26.8781, 47.0577], [26.8339, 47.043], [26.8324, 47.0374], [26.8196, 47.0421], [26.8123, 47.0674], [26.7596, 47.0978], [26.7254, 47.0851], [26.6828, 47.1124], [26.6345, 47.0926], [26.6146, 47.1096], [26.6158, 47.1276], [26.6226, 47.1322], [26.6116, 47.1352], [26.6137, 47.1465], [26.6, 47.1547], [26.6107, 47.1681], [26.6022, 47.173], [26.6159, 47.1838], [26.6093, 47.197], [26.5905, 47.199], [26.5988, 47.203], [26.5742, 47.2185], [26.5611, 47.2385], [26.5223, 47.2594], [26.5001, 47.2836], [26.483, 47.2881], [26.4365, 47.3273], [26.4055, 47.3403], [26.3813, 47.3294], [26.371, 47.3322], [26.3672, 47.3285], [26.3735, 47.327], [26.3643, 47.3198], [26.3581, 47.3224], [26.2771, 47.2951], [26.2831, 47.2914], [26.2673, 47.282], [26.2427, 47.281], [26.1859, 47.3074], [26.1725, 47.2965], [26.1371, 47.2886], [26.1252, 47.2973], [26.0563, 47.2746], [26.0247, 47.2894], [26.0083, 47.2834], [25.9786, 47.2887], [25.9326, 47.2772], [25.9236, 47.2592], [25.9014, 47.2619], [25.8701, 47.2937], [25.8567, 47.2955], [25.837, 47.3116], [25.7702, 47.3204], [25.7639, 47.3178], [25.7775, 47.308], [25.7893, 47.2866], [25.8047, 47.2802], [25.813, 47.2602], [25.7882, 47.2386], [25.729, 47.2171], [25.7295, 47.2037], [25.716, 47.1971], [25.7211, 47.175], [25.7002, 47.1705], [25.6905, 47.1547], [25.6978, 47.1434], [25.674, 47.129], [25.674, 47.1216], [25.664, 47.1194], [25.6596, 47.0959]]]}, "properties": {"code": "NT", "name": "Neamț", "name_1977": "Județul Neamț", "geometry_basis": "modern_osm", "boundary_note": "", "in_table_II1": 1, "n_metrics": 0, "n_mentions": 1, "damaged_reported": null, "damaged_class": "", "damaged_metric": ""}}, {"type": "Feature", "id": "OT", "geometry": {"type": "Polygon", "coordinates": [[[23.8821, 44.4236], [23.8905, 44.4128], [23.9014, 44.4251], [23.9683, 44.4104], [23.958, 44.3818], [23.9777, 44.3802], [23.9842, 44.3731], [24.0288, 44.3848], [24.0316, 44.3797], [24.024, 44.3759], [24.0492, 44.3646], [24.049, 44.3545], [24.0417, 44.3491], [24.0696, 44.3328], [24.0913, 44.2992], [24.1089, 44.3008], [24.1119, 44.2668], [24.1475, 44.2635], [24.1491, 44.2526], [24.1416, 44.2487], [24.2269, 44.2299], [24.2215, 44.2168], [24.2296, 44.2147], [24.2164, 44.1802], [24.2188, 44.171], [24.2294, 44.17], [24.2154, 44.1219], [24.2237, 44.1204], [24.2208, 44.11], [24.2273, 44.1097], [24.2226, 44.0693], [24.1796, 44.0685], [24.1746, 44.0502], [24.1845, 44.049], [24.1736, 44.0063], [24.2639, 43.9987], [24.2603, 43.9742], [24.2516, 43.9572], [24.2324, 43.9614], [24.2233, 43.9413], [24.2483, 43.9303], [24.2267, 43.8852], [24.2343, 43.8833], [24.2249, 43.8635], [24.2317, 43.8618], [24.2268, 43.8517], [24.1991, 43.8584], [24.1941, 43.8486], [24.2015, 43.8468], [24.1922, 43.8269], [24.1994, 43.8256], [24.1921, 43.8104], [24.1555, 43.8137], [24.1382, 43.7754], [24.1293, 43.7746], [24.1129, 43.6999], [24.1936, 43.6834], [24.3027, 43.6986], [24.3456, 43.6972], [24.38, 43.7107], [24.3832, 43.72], [24.407, 43.7363], [24.4483, 43.7431], [24.4983, 43.7613], [24.5888, 43.7526], [24.6541, 43.7224], [24.6652, 43.7426], [24.6506, 43.7468], [24.6564, 43.7547], [24.6746, 43.7515], [24.6762, 43.7584], [24.6867, 43.7597], [24.684, 43.7723], [24.6963, 43.774], [24.6944, 43.7819], [24.7467, 43.792], [24.7366, 43.8081], [24.7388, 43.8145], [24.7551, 43.8176], [24.7294, 43.8203], [24.7262, 43.8261], [24.6876, 43.8228], [24.6959, 43.8313], [24.7159, 43.8289], [24.7235, 43.8358], [24.7026, 43.8512], [24.7005, 43.8606], [24.693, 43.8597], [24.6935, 43.8707], [24.6683, 43.8667], [24.6624, 43.8831], [24.6778, 43.8853], [24.6755, 43.8981], [24.6577, 43.8998], [24.6393, 43.9254], [24.631, 43.9252], [24.6276, 43.9359], [24.6471, 43.9432], [24.6343, 43.9445], [24.6322, 43.9616], [24.6023, 43.9621], [24.6091, 43.9779], [24.596, 43.9799], [24.6072, 43.9837], [24.6071, 43.9913], [24.5937, 43.9895], [24.6085, 43.9947], [24.6131, 44.0142], [24.6284, 44.0217], [24.7202, 44.0381], [24.7117, 44.0446], [24.7221, 44.0474], [24.7109, 44.0591], [24.7605, 44.0688], [24.7589, 44.0736], [24.8029, 44.0785], [24.8005, 44.0845], [24.8439, 44.0861], [24.8593, 44.0938], [24.851, 44.1022], [24.854, 44.1082], [24.8441, 44.1332], [24.8044, 44.1595], [24.8044, 44.174], [24.7936, 44.1913], [24.837, 44.2264], [24.8176, 44.2331], [24.8281, 44.2368], [24.8202, 44.2421], [24.8292, 44.2726], [24.8214, 44.29], [24.8242, 44.2983], [24.8357, 44.3019], [24.831, 44.3095], [24.8474, 44.319], [24.8283, 44.3323], [24.8171, 44.3611], [24.8826, 44.3683], [24.8866, 44.3798], [24.8808, 44.3942], [24.8183, 44.3939], [24.8132, 44.3869], [24.8083, 44.3934], [24.7877, 44.3924], [24.7864, 44.3983], [24.7546, 44.3914], [24.7448, 44.3951], [24.7533, 44.4024], [24.744, 44.423], [24.7543, 44.4281], [24.7499, 44.4434], [24.7592, 44.4645], [24.734, 44.4652], [24.7292, 44.5138], [24.7426, 44.5381], [24.7389, 44.5465], [24.7251, 44.5433], [24.7286, 44.5532], [24.7365, 44.5551], [24.7234, 44.5786], [24.7107, 44.5824], [24.7087, 44.6165], [24.7167, 44.6261], [24.7011, 44.6404], [24.705, 44.6571], [24.6929, 44.6968], [24.6857, 44.7001], [24.7258, 44.7202], [24.7159, 44.7183], [24.7052, 44.727], [24.7075, 44.7313], [24.6747, 44.7391], [24.6297, 44.7288], [24.6314, 44.7329], [24.6069, 44.7538], [24.5938, 44.7509], [24.5878, 44.7757], [24.5823, 44.774], [24.5886, 44.7982], [24.5771, 44.799], [24.5717, 44.8171], [24.5565, 44.8311], [24.5521, 44.8585], [24.5425, 44.8614], [24.5407, 44.891], [24.5228, 44.8942], [24.5135, 44.8776], [24.5152, 44.8691], [24.5054, 44.8659], [24.5095, 44.8456], [24.4949, 44.8446], [24.4946, 44.8314], [24.4453, 44.8108], [24.4469, 44.8202], [24.433, 44.8178], [24.4215, 44.8271], [24.4381, 44.8454], [24.4165, 44.855], [24.4231, 44.8708], [24.4181, 44.8803], [24.4261, 44.8821], [24.422, 44.8921], [24.389, 44.9015], [24.3884, 44.8921], [24.3799, 44.8909], [24.3833, 44.8872], [24.368, 44.8716], [24.3332, 44.8698], [24.342, 44.8535], [24.3187, 44.8395], [24.3282, 44.8313], [24.3244, 44.8209], [24.3318, 44.8172], [24.3188, 44.8161], [24.3159, 44.7876], [24.3187, 44.7938], [24.3232, 44.7896], [24.2987, 44.7807], [24.2964, 44.7704], [24.2746, 44.7688], [24.2826, 44.7497], [24.2762, 44.7408], [24.2797, 44.7077], [24.2988, 44.6753], [24.3012, 44.6418], [24.3161, 44.6307], [24.3247, 44.6129], [24.3249, 44.5609], [24.2878, 44.5663], [24.282, 44.6001], [24.2645, 44.6018], [24.2596, 44.6002], [24.2592, 44.5659], [24.2532, 44.554], [24.2589, 44.5489], [24.2066, 44.5546], [24.1851, 44.5461], [24.1721, 44.5563], [24.1625, 44.5523], [24.1555, 44.5585], [24.1451, 44.5565], [24.1296, 44.5408], [24.1175, 44.5381], [24.1161, 44.5243], [24.0867, 44.5143], [24.092, 44.5109], [24.0778, 44.4902], [24.0561, 44.4948], [24.0626, 44.4956], [24.0515, 44.5103], [24.0365, 44.5053], [24.0438, 44.5139], [24.0415, 44.5226], [24.0271, 44.5177], [24.0308, 44.5269], [24.0267, 44.5299], [23.9901, 44.5383], [23.9566, 44.531], [23.9371, 44.5336], [23.9121, 44.5148], [23.8908, 44.511], [23.9041, 44.499], [23.8831, 44.4806], [23.9089, 44.4688], [23.8859, 44.4613], [23.8977, 44.4575], [23.8821, 44.4236]]]}, "properties": {"code": "OT", "name": "Olt", "name_1977": "Județul Olt", "geometry_basis": "modern_osm", "boundary_note": "", "in_table_II1": 0, "n_metrics": 0, "n_mentions": 2, "damaged_reported": null, "damaged_class": "", "damaged_metric": ""}}, {"type": "Feature", "id": "PH", "geometry": {"type": "Polygon", "coordinates": [[[25.4526, 45.4413], [25.4558, 45.4333], [25.4719, 45.4266], [25.4698, 45.4119], [25.4844, 45.395], [25.4711, 45.3747], [25.4738, 45.3572], [25.4677, 45.3471], [25.4781, 45.3368], [25.4741, 45.3277], [25.4875, 45.3146], [25.5037, 45.318], [25.5336, 45.3018], [25.5329, 45.2929], [25.5549, 45.2706], [25.5336, 45.2539], [25.5253, 45.2438], [25.5282, 45.2371], [25.511, 45.2219], [25.5342, 45.216], [25.54, 45.2033], [25.5318, 45.1903], [25.5579, 45.1923], [25.5637, 45.1728], [25.5978, 45.1491], [25.5935, 45.1435], [25.605, 45.1244], [25.6189, 45.119], [25.6234, 45.1066], [25.6341, 45.1047], [25.6398, 45.092], [25.6752, 45.0808], [25.7017, 45.045], [25.7041, 45.0341], [25.6869, 45.0291], [25.6876, 45.0204], [25.6755, 45.0095], [25.6836, 44.9788], [25.6779, 44.9656], [25.6881, 44.9473], [25.7101, 44.9414], [25.7914, 44.9447], [25.8022, 44.9211], [25.8112, 44.9226], [25.8134, 44.9147], [25.8208, 44.9135], [25.8253, 44.8971], [25.8089, 44.8889], [25.8142, 44.8745], [25.8028, 44.8674], [25.797, 44.8546], [25.8021, 44.8523], [25.7764, 44.8422], [25.7776, 44.8246], [25.8418, 44.81], [25.8629, 44.8308], [25.8747, 44.8312], [25.8769, 44.8203], [25.8863, 44.818], [25.8861, 44.8068], [25.9091, 44.796], [25.9061, 44.7907], [25.9191, 44.7798], [25.9157, 44.7722], [25.9267, 44.7716], [25.9248, 44.7627], [25.9407, 44.7568], [25.9367, 44.7484], [25.9239, 44.7444], [25.9227, 44.7352], [25.9084, 44.7334], [25.9332, 44.6948], [25.9543, 44.7221], [25.9631, 44.725], [25.9678, 44.7203], [25.9546, 44.7143], [25.954, 44.7074], [25.9708, 44.7104], [25.973, 44.7278], [25.9599, 44.7388], [25.9623, 44.7492], [25.9696, 44.7478], [25.9661, 44.738], [25.9747, 44.7365], [25.9877, 44.7465], [26.0005, 44.7351], [26.0112, 44.7436], [26.0436, 44.7442], [26.0501, 44.734], [26.0702, 44.7513], [26.0989, 44.7399], [26.0888, 44.7602], [26.1019, 44.7669], [26.1128, 44.7544], [26.1255, 44.751], [26.1423, 44.7529], [26.1398, 44.7594], [26.1739, 44.749], [26.1839, 44.7578], [26.2483, 44.738], [26.2563, 44.7423], [26.258, 44.7571], [26.272, 44.756], [26.2738, 44.7689], [26.3013, 44.7667], [26.322, 44.7909], [26.3286, 44.7903], [26.3228, 44.7843], [26.3336, 44.7845], [26.3394, 44.793], [26.3426, 44.7826], [26.3485, 44.784], [26.3442, 44.7776], [26.3618, 44.7812], [26.3562, 44.769], [26.3707, 44.7709], [26.3671, 44.766], [26.3745, 44.761], [26.394, 44.7663], [26.4532, 44.8109], [26.4935, 44.7908], [26.5332, 44.8205], [26.5253, 44.8269], [26.6099, 44.8589], [26.6009, 44.8678], [26.6084, 44.8722], [26.5931, 44.8862], [26.5849, 44.8824], [26.5539, 44.9152], [26.5363, 44.9101], [26.5305, 44.9375], [26.5999, 44.9558], [26.5928, 44.964], [26.5793, 44.9611], [26.5608, 44.9941], [26.5346, 45.003], [26.5296, 45.0149], [26.51, 45.0129], [26.5136, 45.004], [26.5019, 44.9995], [26.492, 45.0054], [26.4688, 45.0634], [26.4433, 45.0756], [26.4562, 45.0816], [26.4495, 45.1261], [26.4565, 45.1289], [26.4563, 45.1361], [26.4695, 45.1383], [26.4606, 45.1662], [26.4604, 45.1981], [26.4213, 45.1751], [26.3968, 45.1784], [26.3757, 45.1583], [26.3523, 45.1654], [26.3535, 45.1807], [26.3459, 45.1869], [26.3457, 45.1962], [26.3564, 45.2144], [26.3261, 45.2169], [26.3029, 45.2021], [26.2564, 45.2087], [26.2565, 45.2013], [26.2496, 45.1993], [26.2462, 45.2232], [26.2336, 45.234], [26.2421, 45.2374], [26.2261, 45.2444], [26.2315, 45.2564], [26.2234, 45.2737], [26.1853, 45.2788], [26.2211, 45.3052], [26.2302, 45.3061], [26.2329, 45.3158], [26.224, 45.3256], [26.2101, 45.3276], [26.1888, 45.3559], [26.1603, 45.3629], [26.1535, 45.377], [26.1581, 45.3904], [26.1681, 45.3955], [26.1434, 45.4108], [26.149, 45.4572], [26.1228, 45.4757], [26.0922, 45.484], [26.0727, 45.5058], [26.0664, 45.5021], [26.0655, 45.4853], [26.0411, 45.4784], [26.0134, 45.4902], [26.0088, 45.5042], [25.9957, 45.5143], [25.9674, 45.5078], [25.9378, 45.5125], [25.921, 45.522], [25.891, 45.4879], [25.8973, 45.4782], [25.8875, 45.4668], [25.8898, 45.447], [25.8692, 45.4359], [25.8654, 45.4225], [25.8224, 45.4316], [25.8284, 45.4388], [25.8199, 45.4556], [25.7865, 45.4818], [25.7659, 45.4656], [25.7265, 45.4654], [25.681, 45.5006], [25.6428, 45.4921], [25.63, 45.4961], [25.6246, 45.4851], [25.6071, 45.476], [25.6027, 45.4633], [25.5891, 45.4611], [25.5724, 45.4677], [25.5329, 45.4589], [25.5116, 45.4704], [25.4764, 45.453], [25.4607, 45.4535], [25.4526, 45.4413]]]}, "properties": {"code": "PH", "name": "Prahova", "name_1977": "Județul Prahova", "geometry_basis": "modern_osm", "boundary_note": "", "in_table_II1": 1, "n_metrics": 11, "n_mentions": 10, "damaged_reported": 5264, "damaged_class": "buildings", "damaged_metric": "cm045"}}, {"type": "Feature", "id": "SM", "geometry": {"type": "Polygon", "coordinates": [[[22.1808, 47.6001], [22.2003, 47.5991], [22.2136, 47.5859], [22.2243, 47.5865], [22.2362, 47.5652], [22.261, 47.5643], [22.2557, 47.5398], [22.2854, 47.5349], [22.2897, 47.5404], [22.2957, 47.5197], [22.2861, 47.5158], [22.2922, 47.5093], [22.2883, 47.5065], [22.3394, 47.4924], [22.341, 47.4556], [22.3581, 47.4295], [22.3816, 47.4271], [22.4073, 47.4339], [22.4213, 47.4321], [22.4328, 47.422], [22.4593, 47.4319], [22.4739, 47.4212], [22.4911, 47.4254], [22.5033, 47.4235], [22.5019, 47.4175], [22.5118, 47.4233], [22.5294, 47.4186], [22.5307, 47.3992], [22.551, 47.401], [22.566, 47.3919], [22.5684, 47.3834], [22.5597, 47.3802], [22.5772, 47.3663], [22.57, 47.3571], [22.5848, 47.358], [22.6141, 47.3341], [22.6271, 47.3349], [22.6314, 47.3419], [22.635, 47.3355], [22.6297, 47.3498], [22.6423, 47.3609], [22.6454, 47.3742], [22.6737, 47.3766], [22.7228, 47.3927], [22.7365, 47.4012], [22.7334, 47.4049], [22.749, 47.4053], [22.7682, 47.4186], [22.8019, 47.4116], [22.8108, 47.3999], [22.833, 47.4181], [22.8478, 47.4222], [22.8612, 47.4123], [22.8654, 47.418], [22.9161, 47.4136], [22.9185, 47.4017], [22.9248, 47.4016], [22.9206, 47.3946], [22.9331, 47.3927], [22.936, 47.3749], [22.9766, 47.352], [23.0031, 47.369], [23.0178, 47.3637], [23.0204, 47.3569], [23.0386, 47.3593], [23.0542, 47.3505], [23.0626, 47.3603], [23.0871, 47.3634], [23.1041, 47.3735], [23.0899, 47.3846], [23.1083, 47.396], [23.1191, 47.3956], [23.1201, 47.4088], [23.1124, 47.4109], [23.1183, 47.417], [23.1127, 47.438], [23.079, 47.4449], [23.061, 47.4413], [23.0439, 47.433], [23.0357, 47.4173], [23.0448, 47.4126], [23.0323, 47.4145], [23.0169, 47.433], [22.9979, 47.4307], [22.9642, 47.4394], [22.9653, 47.4557], [22.9834, 47.4606], [22.984, 47.4693], [22.9717, 47.4671], [22.971, 47.4765], [22.9615, 47.4785], [22.9632, 47.4865], [22.987, 47.4834], [22.9941, 47.4935], [23.0464, 47.4878], [23.0421, 47.5079], [23.0519, 47.5287], [23.0527, 47.554], [23.0611, 47.5667], [23.1404, 47.6241], [23.167, 47.5936], [23.1905, 47.5868], [23.1869, 47.5811], [23.2115, 47.5707], [23.2125, 47.5635], [23.2336, 47.5504], [23.2574, 47.5503], [23.2594, 47.5799], [23.2864, 47.581], [23.2887, 47.6006], [23.2794, 47.6114], [23.2876, 47.6302], [23.3039, 47.6272], [23.3141, 47.6378], [23.34, 47.6438], [23.3344, 47.6525], [23.3518, 47.6621], [23.3532, 47.6721], [23.3582, 47.674], [23.3633, 47.6654], [23.3878, 47.6848], [23.3801, 47.6899], [23.3641, 47.6861], [23.3628, 47.6998], [23.3429, 47.7069], [23.3406, 47.715], [23.3273, 47.7085], [23.3051, 47.7123], [23.2918, 47.7276], [23.2751, 47.7219], [23.2556, 47.7272], [23.2431, 47.7231], [23.2301, 47.7392], [23.236, 47.7549], [23.2298, 47.7639], [23.2355, 47.7656], [23.2269, 47.7683], [23.2489, 47.7872], [23.2602, 47.7893], [23.2618, 47.7973], [23.2814, 47.7973], [23.3086, 47.7861], [23.3115, 47.7748], [23.3903, 47.7797], [23.4183, 47.7668], [23.4309, 47.7703], [23.4512, 47.7618], [23.477, 47.7815], [23.5605, 47.8042], [23.5612, 47.8152], [23.5746, 47.8237], [23.5743, 47.8364], [23.5832, 47.8363], [23.6024, 47.852], [23.6129, 47.8461], [23.6399, 47.8645], [23.6278, 47.8862], [23.6132, 47.8898], [23.6117, 47.8986], [23.588, 47.9006], [23.581, 47.923], [23.5722, 47.9265], [23.5644, 47.9436], [23.5518, 47.9383], [23.4881, 47.9707], [23.4499, 47.9766], [23.4336, 47.9905], [23.4174, 47.9866], [23.3993, 48.0012], [23.3765, 48.0034], [23.3755, 48.0087], [23.3471, 48.0207], [23.3332, 48.0211], [23.3288, 48.024], [23.3374, 48.0374], [23.288, 48.0468], [23.2768, 48.0576], [23.291, 48.0719], [23.2694, 48.0858], [23.2676, 48.1001], [23.2519, 48.1009], [23.2463, 48.0917], [23.1895, 48.0977], [23.1813, 48.1173], [23.1667, 48.12], [23.1512, 48.1127], [23.1391, 48.0946], [23.1139, 48.0871], [23.1234, 48.0774], [23.1054, 48.066], [23.1122, 48.0544], [23.098, 48.0444], [23.1091, 48.0353], [23.0895, 48.0193], [23.097, 48.0157], [23.0903, 48.0057], [23.0658, 48.0078], [23.0301, 48.0003], [23.0241, 47.9918], [23.0135, 47.9906], [22.9777, 48.01], [22.961, 48.0076], [22.927, 48.0191], [22.9201, 48.0069], [22.9376, 47.9957], [22.9476, 47.9673], [22.887, 47.9517], [22.8473, 47.9078], [22.8259, 47.9075], [22.7928, 47.8909], [22.7581, 47.8934], [22.7687, 47.8779], [22.7628, 47.8651], [22.7735, 47.8637], [22.7778, 47.8423], [22.7555, 47.8342], [22.7136, 47.8361], [22.6802, 47.7878], [22.6155, 47.7773], [22.6116, 47.772], [22.5495, 47.7727], [22.4812, 47.8109], [22.4479, 47.8031], [22.4258, 47.7501], [22.4302, 47.741], [22.3567, 47.7491], [22.3317, 47.7644], [22.3178, 47.7661], [22.3176, 47.7434], [22.2851, 47.7293], [22.2645, 47.7312], [22.2589, 47.6981], [22.2262, 47.688], [22.2218, 47.6621], [22.2034, 47.6549], [22.1808, 47.6001]]]}, "properties": {"code": "SM", "name": "Satu Mare", "name_1977": "", "geometry_basis": "modern_osm", "boundary_note": "", "in_table_II1": 0, "n_metrics": 0, "n_mentions": 0, "damaged_reported": null, "damaged_class": "", "damaged_metric": ""}}, {"type": "Feature", "id": "SJ", "geometry": {"type": "Polygon", "coordinates": [[[22.4933, 47.1862], [22.5082, 47.1656], [22.5314, 47.1691], [22.5396, 47.1615], [22.5338, 47.1498], [22.5486, 47.1496], [22.5543, 47.1432], [22.5441, 47.1352], [22.5533, 47.1345], [22.5559, 47.1249], [22.5667, 47.1263], [22.5568, 47.1162], [22.5143, 47.1091], [22.5372, 47.0997], [22.545, 47.088], [22.5688, 47.0823], [22.5923, 47.0632], [22.6868, 47.0513], [22.6904, 47.0343], [22.7091, 47.011], [22.7532, 47.0027], [22.7858, 46.9879], [22.7852, 46.9815], [22.795, 46.9771], [22.8212, 46.9829], [22.8348, 46.9952], [22.8662, 46.9807], [22.879, 46.9889], [22.8711, 46.9799], [22.899, 46.9695], [22.8966, 46.9443], [22.904, 46.9333], [22.9161, 46.9346], [22.9316, 46.9184], [22.9713, 46.9126], [22.9847, 46.9031], [23.0069, 46.9076], [23.0052, 46.903], [23.0139, 46.9008], [23.0111, 46.888], [23.0229, 46.8958], [23.0269, 46.8927], [23.0335, 46.9015], [23.0414, 46.8972], [23.0322, 46.8897], [23.0376, 46.8879], [23.0361, 46.8818], [23.0652, 46.9046], [23.0923, 46.8902], [23.0834, 46.8672], [23.0903, 46.8598], [23.1043, 46.8604], [23.1065, 46.8535], [23.1512, 46.866], [23.1604, 46.8762], [23.1756, 46.8753], [23.1624, 46.8792], [23.1987, 46.8695], [23.2003, 46.8821], [23.2226, 46.8926], [23.211, 46.9023], [23.2026, 46.9226], [23.2295, 46.9347], [23.2162, 46.9395], [23.2212, 46.9495], [23.2172, 46.953], [23.2341, 46.9569], [23.2283, 46.9637], [23.2426, 46.9562], [23.2375, 46.9473], [23.2587, 46.935], [23.2545, 46.9264], [23.2589, 46.9142], [23.278, 46.9107], [23.2764, 46.9016], [23.2832, 46.8975], [23.3046, 46.9031], [23.3092, 46.9111], [23.3255, 46.9141], [23.3373, 46.9082], [23.3514, 46.9149], [23.355, 46.92], [23.3446, 46.9249], [23.3599, 46.9271], [23.3638, 46.9399], [23.3719, 46.9373], [23.3887, 46.9505], [23.3724, 46.9624], [23.388, 46.9669], [23.385, 46.9773], [23.4117, 46.9818], [23.3984, 46.9935], [23.4277, 46.9883], [23.4316, 46.9941], [23.4587, 46.9982], [23.4635, 47.0042], [23.4579, 47.0056], [23.4741, 47.0135], [23.4675, 47.0215], [23.4709, 47.0264], [23.4863, 47.03], [23.4878, 47.0354], [23.4718, 47.0437], [23.4768, 47.0461], [23.4737, 47.055], [23.4504, 47.061], [23.4477, 47.0756], [23.4275, 47.0896], [23.4486, 47.0886], [23.4527, 47.096], [23.4852, 47.091], [23.4888, 47.0967], [23.4801, 47.1083], [23.4896, 47.1098], [23.484, 47.1106], [23.4875, 47.1195], [23.4958, 47.1133], [23.5041, 47.1173], [23.5001, 47.1281], [23.4914, 47.1295], [23.5002, 47.141], [23.4979, 47.1549], [23.5445, 47.1586], [23.5439, 47.166], [23.5615, 47.1789], [23.5825, 47.1775], [23.5971, 47.1646], [23.6158, 47.1699], [23.6339, 47.1826], [23.6267, 47.1942], [23.6454, 47.2138], [23.6437, 47.222], [23.6529, 47.2346], [23.6648, 47.2334], [23.6672, 47.2393], [23.6788, 47.234], [23.6974, 47.2442], [23.7116, 47.2435], [23.7206, 47.2549], [23.7262, 47.246], [23.7528, 47.242], [23.753, 47.261], [23.7588, 47.264], [23.7565, 47.2713], [23.7621, 47.2835], [23.7695, 47.2727], [23.8145, 47.2513], [23.8097, 47.2574], [23.8142, 47.2574], [23.8129, 47.2679], [23.7989, 47.2815], [23.8135, 47.2912], [23.807, 47.2962], [23.816, 47.2988], [23.8138, 47.3071], [23.8255, 47.3086], [23.8421, 47.3345], [23.8414, 47.34], [23.8299, 47.3384], [23.8268, 47.3444], [23.8078, 47.343], [23.7908, 47.3366], [23.7645, 47.3372], [23.7604, 47.326], [23.7275, 47.321], [23.7011, 47.3412], [23.7068, 47.3454], [23.6997, 47.3473], [23.7124, 47.3522], [23.6805, 47.3551], [23.6667, 47.3665], [23.6658, 47.3817], [23.6315, 47.396], [23.6118, 47.3884], [23.6142, 47.3813], [23.6083, 47.3749], [23.5844, 47.3721], [23.579, 47.3622], [23.5387, 47.3696], [23.5032, 47.3629], [23.4816, 47.3777], [23.4677, 47.3753], [23.3971, 47.3919], [23.3772, 47.388], [23.3621, 47.4001], [23.3599, 47.4179], [23.3362, 47.4119], [23.3115, 47.4239], [23.2592, 47.4279], [23.2453, 47.4392], [23.2367, 47.4349], [23.2251, 47.4399], [23.2206, 47.4331], [23.1836, 47.4591], [23.159, 47.4381], [23.1379, 47.4444], [23.106, 47.4428], [23.116, 47.4314], [23.1183, 47.417], [23.1124, 47.4109], [23.1201, 47.4088], [23.1191, 47.3956], [23.1083, 47.396], [23.0899, 47.3846], [23.1041, 47.3735], [23.0871, 47.3634], [23.0626, 47.3603], [23.0599, 47.3519], [23.0516, 47.3502], [23.0386, 47.3593], [23.0204, 47.3569], [23.006, 47.3688], [22.9766, 47.352], [22.9597, 47.3586], [22.936, 47.3749], [22.9331, 47.3927], [22.9206, 47.3946], [22.9248, 47.4016], [22.9185, 47.4017], [22.9161, 47.4136], [22.8654, 47.418], [22.8612, 47.4123], [22.8478, 47.4222], [22.833, 47.4181], [22.8108, 47.3999], [22.8019, 47.4116], [22.7682, 47.4186], [22.749, 47.4053], [22.7334, 47.4049], [22.7365, 47.4012], [22.7228, 47.3927], [22.6737, 47.3766], [22.6454, 47.3742], [22.6423, 47.3609], [22.6297, 47.3498], [22.635, 47.3355], [22.6299, 47.3418], [22.6275, 47.3351], [22.6127, 47.3348], [22.6079, 47.328], [22.5872, 47.3272], [22.576, 47.3082], [22.5806, 47.3012], [22.5609, 47.3071], [22.5527, 47.3027], [22.5477, 47.2982], [22.5535, 47.2815], [22.5471, 47.2809], [22.5464, 47.2717], [22.5606, 47.2647], [22.5514, 47.2606], [22.5583, 47.2612], [22.5612, 47.2518], [22.5399, 47.2339], [22.5168, 47.2327], [22.511, 47.2196], [22.522, 47.2082], [22.508, 47.2147], [22.5116, 47.1962], [22.4933, 47.1862]]]}, "properties": {"code": "SJ", "name": "Sălaj", "name_1977": "", "geometry_basis": "modern_osm", "boundary_note": "", "in_table_II1": 0, "n_metrics": 0, "n_mentions": 0, "damaged_reported": null, "damaged_class": "", "damaged_metric": ""}}, {"type": "Feature", "id": "SB", "geometry": {"type": "Polygon", "coordinates": [[[23.5887, 45.7012], [23.6109, 45.6876], [23.5971, 45.6831], [23.5927, 45.6737], [23.6254, 45.6589], [23.6449, 45.64], [23.6445, 45.6299], [23.6334, 45.6287], [23.6323, 45.6216], [23.6527, 45.6013], [23.6437, 45.5884], [23.6294, 45.5885], [23.618, 45.5809], [23.6106, 45.5636], [23.6361, 45.544], [23.6652, 45.4933], [23.7414, 45.5012], [23.7712, 45.5107], [23.7948, 45.5302], [23.8578, 45.535], [23.8734, 45.5228], [23.9223, 45.536], [23.9861, 45.5328], [24.001, 45.5266], [24.0217, 45.531], [24.0803, 45.5123], [24.1188, 45.5088], [24.205, 45.5236], [24.2267, 45.5472], [24.2573, 45.5431], [24.2668, 45.5494], [24.266, 45.5558], [24.3112, 45.5678], [24.3344, 45.5819], [24.337, 45.5725], [24.3867, 45.5839], [24.4323, 45.5812], [24.4469, 45.5908], [24.4614, 45.5809], [24.4777, 45.5816], [24.4818, 45.5725], [24.5125, 45.5869], [24.5267, 45.5802], [24.5537, 45.5877], [24.5659, 45.5791], [24.5966, 45.5962], [24.6262, 45.6039], [24.6582, 45.6031], [24.6619, 45.5955], [24.6716, 45.5947], [24.6849, 45.6041], [24.6749, 45.6161], [24.6693, 45.6401], [24.6784, 45.6466], [24.6773, 45.6632], [24.683, 45.6707], [24.6746, 45.6839], [24.6816, 45.7095], [24.6429, 45.7655], [24.6443, 45.7911], [24.6392, 45.7951], [24.6432, 45.803], [24.6576, 45.8082], [24.661, 45.8176], [24.6843, 45.8245], [24.6881, 45.8364], [24.7141, 45.8162], [24.7251, 45.8266], [24.7183, 45.8409], [24.7343, 45.8361], [24.7535, 45.8424], [24.7735, 45.8397], [24.7749, 45.8446], [24.7721, 45.8675], [24.7552, 45.871], [24.7161, 45.8945], [24.7073, 45.9278], [24.6998, 45.9319], [24.7029, 45.9401], [24.7209, 45.9459], [24.749, 45.9351], [24.7718, 45.9626], [24.7687, 45.9756], [24.8355, 45.9778], [24.8388, 45.9866], [24.8252, 45.996], [24.8212, 46.0101], [24.8655, 46.0096], [24.8755, 46.0299], [24.8894, 46.0397], [24.9294, 46.0446], [24.9651, 46.0639], [24.9466, 46.0791], [24.9187, 46.0793], [24.9063, 46.0861], [24.8986, 46.0955], [24.9004, 46.1062], [24.8856, 46.1098], [24.854, 46.1098], [24.8049, 46.0925], [24.7753, 46.1018], [24.7765, 46.0935], [24.7696, 46.0868], [24.7378, 46.0893], [24.7163, 46.0764], [24.6956, 46.0831], [24.6914, 46.0945], [24.6727, 46.1035], [24.6772, 46.1285], [24.6686, 46.1381], [24.6799, 46.1483], [24.674, 46.1684], [24.6841, 46.1962], [24.6736, 46.2189], [24.6506, 46.232], [24.6563, 46.2375], [24.6694, 46.2282], [24.6766, 46.2505], [24.6699, 46.2561], [24.6671, 46.2807], [24.6462, 46.2793], [24.6326, 46.2705], [24.6324, 46.2624], [24.6221, 46.2588], [24.6238, 46.2514], [24.6046, 46.2516], [24.593, 46.2717], [24.5772, 46.2681], [24.5697, 46.2747], [24.5627, 46.2577], [24.5398, 46.2608], [24.5354, 46.2506], [24.5156, 46.2539], [24.4976, 46.2425], [24.4973, 46.2528], [24.4887, 46.2589], [24.467, 46.2621], [24.4596, 46.2558], [24.42, 46.2653], [24.4002, 46.2521], [24.3887, 46.2534], [24.379, 46.2437], [24.3532, 46.2542], [24.3122, 46.2522], [24.2991, 46.2551], [24.2855, 46.2841], [24.2729, 46.2764], [24.2733, 46.2676], [24.2651, 46.2666], [24.2643, 46.2534], [24.2491, 46.2502], [24.2288, 46.2576], [24.2318, 46.2479], [24.2516, 46.2404], [24.2288, 46.2313], [24.2098, 46.2334], [24.1904, 46.224], [24.1988, 46.2123], [24.1876, 46.1833], [24.2095, 46.1742], [24.2168, 46.164], [24.2133, 46.1542], [24.1913, 46.1529], [24.1516, 46.1349], [24.1187, 46.1347], [24.0903, 46.1166], [24.0825, 46.1019], [24.0678, 46.0948], [24.076, 46.0942], [24.0583, 46.0845], [24.0425, 46.0965], [24.0441, 46.0803], [24.0269, 46.0628], [24.0324, 46.0408], [24.0185, 46.0389], [24.0269, 46.0285], [24.0074, 46.0166], [24.0061, 46.0002], [24.0001, 45.9981], [23.991, 46.0073], [23.9908, 46.0183], [23.9768, 46.0294], [23.9845, 46.0347], [23.9796, 46.0382], [23.9678, 46.0339], [23.9643, 46.0406], [23.9369, 46.0378], [23.9242, 46.0488], [23.913, 46.0411], [23.8913, 46.0447], [23.8724, 46.031], [23.8457, 46.0078], [23.8569, 46.0009], [23.8524, 45.9855], [23.8609, 45.9805], [23.8636, 45.963], [23.8735, 45.9608], [23.87, 45.9487], [23.85, 45.959], [23.8373, 45.9514], [23.8165, 45.9233], [23.8039, 45.9287], [23.805, 45.9238], [23.797, 45.9223], [23.7894, 45.9283], [23.7327, 45.914], [23.7304, 45.8972], [23.7498, 45.8852], [23.7665, 45.8885], [23.7734, 45.8807], [23.7327, 45.8428], [23.7269, 45.8481], [23.7345, 45.8307], [23.7213, 45.8332], [23.719, 45.8239], [23.6944, 45.8253], [23.6957, 45.8089], [23.6875, 45.8026], [23.6791, 45.8076], [23.6251, 45.8081], [23.6166, 45.8019], [23.6147, 45.7961], [23.6245, 45.7944], [23.622, 45.7833], [23.6387, 45.7781], [23.6492, 45.7657], [23.659, 45.7633], [23.6745, 45.7495], [23.6594, 45.7612], [23.645, 45.7457], [23.6222, 45.7504], [23.6154, 45.7392], [23.6198, 45.7358], [23.6102, 45.7233], [23.6011, 45.7229], [23.6037, 45.714], [23.5887, 45.7012]]]}, "properties": {"code": "SB", "name": "Sibiu", "name_1977": "Județul Sibiu", "geometry_basis": "modern_osm", "boundary_note": "", "in_table_II1": 1, "n_metrics": 3, "n_mentions": 0, "damaged_reported": null, "damaged_class": "", "damaged_metric": ""}}, {"type": "Feature", "id": "SV", "geometry": {"type": "Polygon", "coordinates": [[[24.9471, 47.7292], [24.9523, 47.7055], [24.9783, 47.6975], [25.0222, 47.6664], [25.0516, 47.6588], [25.0564, 47.6476], [25.0518, 47.6406], [25.0117, 47.6337], [24.975, 47.6138], [24.9586, 47.6152], [24.9608, 47.5969], [24.9922, 47.5856], [24.9911, 47.5805], [25.0078, 47.5688], [25.052, 47.5605], [25.0665, 47.5304], [25.0951, 47.5162], [25.0938, 47.504], [25.0615, 47.4813], [25.0454, 47.481], [25.047, 47.4702], [25.0603, 47.4625], [25.0662, 47.4502], [25.0812, 47.454], [25.0909, 47.4489], [25.0776, 47.4382], [25.0524, 47.431], [25.0503, 47.4255], [25.0583, 47.4165], [25.0267, 47.4358], [24.9995, 47.4202], [24.9828, 47.424], [25.0333, 47.3943], [25.04, 47.3804], [25.0626, 47.3792], [25.0692, 47.3707], [25.0603, 47.3533], [25.0771, 47.3408], [25.0727, 47.3295], [25.0775, 47.3117], [25.0475, 47.3037], [25.0281, 47.2867], [25.0796, 47.2586], [25.0749, 47.2462], [25.0443, 47.2161], [25.0583, 47.2014], [25.0566, 47.188], [25.0672, 47.1668], [25.0576, 47.1506], [25.0661, 47.1428], [25.0634, 47.1366], [25.0962, 47.1201], [25.1249, 47.1232], [25.1441, 47.1132], [25.1729, 47.1306], [25.1999, 47.1136], [25.2264, 47.1081], [25.2334, 47.0983], [25.2515, 47.0978], [25.2797, 47.1039], [25.2957, 47.115], [25.2872, 47.1332], [25.2944, 47.1559], [25.3049, 47.1651], [25.3247, 47.166], [25.3585, 47.1797], [25.3742, 47.1753], [25.4252, 47.1839], [25.4267, 47.1695], [25.458, 47.1444], [25.5303, 47.1105], [25.5274, 47.1001], [25.5356, 47.0835], [25.5743, 47.0847], [25.6016, 47.0773], [25.6238, 47.095], [25.6522, 47.0872], [25.6616, 47.0917], [25.664, 47.1194], [25.674, 47.1216], [25.674, 47.129], [25.6978, 47.1434], [25.6918, 47.1588], [25.7005, 47.1707], [25.7211, 47.175], [25.716, 47.1971], [25.7295, 47.2037], [25.729, 47.2171], [25.7882, 47.2386], [25.813, 47.2602], [25.8047, 47.2802], [25.7893, 47.2866], [25.7775, 47.308], [25.7639, 47.3178], [25.7702, 47.3204], [25.837, 47.3116], [25.8567, 47.2955], [25.8701, 47.2937], [25.9014, 47.2619], [25.9236, 47.2592], [25.9326, 47.2772], [25.9786, 47.2887], [26.0083, 47.2834], [26.0247, 47.2894], [26.0563, 47.2746], [26.1252, 47.2973], [26.1371, 47.2886], [26.1725, 47.2965], [26.1859, 47.3074], [26.2427, 47.281], [26.2673, 47.282], [26.2831, 47.2914], [26.2771, 47.2951], [26.3581, 47.3224], [26.3643, 47.3198], [26.3735, 47.327], [26.3672, 47.3285], [26.371, 47.3322], [26.3813, 47.3294], [26.4055, 47.3403], [26.4365, 47.3273], [26.483, 47.2881], [26.5001, 47.2836], [26.5078, 47.2717], [26.5463, 47.3008], [26.5629, 47.2924], [26.5742, 47.3064], [26.5635, 47.3151], [26.5505, 47.3099], [26.5502, 47.3179], [26.5413, 47.3154], [26.5213, 47.3402], [26.5109, 47.3353], [26.502, 47.3505], [26.497, 47.3499], [26.4988, 47.3619], [26.5089, 47.3631], [26.493, 47.3923], [26.5275, 47.4046], [26.5329, 47.3898], [26.5709, 47.3894], [26.5706, 47.3763], [26.5993, 47.3674], [26.6096, 47.3553], [26.6713, 47.3588], [26.6834, 47.3663], [26.6632, 47.3686], [26.6786, 47.3768], [26.644, 47.3988], [26.6886, 47.4142], [26.696, 47.4008], [26.7047, 47.4119], [26.6804, 47.4398], [26.6815, 47.4615], [26.6951, 47.4595], [26.7006, 47.4717], [26.6305, 47.4691], [26.5989, 47.4597], [26.5859, 47.4639], [26.5914, 47.47], [26.5891, 47.4906], [26.58, 47.4978], [26.5606, 47.4956], [26.5577, 47.504], [26.551, 47.5042], [26.5522, 47.5132], [26.6048, 47.5206], [26.6039, 47.5327], [26.578, 47.5354], [26.5825, 47.539], [26.5631, 47.5562], [26.5581, 47.5791], [26.5419, 47.5824], [26.548, 47.5912], [26.5372, 47.5983], [26.5482, 47.6002], [26.5458, 47.6059], [26.5521, 47.6092], [26.5469, 47.6179], [26.5361, 47.6194], [26.5428, 47.6318], [26.537, 47.6379], [26.5438, 47.644], [26.5176, 47.6476], [26.5199, 47.6518], [26.5032, 47.6549], [26.5051, 47.6596], [26.4967, 47.6587], [26.5075, 47.6635], [26.4638, 47.7067], [26.4593, 47.7139], [26.4675, 47.716], [26.4461, 47.7336], [26.4323, 47.7263], [26.4399, 47.743], [26.4277, 47.7406], [26.4205, 47.7483], [26.3971, 47.7414], [26.4001, 47.733], [26.3921, 47.7383], [26.3957, 47.7423], [26.3908, 47.7451], [26.4063, 47.754], [26.4022, 47.7703], [26.4064, 47.784], [26.3697, 47.774], [26.3184, 47.8146], [26.324, 47.8194], [26.3176, 47.8198], [26.3165, 47.8265], [26.325, 47.8308], [26.3109, 47.829], [26.3124, 47.8367], [26.3007, 47.8356], [26.3066, 47.8412], [26.3028, 47.8456], [26.311, 47.8492], [26.2948, 47.8557], [26.2938, 47.8628], [26.2825, 47.8563], [26.2641, 47.8685], [26.2727, 47.8758], [26.2288, 47.9001], [26.1994, 47.8844], [26.1954, 47.8913], [26.1841, 47.8921], [26.1824, 47.8996], [26.192, 47.9078], [26.1833, 47.9093], [26.1829, 47.9201], [26.1685, 47.9192], [26.163, 47.9277], [26.1481, 47.9236], [26.1253, 47.9325], [26.1286, 47.9422], [26.1229, 47.9456], [26.1311, 47.9533], [26.1099, 47.9626], [26.1195, 47.9723], [26.0611, 47.988], [25.9522, 47.9709], [25.915, 47.9775], [25.9077, 47.9647], [25.892, 47.9612], [25.8612, 47.9704], [25.8378, 47.9672], [25.8184, 47.954], [25.775, 47.9394], [25.6255, 47.9488], [25.5923, 47.9384], [25.3111, 47.9143], [25.2698, 47.8923], [25.2299, 47.8928], [25.2216, 47.8822], [25.222, 47.8588], [25.2001, 47.8494], [25.2025, 47.8395], [25.1803, 47.8259], [25.1775, 47.814], [25.1669, 47.8089], [25.171, 47.7963], [25.1346, 47.7824], [25.1163, 47.7681], [25.1156, 47.7548], [25.0647, 47.7405], [25.0546, 47.7458], [25.0397, 47.7253], [25.0073, 47.7344], [24.9967, 47.7251], [24.9471, 47.7292]]]}, "properties": {"code": "SV", "name": "Suceava", "name_1977": "", "geometry_basis": "modern_osm", "boundary_note": "", "in_table_II1": 0, "n_metrics": 0, "n_mentions": 0, "damaged_reported": null, "damaged_class": "", "damaged_metric": ""}}, {"type": "Feature", "id": "TR", "geometry": {"type": "Polygon", "coordinates": [[[24.5937, 43.9895], [24.6071, 43.9913], [24.6072, 43.9837], [24.596, 43.9799], [24.6091, 43.9779], [24.6023, 43.9621], [24.6322, 43.9616], [24.6343, 43.9445], [24.6471, 43.9432], [24.6276, 43.9359], [24.631, 43.9252], [24.6393, 43.9254], [24.6577, 43.8998], [24.6755, 43.8981], [24.6778, 43.8853], [24.6624, 43.8831], [24.6683, 43.8667], [24.6935, 43.8707], [24.693, 43.8597], [24.7005, 43.8606], [24.7026, 43.8512], [24.7235, 43.8358], [24.7159, 43.8289], [24.6959, 43.8313], [24.687, 43.8256], [24.6891, 43.8211], [24.7262, 43.8261], [24.7294, 43.8203], [24.7551, 43.8176], [24.7388, 43.8145], [24.7366, 43.8081], [24.7467, 43.792], [24.6944, 43.7819], [24.6963, 43.774], [24.684, 43.7723], [24.6867, 43.7597], [24.6762, 43.7584], [24.6746, 43.7515], [24.6564, 43.7547], [24.6506, 43.7468], [24.6652, 43.7426], [24.6541, 43.7224], [24.7102, 43.6889], [24.7439, 43.6849], [24.808, 43.7095], [24.9011, 43.7112], [24.9348, 43.7274], [24.9643, 43.7312], [25.0038, 43.7242], [25.0221, 43.7084], [25.082, 43.6879], [25.1323, 43.6855], [25.1826, 43.7006], [25.2458, 43.6881], [25.2823, 43.6571], [25.3907, 43.6197], [25.4445, 43.6279], [25.5026, 43.6489], [25.5366, 43.6415], [25.5698, 43.6442], [25.6438, 43.683], [25.6721, 43.6882], [25.6716, 43.6977], [25.6817, 43.6978], [25.6723, 43.7114], [25.6849, 43.7129], [25.6786, 43.7216], [25.6631, 43.7182], [25.6629, 43.7384], [25.6565, 43.7412], [25.6601, 43.746], [25.6511, 43.7498], [25.6677, 43.7732], [25.6601, 43.7787], [25.66, 43.8205], [25.6298, 43.8205], [25.6297, 43.8447], [25.6069, 43.8445], [25.6069, 43.8778], [25.6149, 43.8811], [25.6147, 43.9037], [25.5844, 43.9067], [25.5848, 43.9376], [25.6223, 43.9414], [25.6118, 43.9528], [25.6178, 43.9559], [25.5914, 43.9845], [25.6039, 43.9907], [25.5934, 44.002], [25.5999, 44.003], [25.594, 44.0136], [25.5988, 44.0166], [25.5987, 44.0377], [25.6072, 44.038], [25.6067, 44.0462], [25.6299, 44.0525], [25.6145, 44.0631], [25.6253, 44.068], [25.618, 44.0761], [25.6289, 44.0811], [25.6247, 44.0858], [25.6459, 44.0957], [25.6375, 44.0986], [25.6576, 44.1164], [25.6609, 44.1011], [25.6784, 44.0895], [25.6722, 44.1064], [25.6765, 44.1131], [25.6863, 44.1097], [25.6868, 44.1225], [25.6972, 44.1054], [25.7097, 44.1016], [25.7042, 44.1105], [25.7062, 44.1249], [25.7138, 44.1284], [25.7094, 44.1348], [25.679, 44.1266], [25.6768, 44.1574], [25.7017, 44.154], [25.703, 44.1605], [25.6553, 44.1688], [25.6642, 44.2076], [25.6795, 44.2232], [25.684, 44.2389], [25.7055, 44.2388], [25.696, 44.2494], [25.7032, 44.252], [25.6899, 44.2635], [25.6677, 44.2687], [25.6699, 44.2924], [25.6557, 44.2965], [25.6506, 44.2744], [25.6186, 44.2882], [25.6316, 44.3069], [25.6167, 44.3174], [25.6037, 44.3208], [25.5947, 44.3108], [25.5711, 44.3082], [25.5575, 44.3177], [25.5154, 44.3139], [25.4681, 44.3253], [25.4735, 44.3454], [25.4694, 44.3492], [25.478, 44.3541], [25.4703, 44.3604], [25.4848, 44.3773], [25.4581, 44.3748], [25.4484, 44.3794], [25.4491, 44.3866], [25.4255, 44.3969], [25.4504, 44.4196], [25.4592, 44.4209], [25.4845, 44.4508], [25.4805, 44.452], [25.4976, 44.4655], [25.471, 44.4883], [25.4538, 44.4779], [25.4417, 44.4848], [25.4503, 44.4922], [25.4427, 44.501], [25.3951, 44.5181], [25.3694, 44.4975], [25.3578, 44.4795], [25.3667, 44.4742], [25.3557, 44.4593], [25.3412, 44.4646], [25.3222, 44.4466], [25.3245, 44.442], [25.2971, 44.4299], [25.3032, 44.4239], [25.2507, 44.4034], [25.2401, 44.4225], [25.203, 44.4564], [25.1112, 44.4159], [25.0862, 44.4171], [25.1033, 44.4099], [25.0919, 44.4133], [25.0651, 44.3974], [25.0547, 44.4091], [25.046, 44.3971], [25.0105, 44.4109], [24.9614, 44.3769], [24.884, 44.3826], [24.8826, 44.3683], [24.8171, 44.3611], [24.8283, 44.3323], [24.8474, 44.319], [24.831, 44.3095], [24.8357, 44.3019], [24.8242, 44.2983], [24.8214, 44.29], [24.8292, 44.2726], [24.8202, 44.2421], [24.8281, 44.2368], [24.8176, 44.2331], [24.837, 44.2264], [24.7936, 44.1913], [24.8044, 44.174], [24.8044, 44.1595], [24.8441, 44.1332], [24.854, 44.1082], [24.851, 44.1022], [24.8593, 44.0938], [24.8439, 44.0861], [24.8005, 44.0845], [24.8029, 44.0785], [24.7589, 44.0736], [24.7605, 44.0688], [24.7109, 44.0591], [24.7221, 44.0474], [24.7117, 44.0446], [24.7202, 44.0381], [24.6284, 44.0217], [24.6131, 44.0142], [24.6085, 43.9947], [24.5937, 43.9895]]]}, "properties": {"code": "TR", "name": "Teleorman", "name_1977": "Județul Teleorman", "geometry_basis": "modern_osm", "boundary_note": "", "in_table_II1": 1, "n_metrics": 4, "n_mentions": 3, "damaged_reported": 34512, "damaged_class": "buildings", "damaged_metric": "cm058"}}, {"type": "Feature", "id": "TM", "geometry": {"type": "Polygon", "coordinates": [[[20.262, 46.1208], [20.2829, 46.1176], [20.2648, 46.1085], [20.2732, 46.0983], [20.3023, 46.0866], [20.3093, 46.0721], [20.3461, 46.0474], [20.3406, 46.0363], [20.3577, 46.0059], [20.3484, 45.9996], [20.4054, 45.9652], [20.4473, 45.9702], [20.4829, 45.9534], [20.5158, 45.8921], [20.5693, 45.9101], [20.5815, 45.8694], [20.5944, 45.8717], [20.5989, 45.8617], [20.6115, 45.8641], [20.6606, 45.8292], [20.6509, 45.8118], [20.6628, 45.7941], [20.6814, 45.7973], [20.7007, 45.7506], [20.774, 45.7545], [20.7836, 45.7859], [20.8231, 45.7751], [20.8174, 45.7518], [20.8027, 45.7377], [20.8022, 45.6998], [20.7962, 45.687], [20.803, 45.682], [20.805, 45.6572], [20.7889, 45.6456], [20.7793, 45.6225], [20.7658, 45.6126], [20.772, 45.5829], [20.7953, 45.5876], [20.8326, 45.5359], [20.8071, 45.5158], [20.7688, 45.5002], [20.777, 45.4906], [20.771, 45.4799], [20.8333, 45.48], [20.8664, 45.4652], [20.8811, 45.4462], [20.8722, 45.4461], [20.8749, 45.4382], [20.8646, 45.4318], [20.9004, 45.4169], [20.9203, 45.4172], [20.9356, 45.3928], [20.9301, 45.3923], [20.9312, 45.3868], [20.9484, 45.3856], [20.9603, 45.3668], [20.9961, 45.3433], [21.0099, 45.3413], [21.0166, 45.3246], [21.0634, 45.3319], [21.0612, 45.3159], [21.081, 45.3178], [21.0965, 45.2959], [21.1445, 45.3049], [21.162, 45.3251], [21.1664, 45.3197], [21.1759, 45.3252], [21.1839, 45.3207], [21.1799, 45.3126], [21.1913, 45.2868], [21.2087, 45.2753], [21.2028, 45.2654], [21.219, 45.2506], [21.2492, 45.2438], [21.2747, 45.2297], [21.2923, 45.2424], [21.3262, 45.2396], [21.36, 45.2221], [21.3696, 45.2261], [21.3953, 45.2188], [21.4034, 45.2293], [21.4388, 45.2028], [21.4792, 45.1931], [21.5146, 45.202], [21.5075, 45.2037], [21.5099, 45.2122], [21.5043, 45.2174], [21.5271, 45.2318], [21.5213, 45.2449], [21.5306, 45.2485], [21.5343, 45.2639], [21.5561, 45.2724], [21.5313, 45.2914], [21.5428, 45.2997], [21.5258, 45.3316], [21.4939, 45.3429], [21.4976, 45.3504], [21.4451, 45.3904], [21.4405, 45.4071], [21.4887, 45.4186], [21.485, 45.4347], [21.4756, 45.4312], [21.4642, 45.4429], [21.4587, 45.4768], [21.5116, 45.4936], [21.5566, 45.4901], [21.5519, 45.4934], [21.5591, 45.5001], [21.5726, 45.5001], [21.5844, 45.509], [21.5711, 45.5214], [21.5852, 45.5304], [21.5725, 45.5347], [21.5978, 45.5566], [21.5999, 45.5711], [21.6284, 45.5682], [21.6479, 45.5802], [21.6744, 45.5858], [21.702, 45.5737], [21.7012, 45.5626], [21.723, 45.5625], [21.744, 45.5524], [21.7473, 45.5446], [21.817, 45.5271], [21.8314, 45.5286], [21.8391, 45.5362], [21.8757, 45.5357], [21.8717, 45.5614], [21.9235, 45.5669], [21.9351, 45.5565], [21.9205, 45.5531], [21.9402, 45.5314], [21.9453, 45.5057], [21.9749, 45.5124], [21.9909, 45.5031], [21.9927, 45.5091], [22.0071, 45.5041], [22.0087, 45.5103], [22.0305, 45.4974], [22.0428, 45.4983], [22.0433, 45.5054], [22.0643, 45.5086], [22.0601, 45.5201], [22.0662, 45.5211], [22.0649, 45.5287], [22.0761, 45.5317], [22.0665, 45.5355], [22.0574, 45.5521], [22.0456, 45.552], [22.0495, 45.5614], [22.0442, 45.5718], [22.0492, 45.574], [22.0366, 45.5871], [22.0453, 45.5915], [22.074, 45.5719], [22.1056, 45.5953], [22.1149, 45.5909], [22.1346, 45.5941], [22.1481, 45.616], [22.1501, 45.5984], [22.1623, 45.6077], [22.1733, 45.6044], [22.1893, 45.6178], [22.2077, 45.6057], [22.2367, 45.6043], [22.2528, 45.5875], [22.2701, 45.5848], [22.291, 45.6053], [22.2975, 45.6361], [22.3175, 45.6607], [22.3581, 45.6674], [22.3893, 45.6625], [22.4008, 45.6688], [22.4194, 45.6637], [22.4317, 45.6799], [22.4504, 45.6822], [22.4686, 45.6937], [22.4651, 45.711], [22.4706, 45.7312], [22.5197, 45.7513], [22.5514, 45.7775], [22.5342, 45.8014], [22.5002, 45.7851], [22.4804, 45.7868], [22.4808, 45.7946], [22.4701, 45.8028], [22.4784, 45.8078], [22.4763, 45.838], [22.4602, 45.8375], [22.4622, 45.8474], [22.4358, 45.8558], [22.4106, 45.8546], [22.3861, 45.8839], [22.3686, 45.8836], [22.4104, 45.9071], [22.419, 45.9372], [22.3777, 45.9643], [22.3451, 45.9742], [22.3114, 45.9667], [22.3157, 45.9641], [22.3101, 45.9362], [22.2967, 45.9308], [22.2602, 45.9343], [22.2454, 45.9252], [22.2469, 45.9036], [22.2263, 45.9019], [22.2008, 45.9226], [22.1724, 45.9285], [22.1546, 45.9209], [22.1354, 45.9228], [22.1256, 45.9269], [22.1241, 45.9377], [22.093, 45.9454], [22.0699, 45.9591], [22.048, 45.9615], [22.0397, 45.9685], [21.9984, 45.9679], [21.9879, 45.9776], [21.9872, 45.9885], [21.9675, 45.9944], [21.9556, 45.9872], [21.9253, 45.9848], [21.9162, 45.9631], [21.8935, 45.9525], [21.8724, 45.9587], [21.8657, 45.9487], [21.8514, 45.9472], [21.8197, 45.9678], [21.811, 45.9574], [21.8187, 45.9491], [21.8011, 45.944], [21.7994, 45.9253], [21.8053, 45.9211], [21.7697, 45.9169], [21.7686, 45.9393], [21.7754, 45.9487], [21.7626, 45.9565], [21.7366, 45.99], [21.7216, 45.9758], [21.7247, 45.9684], [21.7031, 45.944], [21.6924, 45.9163], [21.6677, 45.9062], [21.662, 45.9354], [21.6484, 45.9475], [21.63, 45.9428], [21.6419, 45.974], [21.6213, 45.9752], [21.5918, 45.9946], [21.5606, 46.0025], [21.5606, 45.9962], [21.5521, 45.9951], [21.5475, 46.0062], [21.5242, 46.0103], [21.5363, 46.033], [21.5142, 46.068], [21.4772, 46.0631], [21.4492, 46.0458], [21.4353, 46.0595], [21.4337, 46.0442], [21.4496, 46.0293], [21.4167, 46.0166], [21.4213, 46.0115], [21.3909, 46.0086], [21.3888, 46.0015], [21.3681, 45.9913], [21.3659, 45.982], [21.351, 45.9837], [21.3607, 45.9954], [21.3364, 46.0075], [21.2846, 46.0201], [21.2752, 46.0169], [21.2621, 45.9949], [21.2383, 45.9864], [21.248, 45.9808], [21.2362, 45.9819], [21.242, 45.9714], [21.2004, 45.9814], [21.172, 45.9987], [21.1255, 45.977], [21.1195, 45.983], [21.1102, 45.9771], [21.0849, 45.997], [21.0827, 46.0131], [21.0745, 46.0126], [21.0687, 46.0398], [20.9407, 46.0375], [20.922, 46.0594], [20.918, 46.0743], [20.8861, 46.0846], [20.8326, 46.0906], [20.8056, 46.1055], [20.7972, 46.1219], [20.7803, 46.1263], [20.7727, 46.1445], [20.7248, 46.146], [20.7096, 46.162], [20.6949, 46.1587], [20.6838, 46.1447], [20.6538, 46.1488], [20.6492, 46.1347], [20.636, 46.1265], [20.5495, 46.1772], [20.5015, 46.1899], [20.4918, 46.1808], [20.4952, 46.1709], [20.4591, 46.1429], [20.4263, 46.1452], [20.3975, 46.1574], [20.3943, 46.1526], [20.3811, 46.1579], [20.3684, 46.1529], [20.3556, 46.1697], [20.3126, 46.1502], [20.3092, 46.1565], [20.2968, 46.1522], [20.262, 46.1208]]]}, "properties": {"code": "TM", "name": "Timiș", "name_1977": "", "geometry_basis": "modern_osm", "boundary_note": "", "in_table_II1": 0, "n_metrics": 0, "n_mentions": 0, "damaged_reported": null, "damaged_class": "", "damaged_metric": ""}}, {"type": "Feature", "id": "TL", "geometry": {"type": "Polygon", "coordinates": [[[27.9948, 45.2867], [28.0285, 45.2644], [28.0681, 45.2522], [28.0958, 45.2497], [28.1148, 45.2589], [28.1302, 45.2331], [28.0917, 45.1899], [28.1974, 45.1374], [28.1703, 45.124], [28.1792, 45.1082], [28.1762, 45.1024], [28.1355, 45.1014], [28.1379, 45.0671], [28.153, 45.0381], [28.1348, 45.028], [28.1294, 45.0132], [28.1428, 44.979], [28.1511, 44.9736], [28.1303, 44.9431], [28.1251, 44.9156], [28.1271, 44.902], [28.1424, 44.8911], [28.1346, 44.8803], [28.1, 44.861], [28.0972, 44.8466], [28.074, 44.8161], [28.073, 44.8019], [28.1144, 44.7934], [28.1215, 44.7989], [28.1526, 44.8006], [28.1816, 44.7854], [28.1815, 44.7611], [28.1945, 44.7542], [28.2164, 44.7539], [28.217, 44.7623], [28.2399, 44.7647], [28.2404, 44.7561], [28.2627, 44.7558], [28.2618, 44.7268], [28.2747, 44.7184], [28.2688, 44.7122], [28.2792, 44.712], [28.2679, 44.6992], [28.3127, 44.7115], [28.327, 44.7073], [28.3146, 44.6961], [28.3655, 44.6916], [28.3649, 44.6848], [28.3851, 44.68], [28.3774, 44.6564], [28.3868, 44.652], [28.3869, 44.6395], [28.3964, 44.6388], [28.4083, 44.6489], [28.3951, 44.6347], [28.412, 44.6298], [28.4093, 44.6246], [28.4221, 44.6159], [28.4347, 44.6167], [28.449, 44.643], [28.4278, 44.658], [28.4348, 44.6738], [28.4692, 44.657], [28.4672, 44.6482], [28.5208, 44.6342], [28.5285, 44.6359], [28.5361, 44.6625], [28.5906, 44.6542], [28.683, 44.6688], [28.6777, 44.6626], [28.7015, 44.6577], [28.6919, 44.6529], [28.6961, 44.6501], [28.7104, 44.655], [28.741, 44.6468], [28.7495, 44.6543], [28.7786, 44.655], [28.7906, 44.6351], [28.8038, 44.639], [28.808, 44.6331], [28.8244, 44.6323], [28.8654, 44.6641], [28.9148, 44.6863], [28.9146, 44.6967], [28.9581, 44.6943], [28.9944, 44.6797], [29.0851, 44.749], [29.1603, 44.7772], [29.3166, 44.8057], [29.5703, 44.823], [29.5336, 44.7881], [29.5227, 44.7872], [29.5277, 44.7825], [29.5162, 44.7784], [29.4863, 44.7768], [29.4897, 44.7739], [29.4655, 44.7815], [29.4877, 44.7702], [29.4579, 44.7775], [29.4558, 44.7831], [29.4575, 44.7762], [29.4744, 44.769], [29.4927, 44.7686], [29.5112, 44.7729], [29.5384, 44.7873], [29.5848, 44.8227], [29.6141, 44.859], [29.6511, 45.0843], [29.671, 45.1303], [29.6953, 45.1533], [29.7173, 45.1623], [29.7546, 45.1502], [29.7541, 45.1432], [29.7684, 45.1465], [29.7488, 45.1549], [29.7638, 45.1857], [29.7486, 45.155], [29.721, 45.1669], [29.6833, 45.1637], [29.6773, 45.1698], [29.6613, 45.1624], [29.6425, 45.1696], [29.6329, 45.2113], [29.6898, 45.2014], [29.6622, 45.2389], [29.6635, 45.2597], [29.6786, 45.2682], [29.6696, 45.3075], [29.6509, 45.3396], [29.5928, 45.3878], [29.5507, 45.4089], [29.474, 45.4232], [29.4287, 45.4427], [29.3635, 45.4362], [29.3267, 45.4484], [29.2907, 45.4275], [29.2382, 45.4327], [29.1873, 45.4118], [29.1674, 45.3943], [29.1045, 45.3744], [29.0827, 45.3733], [28.9887, 45.3333], [28.9659, 45.331], [28.9491, 45.3112], [28.9521, 45.2863], [28.9419, 45.2805], [28.9147, 45.2874], [28.8742, 45.3161], [28.8459, 45.3173], [28.8165, 45.3363], [28.7962, 45.3347], [28.7805, 45.323], [28.8053, 45.3115], [28.8033, 45.3031], [28.7934, 45.2931], [28.7594, 45.2903], [28.752, 45.2841], [28.7636, 45.2642], [28.7916, 45.254], [28.7926, 45.2435], [28.7109, 45.2237], [28.6425, 45.243], [28.5612, 45.2501], [28.349, 45.3204], [28.2853, 45.3996], [28.2867, 45.4334], [28.2807, 45.4441], [28.2559, 45.4578], [28.2031, 45.467], [28.1926, 45.4545], [28.1936, 45.4173], [28.189, 45.4131], [28.127, 45.4389], [28.1073, 45.4413], [28.0815, 45.4372], [28.0402, 45.4165], [28.0282, 45.3995], [28.0229, 45.3522], [27.9992, 45.3082], [27.9948, 45.2867]]]}, "properties": {"code": "TL", "name": "Tulcea", "name_1977": "", "geometry_basis": "modern_osm", "boundary_note": "", "in_table_II1": 0, "n_metrics": 0, "n_mentions": 0, "damaged_reported": null, "damaged_class": "", "damaged_metric": ""}}, {"type": "Feature", "id": "VS", "geometry": {"type": "Polygon", "coordinates": [[[27.1883, 46.8715], [27.2021, 46.8613], [27.2003, 46.8563], [27.2194, 46.8486], [27.2074, 46.8399], [27.2271, 46.821], [27.2152, 46.8177], [27.2191, 46.812], [27.2133, 46.7897], [27.2244, 46.7911], [27.2334, 46.7756], [27.2293, 46.7702], [27.2062, 46.7699], [27.2103, 46.7606], [27.2264, 46.7518], [27.2283, 46.7446], [27.235, 46.7495], [27.2394, 46.7353], [27.3266, 46.698], [27.293, 46.6769], [27.3204, 46.6585], [27.3161, 46.6521], [27.2764, 46.6253], [27.3109, 46.5953], [27.3192, 46.5954], [27.3603, 46.5361], [27.3742, 46.5226], [27.3798, 46.5241], [27.373, 46.5195], [27.3836, 46.518], [27.3821, 46.5004], [27.3991, 46.4695], [27.4154, 46.462], [27.4111, 46.4574], [27.4184, 46.4351], [27.4241, 46.4347], [27.4201, 46.4312], [27.4492, 46.4001], [27.452, 46.3788], [27.4595, 46.3791], [27.4644, 46.3714], [27.4663, 46.3625], [27.459, 46.3601], [27.4711, 46.3362], [27.4828, 46.3271], [27.4759, 46.3265], [27.4801, 46.3187], [27.4571, 46.3203], [27.4668, 46.3022], [27.4636, 46.2962], [27.4828, 46.282], [27.4663, 46.279], [27.4739, 46.2367], [27.4789, 46.2207], [27.5065, 46.2194], [27.5101, 46.21], [27.5042, 46.2039], [27.5087, 46.1932], [27.5005, 46.1649], [27.5063, 46.1641], [27.5062, 46.1554], [27.4928, 46.1592], [27.4847, 46.1453], [27.5025, 46.1433], [27.5351, 46.0964], [27.5172, 46.0854], [27.5319, 46.0671], [27.5159, 46.0536], [27.5509, 46.0109], [27.5626, 46.0029], [27.5897, 46.0094], [27.6045, 46.0194], [27.5959, 46.0277], [27.6049, 46.0359], [27.599, 46.0413], [27.5999, 46.0559], [27.6277, 46.0614], [27.617, 46.0648], [27.6199, 46.071], [27.6144, 46.0734], [27.5872, 46.0718], [27.611, 46.0768], [27.6064, 46.0913], [27.5881, 46.1114], [27.5965, 46.1129], [27.5911, 46.1239], [27.6013, 46.1224], [27.5841, 46.1355], [27.5811, 46.1446], [27.5911, 46.1502], [27.6036, 46.1445], [27.5978, 46.1393], [27.6074, 46.1305], [27.6103, 46.1363], [27.6339, 46.1384], [27.6472, 46.1299], [27.6505, 46.1404], [27.6716, 46.1328], [27.6759, 46.1414], [27.6932, 46.1322], [27.7102, 46.1386], [27.711, 46.1292], [27.7624, 46.1281], [27.7636, 46.1153], [27.7861, 46.1125], [27.7881, 46.0949], [27.7921, 46.1011], [27.8155, 46.1048], [27.8081, 46.1116], [27.822, 46.1202], [27.8293, 46.1114], [27.8387, 46.1157], [27.8302, 46.1272], [27.8453, 46.1263], [27.8469, 46.1578], [27.8562, 46.1577], [27.8572, 46.1631], [27.8726, 46.158], [27.8719, 46.1456], [27.9107, 46.1538], [27.9171, 46.1486], [27.9262, 46.1525], [27.9396, 46.1351], [27.9646, 46.1415], [27.9843, 46.1105], [28.0093, 46.1153], [28.0089, 46.1049], [28.0413, 46.1064], [28.0759, 46.1175], [28.1242, 46.1116], [28.1245, 46.126], [28.1344, 46.1305], [28.125, 46.1374], [28.1292, 46.144], [28.1241, 46.1507], [28.143, 46.1644], [28.1282, 46.1778], [28.1443, 46.1791], [28.1318, 46.1824], [28.1414, 46.1848], [28.1347, 46.1956], [28.118, 46.1922], [28.1258, 46.2041], [28.1229, 46.2113], [28.1164, 46.211], [28.1154, 46.2023], [28.1096, 46.2046], [28.1149, 46.2108], [28.1062, 46.2213], [28.1099, 46.2427], [28.1142, 46.2461], [28.1192, 46.2386], [28.1334, 46.2512], [28.1464, 46.2515], [28.1262, 46.2621], [28.1361, 46.2645], [28.141, 46.2857], [28.1477, 46.2858], [28.144, 46.2787], [28.1524, 46.2787], [28.1499, 46.2924], [28.1693, 46.2825], [28.1734, 46.2978], [28.1772, 46.2949], [28.1725, 46.2907], [28.1804, 46.2853], [28.179, 46.2905], [28.187, 46.2942], [28.1784, 46.3], [28.1948, 46.3027], [28.2024, 46.3103], [28.2092, 46.3206], [28.2014, 46.3204], [28.198, 46.3281], [28.1934, 46.3226], [28.1864, 46.3266], [28.1926, 46.3298], [28.1841, 46.3326], [28.1881, 46.3375], [28.1973, 46.3341], [28.1996, 46.3439], [28.1889, 46.3442], [28.1826, 46.3524], [28.1964, 46.3497], [28.1926, 46.3596], [28.2012, 46.3565], [28.2089, 46.3593], [28.2011, 46.3587], [28.1988, 46.365], [28.2076, 46.3694], [28.1975, 46.3701], [28.2202, 46.3811], [28.2236, 46.3889], [28.2174, 46.3959], [28.2341, 46.3902], [28.2429, 46.3945], [28.2384, 46.4008], [28.225, 46.3991], [28.2388, 46.4068], [28.2312, 46.4074], [28.2303, 46.4154], [28.2499, 46.4157], [28.2611, 46.4374], [28.2571, 46.4474], [28.2399, 46.4521], [28.2584, 46.4622], [28.2456, 46.4634], [28.251, 46.4669], [28.2414, 46.4797], [28.2248, 46.4795], [28.232, 46.4838], [28.2309, 46.4949], [28.2234, 46.4951], [28.2214, 46.5031], [28.2113, 46.4987], [28.2153, 46.5027], [28.2093, 46.5056], [28.2152, 46.5125], [28.223, 46.5113], [28.2141, 46.5221], [28.2246, 46.5203], [28.2305, 46.529], [28.2255, 46.5296], [28.2268, 46.5363], [28.2156, 46.5379], [28.2267, 46.5538], [28.2359, 46.5516], [28.2331, 46.5634], [28.2254, 46.5637], [28.2229, 46.5798], [28.2415, 46.5811], [28.2309, 46.585], [28.2526, 46.6124], [28.2486, 46.6272], [28.239, 46.6303], [28.2446, 46.6384], [28.2382, 46.6446], [28.2462, 46.6452], [28.2374, 46.6512], [28.2365, 46.6786], [28.2303, 46.6819], [28.2314, 46.6741], [28.2238, 46.6757], [28.2204, 46.6906], [28.2147, 46.683], [28.2075, 46.6864], [28.2147, 46.6936], [28.202, 46.7004], [28.2096, 46.7037], [28.2095, 46.7118], [28.2019, 46.7216], [28.1964, 46.7152], [28.1889, 46.7188], [28.1947, 46.7216], [28.1863, 46.7243], [28.1944, 46.7347], [28.1831, 46.7343], [28.1778, 46.7428], [28.1829, 46.7469], [28.1731, 46.7506], [28.1854, 46.7596], [28.1778, 46.7583], [28.1779, 46.7708], [28.1671, 46.7703], [28.1727, 46.7758], [28.1605, 46.7776], [28.1766, 46.7779], [28.1655, 46.7837], [28.1651, 46.7913], [28.1611, 46.7842], [28.149, 46.7935], [28.1529, 46.7992], [28.1286, 46.8067], [28.1258, 46.8228], [28.1144, 46.822], [28.1157, 46.836], [28.1071, 46.8403], [28.1076, 46.8472], [28.0529, 46.851], [28.0147, 46.8338], [28.0084, 46.8395], [27.9902, 46.8384], [27.9798, 46.8573], [27.942, 46.8552], [27.9366, 46.8648], [27.9283, 46.8664], [27.9215, 46.8632], [27.9404, 46.8447], [27.9281, 46.8398], [27.9412, 46.8377], [27.9353, 46.8324], [27.9438, 46.8225], [27.9194, 46.822], [27.9203, 46.8106], [27.8952, 46.8072], [27.8883, 46.8137], [27.895, 46.8165], [27.8892, 46.8382], [27.8802, 46.8434], [27.8859, 46.8239], [27.8695, 46.8399], [27.8722, 46.8584], [27.8459, 46.8655], [27.8329, 46.8635], [27.8297, 46.8535], [27.797, 46.8602], [27.8141, 46.8809], [27.8085, 46.8966], [27.8103, 46.9179], [27.8172, 46.9241], [27.8119, 46.9344], [27.8083, 46.928], [27.7958, 46.9275], [27.7876, 46.9465], [27.7706, 46.9472], [27.7696, 46.9337], [27.7841, 46.9067], [27.7917, 46.8743], [27.7863, 46.8744], [27.7859, 46.8827], [27.7685, 46.8763], [27.7686, 46.8829], [27.7446, 46.9024], [27.733, 46.9223], [27.7247, 46.92], [27.7054, 46.9401], [27.6937, 46.9371], [27.6833, 46.9553], [27.66, 46.9736], [27.6376, 46.9772], [27.6214, 46.9917], [27.6063, 46.9572], [27.6168, 46.95], [27.6076, 46.9465], [27.6182, 46.9395], [27.6162, 46.925], [27.6305, 46.9219], [27.6439, 46.8964], [27.6209, 46.8897], [27.6069, 46.8934], [27.6095, 46.8897], [27.5912, 46.8789], [27.5841, 46.8799], [27.589, 46.8873], [27.571, 46.8889], [27.5683, 46.8775], [27.5473, 46.9143], [27.535, 46.9111], [27.5319, 46.916], [27.52, 46.9145], [27.5218, 46.8914], [27.5331, 46.8821], [27.5158, 46.8752], [27.4865, 46.8751], [27.4896, 46.8696], [27.4755, 46.8664], [27.4717, 46.8712], [27.4599, 46.8624], [27.4548, 46.8694], [27.4245, 46.8625], [27.4171, 46.8746], [27.4021, 46.8759], [27.3981, 46.8936], [27.3725, 46.8922], [27.3644, 46.8826], [27.3386, 46.8749], [27.3364, 46.8677], [27.3112, 46.8631], [27.2848, 46.8759], [27.2513, 46.8676], [27.2485, 46.8762], [27.2263, 46.8681], [27.2233, 46.878], [27.2023, 46.8823], [27.1883, 46.8715]]]}, "properties": {"code": "VS", "name": "Vaslui", "name_1977": "Județul Vaslui", "geometry_basis": "modern_osm", "boundary_note": "", "in_table_II1": 1, "n_metrics": 8, "n_mentions": 3, "damaged_reported": 16810, "damaged_class": "buildings", "damaged_metric": "cm063"}}, {"type": "Feature", "id": "VL", "geometry": {"type": "Polygon", "coordinates": [[[23.5761, 45.4244], [23.5941, 45.4171], [23.5889, 45.4099], [23.6017, 45.3824], [23.5856, 45.3701], [23.5858, 45.3573], [23.6047, 45.3406], [23.626, 45.3339], [23.6463, 45.3502], [23.6856, 45.3281], [23.7085, 45.3344], [23.7267, 45.3274], [23.7967, 45.3538], [23.8411, 45.3325], [23.8452, 45.325], [23.8442, 45.3151], [23.8251, 45.3], [23.7963, 45.261], [23.8106, 45.2376], [23.8082, 45.2295], [23.8175, 45.2076], [23.8399, 45.1922], [23.8555, 45.1508], [23.812, 45.1255], [23.8233, 45.1161], [23.8247, 45.1051], [23.8172, 45.102], [23.8283, 45.0901], [23.8285, 45.0747], [23.7826, 45.0634], [23.7953, 45.0234], [23.7581, 45.0057], [23.7549, 44.9954], [23.7723, 44.9494], [23.7647, 44.9252], [23.7696, 44.9078], [23.7602, 44.8993], [23.7634, 44.8852], [23.7535, 44.8708], [23.7565, 44.8664], [23.7693, 44.8715], [23.7685, 44.865], [23.7796, 44.8628], [23.7851, 44.8499], [23.7817, 44.8383], [23.7959, 44.8167], [23.7871, 44.7985], [23.7761, 44.7969], [23.7705, 44.7816], [23.7808, 44.7594], [23.7771, 44.7229], [23.7856, 44.6931], [23.7807, 44.6887], [23.7918, 44.6747], [23.7874, 44.6375], [23.8166, 44.6476], [23.8271, 44.6364], [23.842, 44.6386], [23.8591, 44.6244], [23.8762, 44.6304], [23.8997, 44.6255], [23.8809, 44.6109], [23.8978, 44.5747], [23.9111, 44.5789], [23.9218, 44.5631], [23.9286, 44.5282], [23.9397, 44.5344], [23.9566, 44.531], [23.9901, 44.5383], [24.0262, 44.5301], [24.0308, 44.5269], [24.0271, 44.5177], [24.0415, 44.5226], [24.0438, 44.5139], [24.0365, 44.5053], [24.0515, 44.5103], [24.0626, 44.4956], [24.0561, 44.4948], [24.0778, 44.4902], [24.092, 44.5109], [24.0867, 44.5143], [24.1161, 44.5243], [24.1175, 44.5381], [24.1296, 44.5408], [24.1451, 44.5565], [24.1555, 44.5585], [24.1625, 44.5523], [24.1721, 44.5563], [24.1851, 44.5461], [24.2066, 44.5546], [24.2589, 44.5489], [24.2532, 44.554], [24.2592, 44.5659], [24.2596, 44.6002], [24.2645, 44.6018], [24.282, 44.6001], [24.2878, 44.5663], [24.3249, 44.5609], [24.3247, 44.6129], [24.3161, 44.6307], [24.3012, 44.6418], [24.2988, 44.6753], [24.2797, 44.7077], [24.2762, 44.7408], [24.2826, 44.7497], [24.2746, 44.7688], [24.2964, 44.7704], [24.2987, 44.7807], [24.3232, 44.7896], [24.3187, 44.7938], [24.3159, 44.7876], [24.3188, 44.8161], [24.3318, 44.8172], [24.3244, 44.8209], [24.3282, 44.8313], [24.3187, 44.8395], [24.342, 44.8535], [24.3332, 44.8698], [24.368, 44.8716], [24.3833, 44.8872], [24.3799, 44.8909], [24.3884, 44.8921], [24.389, 44.9015], [24.4238, 44.8906], [24.4165, 44.855], [24.4381, 44.8454], [24.4627, 44.8618], [24.4723, 44.8744], [24.4633, 44.8747], [24.4801, 44.8991], [24.4635, 44.9042], [24.4636, 44.9134], [24.4692, 44.9245], [24.4998, 44.9454], [24.4823, 44.9542], [24.4687, 44.9483], [24.4811, 44.9759], [24.509, 44.9978], [24.4828, 45.0143], [24.5174, 45.0393], [24.5205, 45.049], [24.4814, 45.0609], [24.4913, 45.0771], [24.5071, 45.085], [24.5064, 45.0926], [24.4974, 45.0913], [24.4983, 45.1004], [24.4875, 45.1053], [24.4965, 45.1066], [24.4926, 45.111], [24.4978, 45.115], [24.5124, 45.1083], [24.5197, 45.1348], [24.4979, 45.1656], [24.5129, 45.1658], [24.5104, 45.175], [24.522, 45.1798], [24.5135, 45.1889], [24.4991, 45.1885], [24.4875, 45.196], [24.501, 45.2048], [24.4845, 45.2127], [24.4759, 45.2091], [24.4693, 45.221], [24.4668, 45.2317], [24.484, 45.2567], [24.4837, 45.2649], [24.4759, 45.2672], [24.4928, 45.2784], [24.4882, 45.2964], [24.4801, 45.296], [24.4922, 45.3155], [24.4861, 45.3311], [24.4726, 45.3295], [24.4728, 45.3577], [24.4661, 45.363], [24.5073, 45.3525], [24.494, 45.3786], [24.5054, 45.3841], [24.491, 45.3993], [24.479, 45.4378], [24.4858, 45.4628], [24.5104, 45.463], [24.525, 45.4752], [24.5279, 45.4968], [24.5119, 45.5175], [24.5405, 45.5357], [24.5231, 45.5806], [24.5115, 45.5868], [24.4814, 45.5725], [24.4777, 45.5816], [24.4614, 45.5809], [24.4461, 45.5909], [24.4323, 45.5812], [24.3867, 45.5839], [24.337, 45.5725], [24.3344, 45.5819], [24.3112, 45.5678], [24.266, 45.5558], [24.2668, 45.5494], [24.2573, 45.5431], [24.2267, 45.5472], [24.205, 45.5236], [24.1188, 45.5088], [24.0803, 45.5123], [24.0113, 45.5319], [24.001, 45.5266], [23.9861, 45.5328], [23.9223, 45.536], [23.8736, 45.5228], [23.8578, 45.535], [23.8042, 45.532], [23.7712, 45.5107], [23.7036, 45.4968], [23.6789, 45.4648], [23.6537, 45.4573], [23.6349, 45.4566], [23.6269, 45.4709], [23.6172, 45.4658], [23.5973, 45.4735], [23.5958, 45.453], [23.5761, 45.4244]]]}, "properties": {"code": "VL", "name": "Vâlcea", "name_1977": "", "geometry_basis": "modern_osm", "boundary_note": "", "in_table_II1": 0, "n_metrics": 0, "n_mentions": 0, "damaged_reported": null, "damaged_class": "", "damaged_metric": ""}}, {"type": "Feature", "id": "VN", "geometry": {"type": "Polygon", "coordinates": [[[26.371, 45.8437], [26.3771, 45.8371], [26.3749, 45.8209], [26.3847, 45.806], [26.4099, 45.7902], [26.4268, 45.7884], [26.441, 45.7764], [26.4434, 45.7516], [26.4357, 45.7397], [26.4668, 45.7193], [26.4672, 45.7046], [26.483, 45.7011], [26.4928, 45.6769], [26.5301, 45.6408], [26.5412, 45.6419], [26.5508, 45.6297], [26.561, 45.6279], [26.5797, 45.6333], [26.5936, 45.6203], [26.6153, 45.628], [26.6478, 45.609], [26.6816, 45.6087], [26.7189, 45.5719], [26.7434, 45.5665], [26.7469, 45.5625], [26.7391, 45.5569], [26.7433, 45.5506], [26.8054, 45.5478], [26.8176, 45.5288], [26.8339, 45.5178], [26.8531, 45.5254], [26.8902, 45.5168], [26.9002, 45.5234], [26.9034, 45.5387], [26.9061, 45.5328], [26.9385, 45.532], [26.9483, 45.5219], [26.9641, 45.5337], [26.9859, 45.5377], [26.9751, 45.532], [27.0022, 45.4849], [27.0182, 45.4781], [27.0454, 45.4526], [27.0899, 45.4459], [27.1093, 45.4749], [27.1273, 45.4663], [27.1362, 45.4656], [27.1402, 45.4728], [27.1583, 45.4652], [27.1429, 45.4513], [27.1204, 45.4477], [27.1067, 45.4385], [27.1127, 45.4348], [27.1041, 45.426], [27.1201, 45.4208], [27.1148, 45.4093], [27.1435, 45.4105], [27.1748, 45.4277], [27.1944, 45.4534], [27.2043, 45.4528], [27.2234, 45.4276], [27.241, 45.4299], [27.2567, 45.4494], [27.2795, 45.4544], [27.2803, 45.4268], [27.2646, 45.4205], [27.27, 45.3902], [27.3396, 45.3835], [27.3366, 45.3713], [27.373, 45.3736], [27.3944, 45.3833], [27.4015, 45.377], [27.4348, 45.3947], [27.4328, 45.4097], [27.5585, 45.4884], [27.5429, 45.4994], [27.537, 45.4939], [27.5269, 45.5002], [27.5418, 45.5092], [27.5245, 45.5196], [27.5283, 45.5485], [27.5043, 45.5632], [27.5101, 45.5767], [27.5363, 45.5811], [27.5188, 45.5902], [27.5152, 45.6046], [27.4976, 45.6069], [27.5134, 45.6155], [27.5131, 45.621], [27.4884, 45.6294], [27.4887, 45.6407], [27.4648, 45.6389], [27.4638, 45.6456], [27.4523, 45.6506], [27.4566, 45.6579], [27.44, 45.6791], [27.4245, 45.6684], [27.4262, 45.6782], [27.4036, 45.6823], [27.3624, 45.7294], [27.354, 45.7469], [27.3556, 45.7591], [27.3386, 45.7838], [27.3423, 45.7883], [27.3197, 45.8055], [27.3033, 45.8451], [27.2901, 45.8601], [27.2792, 45.8569], [27.2792, 45.8706], [27.2487, 45.8727], [27.2524, 45.8824], [27.2828, 45.8863], [27.2419, 45.9469], [27.232, 45.9767], [27.227, 46.0091], [27.2369, 46.0462], [27.2685, 46.0415], [27.2778, 46.0592], [27.2903, 46.0599], [27.2818, 46.0751], [27.2963, 46.0845], [27.3683, 46.0787], [27.3717, 46.0878], [27.4244, 46.0894], [27.4298, 46.0946], [27.422, 46.0992], [27.4227, 46.111], [27.4282, 46.1162], [27.4182, 46.1308], [27.4268, 46.1395], [27.4489, 46.1265], [27.481, 46.1259], [27.4841, 46.1398], [27.5031, 46.1396], [27.4847, 46.1453], [27.4929, 46.1625], [27.4789, 46.1676], [27.4759, 46.1606], [27.4592, 46.1574], [27.448, 46.1842], [27.4157, 46.1893], [27.42, 46.1938], [27.379, 46.1899], [27.381, 46.1651], [27.3746, 46.1574], [27.3518, 46.1525], [27.347, 46.157], [27.3504, 46.1689], [27.3339, 46.1685], [27.3304, 46.1794], [27.3142, 46.1838], [27.318, 46.2028], [27.3066, 46.2062], [27.2627, 46.2004], [27.2699, 46.1832], [27.2458, 46.1779], [27.2394, 46.1783], [27.2355, 46.1896], [27.2217, 46.1914], [27.2007, 46.1793], [27.1904, 46.1867], [27.1858, 46.1719], [27.1732, 46.1813], [27.1646, 46.1747], [27.1702, 46.1696], [27.1236, 46.1475], [27.1272, 46.1378], [27.1401, 46.1342], [27.1332, 46.1206], [27.1361, 46.1145], [27.1319, 46.1171], [27.123, 46.1041], [27.0861, 46.1115], [27.1052, 46.105], [27.1056, 46.0887], [27.0845, 46.0953], [27.0732, 46.0877], [26.9836, 46.1133], [26.9457, 46.0998], [26.9527, 46.0862], [26.9327, 46.0646], [26.8701, 46.0851], [26.8481, 46.0787], [26.845, 46.0714], [26.8071, 46.0658], [26.8012, 46.0758], [26.788, 46.0786], [26.7808, 46.0939], [26.7621, 46.0866], [26.7402, 46.0874], [26.7337, 46.0954], [26.7178, 46.089], [26.7046, 46.0939], [26.6814, 46.0793], [26.6447, 46.0751], [26.6341, 46.0575], [26.5861, 46.0404], [26.5821, 46.0252], [26.5726, 46.0168], [26.5357, 46.0279], [26.5157, 46.0269], [26.4917, 46.0452], [26.4604, 46.0351], [26.44, 46.0389], [26.446, 46.0189], [26.4337, 46.0026], [26.4369, 45.9887], [26.3897, 45.9558], [26.3872, 45.9409], [26.3941, 45.9212], [26.3825, 45.9174], [26.3758, 45.9065], [26.387, 45.8738], [26.371, 45.8437]]]}, "properties": {"code": "VN", "name": "Vrancea", "name_1977": "Județul Vrancea", "geometry_basis": "modern_osm", "boundary_note": "", "in_table_II1": 1, "n_metrics": 2, "n_mentions": 2, "damaged_reported": 5501, "damaged_class": "buildings", "damaged_metric": "cm070"}}, {"type": "Feature", "id": "B", "geometry": {"type": "Polygon", "coordinates": [[[25.9667, 44.4407], [25.9763, 44.4064], [25.9955, 44.4093], [26.0033, 44.4017], [26.0109, 44.4058], [26.0394, 44.3871], [26.033, 44.3832], [26.0458, 44.375], [26.077, 44.3781], [26.0753, 44.372], [26.0881, 44.3692], [26.0955, 44.36], [26.0991, 44.3676], [26.1136, 44.3656], [26.1123, 44.3609], [26.1304, 44.3512], [26.1274, 44.3483], [26.152, 44.3342], [26.1668, 44.3436], [26.1428, 44.3695], [26.157, 44.3918], [26.1619, 44.3983], [26.2121, 44.3951], [26.2085, 44.4051], [26.2181, 44.4075], [26.2256, 44.4324], [26.209, 44.4336], [26.194, 44.4467], [26.1752, 44.4446], [26.1768, 44.4539], [26.1563, 44.455], [26.1849, 44.4791], [26.1106, 44.4907], [26.1044, 44.5016], [26.1087, 44.5059], [26.1029, 44.5088], [26.1007, 44.5414], [26.0777, 44.5371], [26.073, 44.5414], [26.0686, 44.5349], [26.0335, 44.5236], [26.024, 44.5259], [26.0253, 44.5201], [26.0086, 44.5148], [26.0064, 44.4997], [25.9833, 44.498], [25.9878, 44.4921], [25.9761, 44.4656], [26.0134, 44.458], [26.0193, 44.446], [25.9667, 44.4407]]]}, "properties": {"code": "B", "name": "București", "name_1977": "Municipiul București", "geometry_basis": "modern_osm", "boundary_note": "", "in_table_II1": 1, "n_metrics": 8, "n_mentions": 3, "damaged_reported": 35515, "damaged_class": "buildings_incl_social_cultural", "damaged_metric": "cm004"}}]}